# GENERATED by tools/gen-typestore.py — DO NOT HAND-EDIT.
# Byte-exact type-registry bootstrap entities harvested from the reference peer
# (oracle cc1970f) via tools/teeproxy.c. See tools/gen-typestore.py header + A-ASM-006.
# 204 entities (52512 payload bytes).

	.section .rodata
	.globl type_table
	.globl type_table_count

.Ltp0: .asciz "system/type/"
.Ltp1: .asciz "system/type/compute/apply"
.Ltp2: .asciz "system/type/compute/arithmetic"
.Ltp3: .asciz "system/type/compute/closure"
.Ltp4: .asciz "system/type/compute/compare"
.Ltp5: .asciz "system/type/compute/construct"
.Ltp6: .asciz "system/type/compute/error"
.Ltp7: .asciz "system/type/compute/field"
.Ltp8: .asciz "system/type/compute/if"
.Ltp9: .asciz "system/type/compute/index"
.Ltp10: .asciz "system/type/compute/lambda"
.Ltp11: .asciz "system/type/compute/length"
.Ltp12: .asciz "system/type/compute/let"
.Ltp13: .asciz "system/type/compute/literal"
.Ltp14: .asciz "system/type/compute/logic"
.Ltp15: .asciz "system/type/compute/lookup/hash"
.Ltp16: .asciz "system/type/compute/lookup/scope"
.Ltp17: .asciz "system/type/compute/lookup/tree"
.Ltp18: .asciz "system/type/compute/numeric-cast"
.Ltp19: .asciz "system/type/compute/result"
.Ltp20: .asciz "system/type/compute/scope"
.Ltp21: .asciz "system/type/core/entity"
.Ltp22: .asciz "system/type/core/envelope"
.Ltp23: .asciz "system/type/entity"
.Ltp24: .asciz "system/type/primitive/any"
.Ltp25: .asciz "system/type/primitive/bool"
.Ltp26: .asciz "system/type/primitive/bytes"
.Ltp27: .asciz "system/type/primitive/float"
.Ltp28: .asciz "system/type/primitive/int"
.Ltp29: .asciz "system/type/primitive/null"
.Ltp30: .asciz "system/type/primitive/string"
.Ltp31: .asciz "system/type/primitive/uint"
.Ltp32: .asciz "system/type/system/bounds"
.Ltp33: .asciz "system/type/system/capability/delegate-request"
.Ltp34: .asciz "system/type/system/capability/delegation-caveats"
.Ltp35: .asciz "system/type/system/capability/grant"
.Ltp36: .asciz "system/type/system/capability/grant-entry"
.Ltp37: .asciz "system/type/system/capability/id-scope"
.Ltp38: .asciz "system/type/system/capability/multi-granter"
.Ltp39: .asciz "system/type/system/capability/path-scope"
.Ltp40: .asciz "system/type/system/capability/policy-entry"
.Ltp41: .asciz "system/type/system/capability/request"
.Ltp42: .asciz "system/type/system/capability/revocation"
.Ltp43: .asciz "system/type/system/capability/revoke-request"
.Ltp44: .asciz "system/type/system/capability/token"
.Ltp45: .asciz "system/type/system/clock/compare-params"
.Ltp46: .asciz "system/type/system/clock/compare-result"
.Ltp47: .asciz "system/type/system/clock/config"
.Ltp48: .asciz "system/type/system/clock/hlc"
.Ltp49: .asciz "system/type/system/clock/logical"
.Ltp50: .asciz "system/type/system/clock/state"
.Ltp51: .asciz "system/type/system/clock/tick"
.Ltp52: .asciz "system/type/system/clock/timestamp"
.Ltp53: .asciz "system/type/system/clock/vector"
.Ltp54: .asciz "system/type/system/compute/filter-args"
.Ltp55: .asciz "system/type/system/compute/fold-args"
.Ltp56: .asciz "system/type/system/compute/install-request"
.Ltp57: .asciz "system/type/system/compute/install-result"
.Ltp58: .asciz "system/type/system/compute/map-args"
.Ltp59: .asciz "system/type/system/compute/scope-binding"
.Ltp60: .asciz "system/type/system/compute/store-args"
.Ltp61: .asciz "system/type/system/compute/subgraph"
.Ltp62: .asciz "system/type/system/content/blob"
.Ltp63: .asciz "system/type/system/content/chunk"
.Ltp64: .asciz "system/type/system/content/descriptor"
.Ltp65: .asciz "system/type/system/continuation"
.Ltp66: .asciz "system/type/system/continuation/abandon-request"
.Ltp67: .asciz "system/type/system/continuation/advance-request"
.Ltp68: .asciz "system/type/system/continuation/install-result"
.Ltp69: .asciz "system/type/system/continuation/join"
.Ltp70: .asciz "system/type/system/continuation/resume-request"
.Ltp71: .asciz "system/type/system/continuation/suspended"
.Ltp72: .asciz "system/type/system/continuation/transform"
.Ltp73: .asciz "system/type/system/continuation/transform-op"
.Ltp74: .asciz "system/type/system/deletion-marker"
.Ltp75: .asciz "system/type/system/delivery-spec"
.Ltp76: .asciz "system/type/system/discovery/announce-request"
.Ltp77: .asciz "system/type/system/discovery/announce-stop-request"
.Ltp78: .asciz "system/type/system/discovery/candidate"
.Ltp79: .asciz "system/type/system/discovery/decision"
.Ltp80: .asciz "system/type/system/discovery/identity-claim"
.Ltp81: .asciz "system/type/system/discovery/scan-request"
.Ltp82: .asciz "system/type/system/discovery/scan-result"
.Ltp83: .asciz "system/type/system/durability-advertisement"
.Ltp84: .asciz "system/type/system/durability-request"
.Ltp85: .asciz "system/type/system/durability-result"
.Ltp86: .asciz "system/type/system/encrypted"
.Ltp87: .asciz "system/type/system/encryption-pubkey"
.Ltp88: .asciz "system/type/system/encryption/handoff"
.Ltp89: .asciz "system/type/system/encryption/kdf-params"
.Ltp90: .asciz "system/type/system/encryption/key-backup"
.Ltp91: .asciz "system/type/system/encryption/revocation"
.Ltp92: .asciz "system/type/system/encryption/wrapped-key"
.Ltp93: .asciz "system/type/system/envelope"
.Ltp94: .asciz "system/type/system/handler"
.Ltp95: .asciz "system/type/system/handler/interface"
.Ltp96: .asciz "system/type/system/handler/manifest"
.Ltp97: .asciz "system/type/system/handler/operation-spec"
.Ltp98: .asciz "system/type/system/handler/register-request"
.Ltp99: .asciz "system/type/system/handler/register-result"
.Ltp100: .asciz "system/type/system/hash"
.Ltp101: .asciz "system/type/system/note"
.Ltp102: .asciz "system/type/system/peer"
.Ltp103: .asciz "system/type/system/peer-id"
.Ltp104: .asciz "system/type/system/peer/inbox-relay"
.Ltp105: .asciz "system/type/system/peer/inbox-relay-entry"
.Ltp106: .asciz "system/type/system/peer/published-root"
.Ltp107: .asciz "system/type/system/peer/transport/http-poll"
.Ltp108: .asciz "system/type/system/protocol/connect/authenticate"
.Ltp109: .asciz "system/type/system/protocol/connect/hello"
.Ltp110: .asciz "system/type/system/protocol/envelope"
.Ltp111: .asciz "system/type/system/protocol/error"
.Ltp112: .asciz "system/type/system/protocol/execute"
.Ltp113: .asciz "system/type/system/protocol/execute/response"
.Ltp114: .asciz "system/type/system/protocol/inbox/delivery"
.Ltp115: .asciz "system/type/system/protocol/inbox/notification"
.Ltp116: .asciz "system/type/system/protocol/resource-target"
.Ltp117: .asciz "system/type/system/query/allowances"
.Ltp118: .asciz "system/type/system/query/constraints"
.Ltp119: .asciz "system/type/system/query/expression"
.Ltp120: .asciz "system/type/system/query/field-predicate"
.Ltp121: .asciz "system/type/system/query/index-config"
.Ltp122: .asciz "system/type/system/query/match"
.Ltp123: .asciz "system/type/system/query/result"
.Ltp124: .asciz "system/type/system/registry/binding"
.Ltp125: .asciz "system/type/system/registry/dispatch-entry"
.Ltp126: .asciz "system/type/system/registry/invalidate-cache-request"
.Ltp127: .asciz "system/type/system/registry/issuer-policy"
.Ltp128: .asciz "system/type/system/registry/local-name-config"
.Ltp129: .asciz "system/type/system/registry/local-name/bind-request"
.Ltp130: .asciz "system/type/system/registry/local-name/bind-result"
.Ltp131: .asciz "system/type/system/registry/local-name/list-entry"
.Ltp132: .asciz "system/type/system/registry/local-name/list-request"
.Ltp133: .asciz "system/type/system/registry/local-name/list-result"
.Ltp134: .asciz "system/type/system/registry/local-name/unbind-request"
.Ltp135: .asciz "system/type/system/registry/local-name/update-transports-request"
.Ltp136: .asciz "system/type/system/registry/pinned-entry"
.Ltp137: .asciz "system/type/system/registry/register-request"
.Ltp138: .asciz "system/type/system/registry/renew-request"
.Ltp139: .asciz "system/type/system/registry/resolution-log"
.Ltp140: .asciz "system/type/system/registry/resolution-result"
.Ltp141: .asciz "system/type/system/registry/resolve-request"
.Ltp142: .asciz "system/type/system/registry/resolver-chain-entry"
.Ltp143: .asciz "system/type/system/registry/resolver-config"
.Ltp144: .asciz "system/type/system/registry/revocation"
.Ltp145: .asciz "system/type/system/registry/revoke-request"
.Ltp146: .asciz "system/type/system/relay/advertise"
.Ltp147: .asciz "system/type/system/relay/advertise-limits"
.Ltp148: .asciz "system/type/system/relay/forward-request"
.Ltp149: .asciz "system/type/system/relay/forward-result"
.Ltp150: .asciz "system/type/system/relay/poll-request"
.Ltp151: .asciz "system/type/system/relay/poll-result"
.Ltp152: .asciz "system/type/system/relay/put-result"
.Ltp153: .asciz "system/type/system/relay/store-entry"
.Ltp154: .asciz "system/type/system/resource-limits"
.Ltp155: .asciz "system/type/system/route"
.Ltp156: .asciz "system/type/system/signature"
.Ltp157: .asciz "system/type/system/subscription"
.Ltp158: .asciz "system/type/system/subscription/cancel"
.Ltp159: .asciz "system/type/system/subscription/limits"
.Ltp160: .asciz "system/type/system/subscription/redirect"
.Ltp161: .asciz "system/type/system/subscription/request"
.Ltp162: .asciz "system/type/system/substitute/endpoint"
.Ltp163: .asciz "system/type/system/substitute/snapshot-manifest"
.Ltp164: .asciz "system/type/system/substitute/source"
.Ltp165: .asciz "system/type/system/substitute/try-request"
.Ltp166: .asciz "system/type/system/tree/get-request"
.Ltp167: .asciz "system/type/system/tree/listing"
.Ltp168: .asciz "system/type/system/tree/listing-entry"
.Ltp169: .asciz "system/type/system/tree/path"
.Ltp170: .asciz "system/type/system/tree/put-request"
.Ltp171: .asciz "system/type/system/type"
.Ltp172: .asciz "system/type/system/type/adopt-request"
.Ltp173: .asciz "system/type/system/type/compare-request"
.Ltp174: .asciz "system/type/system/type/compare-result"
.Ltp175: .asciz "system/type/system/type/compatibility-report"
.Ltp176: .asciz "system/type/system/type/compatible-request"
.Ltp177: .asciz "system/type/system/type/constraint/format"
.Ltp178: .asciz "system/type/system/type/constraint/max"
.Ltp179: .asciz "system/type/system/type/constraint/max-count"
.Ltp180: .asciz "system/type/system/type/constraint/max-length"
.Ltp181: .asciz "system/type/system/type/constraint/min"
.Ltp182: .asciz "system/type/system/type/constraint/min-count"
.Ltp183: .asciz "system/type/system/type/constraint/min-length"
.Ltp184: .asciz "system/type/system/type/constraint/not-one-of"
.Ltp185: .asciz "system/type/system/type/constraint/one-of"
.Ltp186: .asciz "system/type/system/type/constraint/pattern"
.Ltp187: .asciz "system/type/system/type/constraint/type-pattern"
.Ltp188: .asciz "system/type/system/type/constraint/validate-request"
.Ltp189: .asciz "system/type/system/type/constraint/validate-result"
.Ltp190: .asciz "system/type/system/type/converge-request"
.Ltp191: .asciz "system/type/system/type/field-comparison"
.Ltp192: .asciz "system/type/system/type/field-incompatibility"
.Ltp193: .asciz "system/type/system/type/field-spec"
.Ltp194: .asciz "system/type/system/type/name"
.Ltp195: .asciz "system/type/system/type/reconcile-request"
.Ltp196: .asciz "system/type/system/type/reconcile-result"
.Ltp197: .asciz "system/type/system/type/validate-request"
.Ltp198: .asciz "system/type/system/type/validate-result"
.Ltp199: .asciz "system/type/system/type/violation"
.Ltp200: .asciz "system/handler/"
.Ltp201: .asciz "system/handler/system/protocol/connect"
.Ltp202: .asciz "system/handler/system/tree"
.Ltp203: .asciz "system/handler/system/capability"

	.balign 1
.Ltb0:
	.byte 0xa3,0x64,0x64,0x61,0x74,0x61,0xa4,0x64,0x70,0x61,0x74,0x68,0x6c,0x73,0x79,0x73
	.byte 0x74,0x65,0x6d,0x2f,0x74,0x79,0x70,0x65,0x2f,0x65,0x63,0x6f,0x75,0x6e,0x74,0x07
	.byte 0x66,0x6f,0x66,0x66,0x73,0x65,0x74,0x00,0x67,0x65,0x6e,0x74,0x72,0x69,0x65,0x73
	.byte 0xa7,0x64,0x63,0x6f,0x72,0x65,0xa2,0x64,0x68,0x61,0x73,0x68,0xf6,0x6c,0x68,0x61
	.byte 0x73,0x5f,0x63,0x68,0x69,0x6c,0x64,0x72,0x65,0x6e,0xf5,0x65,0x6c,0x6f,0x63,0x61
	.byte 0x6c,0xa2,0x64,0x68,0x61,0x73,0x68,0xf6,0x6c,0x68,0x61,0x73,0x5f,0x63,0x68,0x69
	.byte 0x6c,0x64,0x72,0x65,0x6e,0xf5,0x66,0x65,0x6e,0x74,0x69,0x74,0x79,0xa2,0x64,0x68
	.byte 0x61,0x73,0x68,0x58,0x21,0x00,0x49,0x36,0x69,0x44,0x60,0x20,0x01,0x3d,0xc1,0x5b
	.byte 0x78,0xc5,0x53,0x49,0x76,0x5a,0x6d,0x39,0xa7,0x97,0xf5,0x84,0xdf,0x61,0x7f,0x48
	.byte 0xab,0x3c,0x75,0x7d,0x4b,0xec,0x6c,0x68,0x61,0x73,0x5f,0x63,0x68,0x69,0x6c,0x64
	.byte 0x72,0x65,0x6e,0xf4,0x66,0x73,0x79,0x73,0x74,0x65,0x6d,0xa2,0x64,0x68,0x61,0x73
	.byte 0x68,0xf6,0x6c,0x68,0x61,0x73,0x5f,0x63,0x68,0x69,0x6c,0x64,0x72,0x65,0x6e,0xf5
	.byte 0x67,0x63,0x6f,0x6d,0x70,0x75,0x74,0x65,0xa2,0x64,0x68,0x61,0x73,0x68,0xf6,0x6c
	.byte 0x68,0x61,0x73,0x5f,0x63,0x68,0x69,0x6c,0x64,0x72,0x65,0x6e,0xf5,0x69,0x70,0x72
	.byte 0x69,0x6d,0x69,0x74,0x69,0x76,0x65,0xa2,0x64,0x68,0x61,0x73,0x68,0xf6,0x6c,0x68
	.byte 0x61,0x73,0x5f,0x63,0x68,0x69,0x6c,0x64,0x72,0x65,0x6e,0xf5,0x6a,0x63,0x6f,0x6e
	.byte 0x73,0x74,0x72,0x61,0x69,0x6e,0x74,0xa2,0x64,0x68,0x61,0x73,0x68,0x58,0x21,0x00
	.byte 0x70,0x5d,0x3d,0x78,0x32,0x2d,0x7b,0x6d,0x99,0x68,0xc4,0x3f,0xa4,0x7f,0x56,0xd9
	.byte 0x5a,0xb9,0x08,0x54,0x0f,0x89,0xc7,0xed,0x2d,0xae,0x23,0x06,0x96,0x99,0x79,0x74
	.byte 0x6c,0x68,0x61,0x73,0x5f,0x63,0x68,0x69,0x6c,0x64,0x72,0x65,0x6e,0xf4,0x64,0x74
	.byte 0x79,0x70,0x65,0x73,0x73,0x79,0x73,0x74,0x65,0x6d,0x2f,0x74,0x72,0x65,0x65,0x2f
	.byte 0x6c,0x69,0x73,0x74,0x69,0x6e,0x67,0x6c,0x63,0x6f,0x6e,0x74,0x65,0x6e,0x74,0x5f
	.byte 0x68,0x61,0x73,0x68,0x58,0x21,0x00,0x45,0xb3,0x03,0xe8,0x52,0x6a,0x2b,0xc1,0x14
	.byte 0xfc,0xbe,0xb1,0xe3,0xef,0x8b,0xde,0xc5,0x19,0x6e,0x6a,0xf3,0x9c,0xfc,0xa1,0xe7
	.byte 0xbf,0x9a,0xe0,0x27,0xaf,0x89,0x3d
.Ltb1:
	.byte 0xa3,0x64,0x64,0x61,0x74,0x61,0xa2,0x64,0x6e,0x61,0x6d,0x65,0x6d,0x63,0x6f,0x6d
	.byte 0x70,0x75,0x74,0x65,0x2f,0x61,0x70,0x70,0x6c,0x79,0x66,0x66,0x69,0x65,0x6c,0x64
	.byte 0x73,0xa6,0x62,0x66,0x6e,0xa2,0x68,0x6f,0x70,0x74,0x69,0x6f,0x6e,0x61,0x6c,0xf5
	.byte 0x68,0x74,0x79,0x70,0x65,0x5f,0x72,0x65,0x66,0x6b,0x73,0x79,0x73,0x74,0x65,0x6d
	.byte 0x2f,0x68,0x61,0x73,0x68,0x64,0x61,0x72,0x67,0x73,0xa2,0x66,0x6d,0x61,0x70,0x5f
	.byte 0x6f,0x66,0xa1,0x68,0x74,0x79,0x70,0x65,0x5f,0x72,0x65,0x66,0x6b,0x73,0x79,0x73
	.byte 0x74,0x65,0x6d,0x2f,0x68,0x61,0x73,0x68,0x68,0x6f,0x70,0x74,0x69,0x6f,0x6e,0x61
	.byte 0x6c,0xf5,0x64,0x70,0x61,0x74,0x68,0xa2,0x68,0x6f,0x70,0x74,0x69,0x6f,0x6e,0x61
	.byte 0x6c,0xf5,0x68,0x74,0x79,0x70,0x65,0x5f,0x72,0x65,0x66,0x70,0x73,0x79,0x73,0x74
	.byte 0x65,0x6d,0x2f,0x74,0x72,0x65,0x65,0x2f,0x70,0x61,0x74,0x68,0x68,0x72,0x65,0x73
	.byte 0x6f,0x75,0x72,0x63,0x65,0xa2,0x68,0x6f,0x70,0x74,0x69,0x6f,0x6e,0x61,0x6c,0xf5
	.byte 0x68,0x74,0x79,0x70,0x65,0x5f,0x72,0x65,0x66,0x6b,0x73,0x79,0x73,0x74,0x65,0x6d
	.byte 0x2f,0x68,0x61,0x73,0x68,0x69,0x6f,0x70,0x65,0x72,0x61,0x74,0x69,0x6f,0x6e,0xa2
	.byte 0x68,0x6f,0x70,0x74,0x69,0x6f,0x6e,0x61,0x6c,0xf5,0x68,0x74,0x79,0x70,0x65,0x5f
	.byte 0x72,0x65,0x66,0x70,0x70,0x72,0x69,0x6d,0x69,0x74,0x69,0x76,0x65,0x2f,0x73,0x74
	.byte 0x72,0x69,0x6e,0x67,0x6a,0x63,0x61,0x70,0x61,0x62,0x69,0x6c,0x69,0x74,0x79,0xa2
	.byte 0x68,0x6f,0x70,0x74,0x69,0x6f,0x6e,0x61,0x6c,0xf5,0x68,0x74,0x79,0x70,0x65,0x5f
	.byte 0x72,0x65,0x66,0x6b,0x73,0x79,0x73,0x74,0x65,0x6d,0x2f,0x68,0x61,0x73,0x68,0x64
	.byte 0x74,0x79,0x70,0x65,0x6b,0x73,0x79,0x73,0x74,0x65,0x6d,0x2f,0x74,0x79,0x70,0x65
	.byte 0x6c,0x63,0x6f,0x6e,0x74,0x65,0x6e,0x74,0x5f,0x68,0x61,0x73,0x68,0x58,0x21,0x00
	.byte 0x84,0xed,0xc4,0x7d,0x83,0x74,0x76,0x32,0x6a,0xf9,0xbf,0x5b,0x41,0xc6,0x94,0xbc
	.byte 0x2b,0x38,0xcf,0x23,0xeb,0x28,0x21,0x10,0x22,0xd4,0x8b,0xc2,0x70,0xa6,0xad,0xfa
.Ltb2:
	.byte 0xa3,0x64,0x64,0x61,0x74,0x61,0xa2,0x64,0x6e,0x61,0x6d,0x65,0x72,0x63,0x6f,0x6d
	.byte 0x70,0x75,0x74,0x65,0x2f,0x61,0x72,0x69,0x74,0x68,0x6d,0x65,0x74,0x69,0x63,0x66
	.byte 0x66,0x69,0x65,0x6c,0x64,0x73,0xa3,0x62,0x6f,0x70,0xa1,0x68,0x74,0x79,0x70,0x65
	.byte 0x5f,0x72,0x65,0x66,0x70,0x70,0x72,0x69,0x6d,0x69,0x74,0x69,0x76,0x65,0x2f,0x73
	.byte 0x74,0x72,0x69,0x6e,0x67,0x64,0x6c,0x65,0x66,0x74,0xa1,0x68,0x74,0x79,0x70,0x65
	.byte 0x5f,0x72,0x65,0x66,0x6b,0x73,0x79,0x73,0x74,0x65,0x6d,0x2f,0x68,0x61,0x73,0x68
	.byte 0x65,0x72,0x69,0x67,0x68,0x74,0xa1,0x68,0x74,0x79,0x70,0x65,0x5f,0x72,0x65,0x66
	.byte 0x6b,0x73,0x79,0x73,0x74,0x65,0x6d,0x2f,0x68,0x61,0x73,0x68,0x64,0x74,0x79,0x70
	.byte 0x65,0x6b,0x73,0x79,0x73,0x74,0x65,0x6d,0x2f,0x74,0x79,0x70,0x65,0x6c,0x63,0x6f
	.byte 0x6e,0x74,0x65,0x6e,0x74,0x5f,0x68,0x61,0x73,0x68,0x58,0x21,0x00,0xde,0x0a,0x89
	.byte 0x69,0x87,0xd0,0x63,0x3a,0xbc,0x86,0xed,0xe2,0x5c,0x67,0xe3,0xd0,0x62,0x12,0x40
	.byte 0x10,0xcc,0xfa,0xab,0x00,0x30,0xa5,0xc1,0x7f,0xed,0x1e,0xaa,0x29
.Ltb3:
	.byte 0xa3,0x64,0x64,0x61,0x74,0x61,0xa2,0x64,0x6e,0x61,0x6d,0x65,0x6f,0x63,0x6f,0x6d
	.byte 0x70,0x75,0x74,0x65,0x2f,0x63,0x6c,0x6f,0x73,0x75,0x72,0x65,0x66,0x66,0x69,0x65
	.byte 0x6c,0x64,0x73,0xa3,0x63,0x65,0x6e,0x76,0xa2,0x68,0x6f,0x70,0x74,0x69,0x6f,0x6e
	.byte 0x61,0x6c,0xf5,0x68,0x74,0x79,0x70,0x65,0x5f,0x72,0x65,0x66,0x6b,0x73,0x79,0x73
	.byte 0x74,0x65,0x6d,0x2f,0x68,0x61,0x73,0x68,0x64,0x62,0x6f,0x64,0x79,0xa1,0x68,0x74
	.byte 0x79,0x70,0x65,0x5f,0x72,0x65,0x66,0x6b,0x73,0x79,0x73,0x74,0x65,0x6d,0x2f,0x68
	.byte 0x61,0x73,0x68,0x66,0x70,0x61,0x72,0x61,0x6d,0x73,0xa1,0x68,0x61,0x72,0x72,0x61
	.byte 0x79,0x5f,0x6f,0x66,0xa1,0x68,0x74,0x79,0x70,0x65,0x5f,0x72,0x65,0x66,0x70,0x70
	.byte 0x72,0x69,0x6d,0x69,0x74,0x69,0x76,0x65,0x2f,0x73,0x74,0x72,0x69,0x6e,0x67,0x64
	.byte 0x74,0x79,0x70,0x65,0x6b,0x73,0x79,0x73,0x74,0x65,0x6d,0x2f,0x74,0x79,0x70,0x65
	.byte 0x6c,0x63,0x6f,0x6e,0x74,0x65,0x6e,0x74,0x5f,0x68,0x61,0x73,0x68,0x58,0x21,0x00
	.byte 0xa7,0xf6,0x8e,0xb7,0xbf,0x4d,0xd9,0x91,0x60,0x3a,0x25,0x8b,0x47,0x91,0x49,0xb6
	.byte 0x5c,0x60,0x20,0xc9,0xa9,0x2b,0x74,0x10,0x5a,0xbf,0x5f,0x6c,0xb9,0xc2,0xdc,0x21
.Ltb4:
	.byte 0xa3,0x64,0x64,0x61,0x74,0x61,0xa2,0x64,0x6e,0x61,0x6d,0x65,0x6f,0x63,0x6f,0x6d
	.byte 0x70,0x75,0x74,0x65,0x2f,0x63,0x6f,0x6d,0x70,0x61,0x72,0x65,0x66,0x66,0x69,0x65
	.byte 0x6c,0x64,0x73,0xa3,0x62,0x6f,0x70,0xa1,0x68,0x74,0x79,0x70,0x65,0x5f,0x72,0x65
	.byte 0x66,0x70,0x70,0x72,0x69,0x6d,0x69,0x74,0x69,0x76,0x65,0x2f,0x73,0x74,0x72,0x69
	.byte 0x6e,0x67,0x64,0x6c,0x65,0x66,0x74,0xa1,0x68,0x74,0x79,0x70,0x65,0x5f,0x72,0x65
	.byte 0x66,0x6b,0x73,0x79,0x73,0x74,0x65,0x6d,0x2f,0x68,0x61,0x73,0x68,0x65,0x72,0x69
	.byte 0x67,0x68,0x74,0xa1,0x68,0x74,0x79,0x70,0x65,0x5f,0x72,0x65,0x66,0x6b,0x73,0x79
	.byte 0x73,0x74,0x65,0x6d,0x2f,0x68,0x61,0x73,0x68,0x64,0x74,0x79,0x70,0x65,0x6b,0x73
	.byte 0x79,0x73,0x74,0x65,0x6d,0x2f,0x74,0x79,0x70,0x65,0x6c,0x63,0x6f,0x6e,0x74,0x65
	.byte 0x6e,0x74,0x5f,0x68,0x61,0x73,0x68,0x58,0x21,0x00,0x3a,0x6e,0x24,0xab,0xdf,0xe0
	.byte 0x7e,0xc9,0xaf,0x7f,0x8c,0x04,0x9e,0x1f,0xf6,0x93,0x0b,0x80,0x25,0x08,0xb2,0x78
	.byte 0x0d,0x2b,0x69,0x32,0x8b,0xdc,0x00,0x29,0x90,0x87
.Ltb5:
	.byte 0xa3,0x64,0x64,0x61,0x74,0x61,0xa2,0x64,0x6e,0x61,0x6d,0x65,0x71,0x63,0x6f,0x6d
	.byte 0x70,0x75,0x74,0x65,0x2f,0x63,0x6f,0x6e,0x73,0x74,0x72,0x75,0x63,0x74,0x66,0x66
	.byte 0x69,0x65,0x6c,0x64,0x73,0xa2,0x66,0x66,0x69,0x65,0x6c,0x64,0x73,0xa1,0x66,0x6d
	.byte 0x61,0x70,0x5f,0x6f,0x66,0xa1,0x68,0x74,0x79,0x70,0x65,0x5f,0x72,0x65,0x66,0x6b
	.byte 0x73,0x79,0x73,0x74,0x65,0x6d,0x2f,0x68,0x61,0x73,0x68,0x6b,0x65,0x6e,0x74,0x69
	.byte 0x74,0x79,0x5f,0x74,0x79,0x70,0x65,0xa1,0x68,0x74,0x79,0x70,0x65,0x5f,0x72,0x65
	.byte 0x66,0x70,0x73,0x79,0x73,0x74,0x65,0x6d,0x2f,0x74,0x79,0x70,0x65,0x2f,0x6e,0x61
	.byte 0x6d,0x65,0x64,0x74,0x79,0x70,0x65,0x6b,0x73,0x79,0x73,0x74,0x65,0x6d,0x2f,0x74
	.byte 0x79,0x70,0x65,0x6c,0x63,0x6f,0x6e,0x74,0x65,0x6e,0x74,0x5f,0x68,0x61,0x73,0x68
	.byte 0x58,0x21,0x00,0x6e,0xb0,0x04,0x44,0x19,0x55,0xdd,0xba,0xd0,0xf1,0xe0,0xd0,0x8e
	.byte 0xd4,0x73,0x5c,0x1c,0xfd,0x54,0x3f,0xce,0x27,0xb1,0x02,0xcc,0x66,0xb2,0xa3,0x86
	.byte 0xb1,0xc4,0xff
.Ltb6:
	.byte 0xa3,0x64,0x64,0x61,0x74,0x61,0xa2,0x64,0x6e,0x61,0x6d,0x65,0x6d,0x63,0x6f,0x6d
	.byte 0x70,0x75,0x74,0x65,0x2f,0x65,0x72,0x72,0x6f,0x72,0x66,0x66,0x69,0x65,0x6c,0x64
	.byte 0x73,0xa4,0x62,0x61,0x74,0xa2,0x68,0x6f,0x70,0x74,0x69,0x6f,0x6e,0x61,0x6c,0xf5
	.byte 0x68,0x74,0x79,0x70,0x65,0x5f,0x72,0x65,0x66,0x70,0x70,0x72,0x69,0x6d,0x69,0x74
	.byte 0x69,0x76,0x65,0x2f,0x73,0x74,0x72,0x69,0x6e,0x67,0x64,0x63,0x6f,0x64,0x65,0xa1
	.byte 0x68,0x74,0x79,0x70,0x65,0x5f,0x72,0x65,0x66,0x70,0x70,0x72,0x69,0x6d,0x69,0x74
	.byte 0x69,0x76,0x65,0x2f,0x73,0x74,0x72,0x69,0x6e,0x67,0x67,0x6d,0x65,0x73,0x73,0x61
	.byte 0x67,0x65,0xa1,0x68,0x74,0x79,0x70,0x65,0x5f,0x72,0x65,0x66,0x70,0x70,0x72,0x69
	.byte 0x6d,0x69,0x74,0x69,0x76,0x65,0x2f,0x73,0x74,0x72,0x69,0x6e,0x67,0x6a,0x65,0x78
	.byte 0x70,0x72,0x65,0x73,0x73,0x69,0x6f,0x6e,0xa2,0x68,0x6f,0x70,0x74,0x69,0x6f,0x6e
	.byte 0x61,0x6c,0xf5,0x68,0x74,0x79,0x70,0x65,0x5f,0x72,0x65,0x66,0x6b,0x73,0x79,0x73
	.byte 0x74,0x65,0x6d,0x2f,0x68,0x61,0x73,0x68,0x64,0x74,0x79,0x70,0x65,0x6b,0x73,0x79
	.byte 0x73,0x74,0x65,0x6d,0x2f,0x74,0x79,0x70,0x65,0x6c,0x63,0x6f,0x6e,0x74,0x65,0x6e
	.byte 0x74,0x5f,0x68,0x61,0x73,0x68,0x58,0x21,0x00,0x5d,0xe2,0x32,0xab,0xbf,0x42,0x61
	.byte 0xea,0x00,0x0d,0xee,0xa8,0x10,0x30,0x9f,0x15,0xbe,0x7c,0xcc,0x91,0xf3,0x93,0xda
	.byte 0x8d,0xce,0x86,0xc3,0xe5,0xcf,0x34,0xd4,0x76
.Ltb7:
	.byte 0xa3,0x64,0x64,0x61,0x74,0x61,0xa2,0x64,0x6e,0x61,0x6d,0x65,0x6d,0x63,0x6f,0x6d
	.byte 0x70,0x75,0x74,0x65,0x2f,0x66,0x69,0x65,0x6c,0x64,0x66,0x66,0x69,0x65,0x6c,0x64
	.byte 0x73,0xa2,0x64,0x6e,0x61,0x6d,0x65,0xa1,0x68,0x74,0x79,0x70,0x65,0x5f,0x72,0x65
	.byte 0x66,0x70,0x70,0x72,0x69,0x6d,0x69,0x74,0x69,0x76,0x65,0x2f,0x73,0x74,0x72,0x69
	.byte 0x6e,0x67,0x66,0x65,0x6e,0x74,0x69,0x74,0x79,0xa1,0x68,0x74,0x79,0x70,0x65,0x5f
	.byte 0x72,0x65,0x66,0x6b,0x73,0x79,0x73,0x74,0x65,0x6d,0x2f,0x68,0x61,0x73,0x68,0x64
	.byte 0x74,0x79,0x70,0x65,0x6b,0x73,0x79,0x73,0x74,0x65,0x6d,0x2f,0x74,0x79,0x70,0x65
	.byte 0x6c,0x63,0x6f,0x6e,0x74,0x65,0x6e,0x74,0x5f,0x68,0x61,0x73,0x68,0x58,0x21,0x00
	.byte 0xa3,0xeb,0xe6,0x41,0xfd,0xeb,0x76,0xb0,0x61,0xfd,0x68,0xe7,0x8c,0x79,0xd0,0x1a
	.byte 0x8a,0x65,0xe6,0x91,0xfe,0xbe,0xc8,0x3b,0xa1,0x09,0x2b,0xbd,0x99,0x3d,0x9f,0xa4
.Ltb8:
	.byte 0xa3,0x64,0x64,0x61,0x74,0x61,0xa2,0x64,0x6e,0x61,0x6d,0x65,0x6a,0x63,0x6f,0x6d
	.byte 0x70,0x75,0x74,0x65,0x2f,0x69,0x66,0x66,0x66,0x69,0x65,0x6c,0x64,0x73,0xa3,0x64
	.byte 0x65,0x6c,0x73,0x65,0xa2,0x68,0x6f,0x70,0x74,0x69,0x6f,0x6e,0x61,0x6c,0xf5,0x68
	.byte 0x74,0x79,0x70,0x65,0x5f,0x72,0x65,0x66,0x6b,0x73,0x79,0x73,0x74,0x65,0x6d,0x2f
	.byte 0x68,0x61,0x73,0x68,0x64,0x74,0x68,0x65,0x6e,0xa1,0x68,0x74,0x79,0x70,0x65,0x5f
	.byte 0x72,0x65,0x66,0x6b,0x73,0x79,0x73,0x74,0x65,0x6d,0x2f,0x68,0x61,0x73,0x68,0x69
	.byte 0x63,0x6f,0x6e,0x64,0x69,0x74,0x69,0x6f,0x6e,0xa1,0x68,0x74,0x79,0x70,0x65,0x5f
	.byte 0x72,0x65,0x66,0x6b,0x73,0x79,0x73,0x74,0x65,0x6d,0x2f,0x68,0x61,0x73,0x68,0x64
	.byte 0x74,0x79,0x70,0x65,0x6b,0x73,0x79,0x73,0x74,0x65,0x6d,0x2f,0x74,0x79,0x70,0x65
	.byte 0x6c,0x63,0x6f,0x6e,0x74,0x65,0x6e,0x74,0x5f,0x68,0x61,0x73,0x68,0x58,0x21,0x00
	.byte 0xf7,0x23,0x26,0x58,0xf0,0xd5,0xb1,0x83,0x2f,0xb3,0x1d,0xf3,0x87,0x71,0x77,0xf3
	.byte 0x68,0x63,0x3c,0xbd,0xf1,0x1f,0xfe,0x6b,0x3f,0x0e,0xad,0x61,0xdc,0x92,0x7e,0x70
.Ltb9:
	.byte 0xa3,0x64,0x64,0x61,0x74,0x61,0xa2,0x64,0x6e,0x61,0x6d,0x65,0x6d,0x63,0x6f,0x6d
	.byte 0x70,0x75,0x74,0x65,0x2f,0x69,0x6e,0x64,0x65,0x78,0x66,0x66,0x69,0x65,0x6c,0x64
	.byte 0x73,0xa2,0x65,0x61,0x72,0x72,0x61,0x79,0xa1,0x68,0x74,0x79,0x70,0x65,0x5f,0x72
	.byte 0x65,0x66,0x6b,0x73,0x79,0x73,0x74,0x65,0x6d,0x2f,0x68,0x61,0x73,0x68,0x65,0x69
	.byte 0x6e,0x64,0x65,0x78,0xa1,0x68,0x74,0x79,0x70,0x65,0x5f,0x72,0x65,0x66,0x6b,0x73
	.byte 0x79,0x73,0x74,0x65,0x6d,0x2f,0x68,0x61,0x73,0x68,0x64,0x74,0x79,0x70,0x65,0x6b
	.byte 0x73,0x79,0x73,0x74,0x65,0x6d,0x2f,0x74,0x79,0x70,0x65,0x6c,0x63,0x6f,0x6e,0x74
	.byte 0x65,0x6e,0x74,0x5f,0x68,0x61,0x73,0x68,0x58,0x21,0x00,0x5c,0x56,0x55,0x33,0x78
	.byte 0x3b,0x2c,0x95,0x66,0xce,0x29,0x31,0x4b,0xaf,0xb8,0xcb,0x52,0x03,0xd2,0x07,0x4b
	.byte 0x1d,0xe4,0x61,0x2c,0x5b,0xb3,0x14,0xce,0x12,0x02,0x34
.Ltb10:
	.byte 0xa3,0x64,0x64,0x61,0x74,0x61,0xa2,0x64,0x6e,0x61,0x6d,0x65,0x6e,0x63,0x6f,0x6d
	.byte 0x70,0x75,0x74,0x65,0x2f,0x6c,0x61,0x6d,0x62,0x64,0x61,0x66,0x66,0x69,0x65,0x6c
	.byte 0x64,0x73,0xa2,0x64,0x62,0x6f,0x64,0x79,0xa1,0x68,0x74,0x79,0x70,0x65,0x5f,0x72
	.byte 0x65,0x66,0x6b,0x73,0x79,0x73,0x74,0x65,0x6d,0x2f,0x68,0x61,0x73,0x68,0x66,0x70
	.byte 0x61,0x72,0x61,0x6d,0x73,0xa1,0x68,0x61,0x72,0x72,0x61,0x79,0x5f,0x6f,0x66,0xa1
	.byte 0x68,0x74,0x79,0x70,0x65,0x5f,0x72,0x65,0x66,0x70,0x70,0x72,0x69,0x6d,0x69,0x74
	.byte 0x69,0x76,0x65,0x2f,0x73,0x74,0x72,0x69,0x6e,0x67,0x64,0x74,0x79,0x70,0x65,0x6b
	.byte 0x73,0x79,0x73,0x74,0x65,0x6d,0x2f,0x74,0x79,0x70,0x65,0x6c,0x63,0x6f,0x6e,0x74
	.byte 0x65,0x6e,0x74,0x5f,0x68,0x61,0x73,0x68,0x58,0x21,0x00,0x6c,0xb8,0x05,0x6f,0x35
	.byte 0x9c,0xa0,0x20,0xb0,0xc8,0x98,0xf8,0x0e,0xb7,0xc1,0xf9,0xb0,0x32,0x59,0xc1,0x61
	.byte 0xde,0xc4,0x0b,0x52,0x84,0x6a,0xdd,0xf5,0xbd,0x9e,0x8c
.Ltb11:
	.byte 0xa3,0x64,0x64,0x61,0x74,0x61,0xa2,0x64,0x6e,0x61,0x6d,0x65,0x6e,0x63,0x6f,0x6d
	.byte 0x70,0x75,0x74,0x65,0x2f,0x6c,0x65,0x6e,0x67,0x74,0x68,0x66,0x66,0x69,0x65,0x6c
	.byte 0x64,0x73,0xa1,0x65,0x61,0x72,0x72,0x61,0x79,0xa1,0x68,0x74,0x79,0x70,0x65,0x5f
	.byte 0x72,0x65,0x66,0x6b,0x73,0x79,0x73,0x74,0x65,0x6d,0x2f,0x68,0x61,0x73,0x68,0x64
	.byte 0x74,0x79,0x70,0x65,0x6b,0x73,0x79,0x73,0x74,0x65,0x6d,0x2f,0x74,0x79,0x70,0x65
	.byte 0x6c,0x63,0x6f,0x6e,0x74,0x65,0x6e,0x74,0x5f,0x68,0x61,0x73,0x68,0x58,0x21,0x00
	.byte 0xd2,0xb6,0x9a,0xf0,0xb5,0x1f,0x17,0x56,0x1d,0x23,0x97,0xd1,0x10,0x5d,0x28,0x9d
	.byte 0x0d,0x67,0x93,0xa6,0xe7,0x52,0x0c,0x43,0xe0,0xdc,0x1d,0x1d,0x4b,0xb2,0xf0,0x82
.Ltb12:
	.byte 0xa3,0x64,0x64,0x61,0x74,0x61,0xa2,0x64,0x6e,0x61,0x6d,0x65,0x6b,0x63,0x6f,0x6d
	.byte 0x70,0x75,0x74,0x65,0x2f,0x6c,0x65,0x74,0x66,0x66,0x69,0x65,0x6c,0x64,0x73,0xa2
	.byte 0x64,0x62,0x6f,0x64,0x79,0xa1,0x68,0x74,0x79,0x70,0x65,0x5f,0x72,0x65,0x66,0x6b
	.byte 0x73,0x79,0x73,0x74,0x65,0x6d,0x2f,0x68,0x61,0x73,0x68,0x68,0x62,0x69,0x6e,0x64
	.byte 0x69,0x6e,0x67,0x73,0xa1,0x68,0x61,0x72,0x72,0x61,0x79,0x5f,0x6f,0x66,0xa1,0x68
	.byte 0x74,0x79,0x70,0x65,0x5f,0x72,0x65,0x66,0x6d,0x70,0x72,0x69,0x6d,0x69,0x74,0x69
	.byte 0x76,0x65,0x2f,0x61,0x6e,0x79,0x64,0x74,0x79,0x70,0x65,0x6b,0x73,0x79,0x73,0x74
	.byte 0x65,0x6d,0x2f,0x74,0x79,0x70,0x65,0x6c,0x63,0x6f,0x6e,0x74,0x65,0x6e,0x74,0x5f
	.byte 0x68,0x61,0x73,0x68,0x58,0x21,0x00,0xee,0x41,0xbb,0x76,0xcb,0x8c,0xbb,0x6c,0x6f
	.byte 0xab,0x04,0x65,0xd7,0x3e,0x00,0x4c,0x6a,0xfd,0xdb,0xfd,0x0e,0x39,0x93,0xd3,0x90
	.byte 0xd4,0x7e,0x7e,0xf8,0x79,0x94,0xe8
.Ltb13:
	.byte 0xa3,0x64,0x64,0x61,0x74,0x61,0xa2,0x64,0x6e,0x61,0x6d,0x65,0x6f,0x63,0x6f,0x6d
	.byte 0x70,0x75,0x74,0x65,0x2f,0x6c,0x69,0x74,0x65,0x72,0x61,0x6c,0x66,0x66,0x69,0x65
	.byte 0x6c,0x64,0x73,0xa1,0x65,0x76,0x61,0x6c,0x75,0x65,0xa1,0x68,0x74,0x79,0x70,0x65
	.byte 0x5f,0x72,0x65,0x66,0x6d,0x70,0x72,0x69,0x6d,0x69,0x74,0x69,0x76,0x65,0x2f,0x61
	.byte 0x6e,0x79,0x64,0x74,0x79,0x70,0x65,0x6b,0x73,0x79,0x73,0x74,0x65,0x6d,0x2f,0x74
	.byte 0x79,0x70,0x65,0x6c,0x63,0x6f,0x6e,0x74,0x65,0x6e,0x74,0x5f,0x68,0x61,0x73,0x68
	.byte 0x58,0x21,0x00,0x87,0x85,0xdd,0xeb,0x08,0x73,0xcd,0x2f,0x68,0xaa,0xb4,0x69,0x21
	.byte 0xa6,0x16,0x48,0x0c,0x6d,0x9d,0xf6,0x84,0x78,0xeb,0xe3,0x67,0xfb,0x5a,0xff,0x63
	.byte 0x85,0xe4,0xd1
.Ltb14:
	.byte 0xa3,0x64,0x64,0x61,0x74,0x61,0xa2,0x64,0x6e,0x61,0x6d,0x65,0x6d,0x63,0x6f,0x6d
	.byte 0x70,0x75,0x74,0x65,0x2f,0x6c,0x6f,0x67,0x69,0x63,0x66,0x66,0x69,0x65,0x6c,0x64
	.byte 0x73,0xa3,0x62,0x6f,0x70,0xa1,0x68,0x74,0x79,0x70,0x65,0x5f,0x72,0x65,0x66,0x70
	.byte 0x70,0x72,0x69,0x6d,0x69,0x74,0x69,0x76,0x65,0x2f,0x73,0x74,0x72,0x69,0x6e,0x67
	.byte 0x64,0x6c,0x65,0x66,0x74,0xa1,0x68,0x74,0x79,0x70,0x65,0x5f,0x72,0x65,0x66,0x6b
	.byte 0x73,0x79,0x73,0x74,0x65,0x6d,0x2f,0x68,0x61,0x73,0x68,0x65,0x72,0x69,0x67,0x68
	.byte 0x74,0xa2,0x68,0x6f,0x70,0x74,0x69,0x6f,0x6e,0x61,0x6c,0xf5,0x68,0x74,0x79,0x70
	.byte 0x65,0x5f,0x72,0x65,0x66,0x6b,0x73,0x79,0x73,0x74,0x65,0x6d,0x2f,0x68,0x61,0x73
	.byte 0x68,0x64,0x74,0x79,0x70,0x65,0x6b,0x73,0x79,0x73,0x74,0x65,0x6d,0x2f,0x74,0x79
	.byte 0x70,0x65,0x6c,0x63,0x6f,0x6e,0x74,0x65,0x6e,0x74,0x5f,0x68,0x61,0x73,0x68,0x58
	.byte 0x21,0x00,0xf0,0x09,0x70,0xac,0xfd,0x08,0xd6,0x02,0xd8,0xeb,0x03,0x59,0xa0,0xe8
	.byte 0xd3,0x81,0xee,0x37,0x9f,0x7b,0xe7,0x26,0x87,0xeb,0x2a,0xa2,0xa2,0x6e,0xc0,0x77
	.byte 0x77,0x73
.Ltb15:
	.byte 0xa3,0x64,0x64,0x61,0x74,0x61,0xa2,0x64,0x6e,0x61,0x6d,0x65,0x73,0x63,0x6f,0x6d
	.byte 0x70,0x75,0x74,0x65,0x2f,0x6c,0x6f,0x6f,0x6b,0x75,0x70,0x2f,0x68,0x61,0x73,0x68
	.byte 0x66,0x66,0x69,0x65,0x6c,0x64,0x73,0xa3,0x64,0x68,0x61,0x73,0x68,0xa1,0x68,0x74
	.byte 0x79,0x70,0x65,0x5f,0x72,0x65,0x66,0x6b,0x73,0x79,0x73,0x74,0x65,0x6d,0x2f,0x68
	.byte 0x61,0x73,0x68,0x64,0x70,0x61,0x74,0x68,0xa2,0x68,0x6f,0x70,0x74,0x69,0x6f,0x6e
	.byte 0x61,0x6c,0xf5,0x68,0x74,0x79,0x70,0x65,0x5f,0x72,0x65,0x66,0x70,0x73,0x79,0x73
	.byte 0x74,0x65,0x6d,0x2f,0x74,0x72,0x65,0x65,0x2f,0x70,0x61,0x74,0x68,0x68,0x72,0x65
	.byte 0x6c,0x61,0x74,0x69,0x76,0x65,0xa2,0x68,0x6f,0x70,0x74,0x69,0x6f,0x6e,0x61,0x6c
	.byte 0xf5,0x68,0x74,0x79,0x70,0x65,0x5f,0x72,0x65,0x66,0x6e,0x70,0x72,0x69,0x6d,0x69
	.byte 0x74,0x69,0x76,0x65,0x2f,0x62,0x6f,0x6f,0x6c,0x64,0x74,0x79,0x70,0x65,0x6b,0x73
	.byte 0x79,0x73,0x74,0x65,0x6d,0x2f,0x74,0x79,0x70,0x65,0x6c,0x63,0x6f,0x6e,0x74,0x65
	.byte 0x6e,0x74,0x5f,0x68,0x61,0x73,0x68,0x58,0x21,0x00,0x9e,0xac,0x82,0x91,0xdd,0xc7
	.byte 0xbe,0x03,0x52,0x63,0xd1,0xa8,0x8f,0x0b,0xc8,0xe4,0x80,0x3c,0x58,0x67,0x87,0xc2
	.byte 0x7d,0x7d,0xf0,0x12,0x47,0x93,0x0c,0xb6,0xbe,0x37
.Ltb16:
	.byte 0xa3,0x64,0x64,0x61,0x74,0x61,0xa2,0x64,0x6e,0x61,0x6d,0x65,0x74,0x63,0x6f,0x6d
	.byte 0x70,0x75,0x74,0x65,0x2f,0x6c,0x6f,0x6f,0x6b,0x75,0x70,0x2f,0x73,0x63,0x6f,0x70
	.byte 0x65,0x66,0x66,0x69,0x65,0x6c,0x64,0x73,0xa1,0x64,0x6e,0x61,0x6d,0x65,0xa1,0x68
	.byte 0x74,0x79,0x70,0x65,0x5f,0x72,0x65,0x66,0x70,0x70,0x72,0x69,0x6d,0x69,0x74,0x69
	.byte 0x76,0x65,0x2f,0x73,0x74,0x72,0x69,0x6e,0x67,0x64,0x74,0x79,0x70,0x65,0x6b,0x73
	.byte 0x79,0x73,0x74,0x65,0x6d,0x2f,0x74,0x79,0x70,0x65,0x6c,0x63,0x6f,0x6e,0x74,0x65
	.byte 0x6e,0x74,0x5f,0x68,0x61,0x73,0x68,0x58,0x21,0x00,0xef,0xf6,0x7b,0xa5,0x27,0x96
	.byte 0x09,0x06,0x16,0x97,0x06,0x13,0x1d,0xda,0x9d,0x4c,0xd7,0x91,0x50,0x9a,0x75,0x28
	.byte 0xcf,0xa1,0x03,0x4a,0x0b,0xf4,0x29,0x4a,0x6c,0x72
.Ltb17:
	.byte 0xa3,0x64,0x64,0x61,0x74,0x61,0xa2,0x64,0x6e,0x61,0x6d,0x65,0x73,0x63,0x6f,0x6d
	.byte 0x70,0x75,0x74,0x65,0x2f,0x6c,0x6f,0x6f,0x6b,0x75,0x70,0x2f,0x74,0x72,0x65,0x65
	.byte 0x66,0x66,0x69,0x65,0x6c,0x64,0x73,0xa2,0x64,0x70,0x61,0x74,0x68,0xa1,0x68,0x74
	.byte 0x79,0x70,0x65,0x5f,0x72,0x65,0x66,0x70,0x73,0x79,0x73,0x74,0x65,0x6d,0x2f,0x74
	.byte 0x72,0x65,0x65,0x2f,0x70,0x61,0x74,0x68,0x68,0x72,0x65,0x6c,0x61,0x74,0x69,0x76
	.byte 0x65,0xa2,0x68,0x6f,0x70,0x74,0x69,0x6f,0x6e,0x61,0x6c,0xf5,0x68,0x74,0x79,0x70
	.byte 0x65,0x5f,0x72,0x65,0x66,0x6e,0x70,0x72,0x69,0x6d,0x69,0x74,0x69,0x76,0x65,0x2f
	.byte 0x62,0x6f,0x6f,0x6c,0x64,0x74,0x79,0x70,0x65,0x6b,0x73,0x79,0x73,0x74,0x65,0x6d
	.byte 0x2f,0x74,0x79,0x70,0x65,0x6c,0x63,0x6f,0x6e,0x74,0x65,0x6e,0x74,0x5f,0x68,0x61
	.byte 0x73,0x68,0x58,0x21,0x00,0x6c,0x99,0x52,0xe7,0x34,0xe4,0x53,0x56,0xc0,0x17,0x1b
	.byte 0xf3,0x2f,0x7e,0x9d,0x8b,0x2d,0x96,0x5b,0x06,0xf3,0x2d,0x5a,0xae,0x03,0x2a,0xa2
	.byte 0xb3,0xd0,0xd1,0xc6,0xed
.Ltb18:
	.byte 0xa3,0x64,0x64,0x61,0x74,0x61,0xa2,0x64,0x6e,0x61,0x6d,0x65,0x74,0x63,0x6f,0x6d
	.byte 0x70,0x75,0x74,0x65,0x2f,0x6e,0x75,0x6d,0x65,0x72,0x69,0x63,0x2d,0x63,0x61,0x73
	.byte 0x74,0x66,0x66,0x69,0x65,0x6c,0x64,0x73,0xa2,0x65,0x76,0x61,0x6c,0x75,0x65,0xa1
	.byte 0x68,0x74,0x79,0x70,0x65,0x5f,0x72,0x65,0x66,0x6b,0x73,0x79,0x73,0x74,0x65,0x6d
	.byte 0x2f,0x68,0x61,0x73,0x68,0x67,0x74,0x6f,0x5f,0x74,0x79,0x70,0x65,0xa1,0x68,0x74
	.byte 0x79,0x70,0x65,0x5f,0x72,0x65,0x66,0x70,0x73,0x79,0x73,0x74,0x65,0x6d,0x2f,0x74
	.byte 0x79,0x70,0x65,0x2f,0x6e,0x61,0x6d,0x65,0x64,0x74,0x79,0x70,0x65,0x6b,0x73,0x79
	.byte 0x73,0x74,0x65,0x6d,0x2f,0x74,0x79,0x70,0x65,0x6c,0x63,0x6f,0x6e,0x74,0x65,0x6e
	.byte 0x74,0x5f,0x68,0x61,0x73,0x68,0x58,0x21,0x00,0xd7,0x23,0x13,0x29,0x3a,0xfb,0xad
	.byte 0xd1,0x3f,0xb3,0x74,0x2f,0xe9,0xfd,0x1a,0xce,0x82,0x5e,0xdd,0xc9,0xe8,0xcd,0xcf
	.byte 0x59,0x60,0xf5,0xa8,0x40,0x4f,0xe1,0xc5,0x36
.Ltb19:
	.byte 0xa3,0x64,0x64,0x61,0x74,0x61,0xa2,0x64,0x6e,0x61,0x6d,0x65,0x6e,0x63,0x6f,0x6d
	.byte 0x70,0x75,0x74,0x65,0x2f,0x72,0x65,0x73,0x75,0x6c,0x74,0x66,0x66,0x69,0x65,0x6c
	.byte 0x64,0x73,0xa2,0x65,0x76,0x61,0x6c,0x75,0x65,0xa1,0x68,0x74,0x79,0x70,0x65,0x5f
	.byte 0x72,0x65,0x66,0x6d,0x70,0x72,0x69,0x6d,0x69,0x74,0x69,0x76,0x65,0x2f,0x61,0x6e
	.byte 0x79,0x6a,0x65,0x78,0x70,0x72,0x65,0x73,0x73,0x69,0x6f,0x6e,0xa1,0x68,0x74,0x79
	.byte 0x70,0x65,0x5f,0x72,0x65,0x66,0x6b,0x73,0x79,0x73,0x74,0x65,0x6d,0x2f,0x68,0x61
	.byte 0x73,0x68,0x64,0x74,0x79,0x70,0x65,0x6b,0x73,0x79,0x73,0x74,0x65,0x6d,0x2f,0x74
	.byte 0x79,0x70,0x65,0x6c,0x63,0x6f,0x6e,0x74,0x65,0x6e,0x74,0x5f,0x68,0x61,0x73,0x68
	.byte 0x58,0x21,0x00,0x81,0x5f,0xe3,0x20,0xd2,0xdd,0x2a,0x30,0xec,0xc2,0x44,0x72,0x52
	.byte 0xd1,0x05,0x2a,0x35,0x60,0x20,0xca,0x4e,0x13,0x05,0x1c,0x0f,0x61,0x2d,0x29,0x9e
	.byte 0xd1,0x31,0x6b
.Ltb20:
	.byte 0xa3,0x64,0x64,0x61,0x74,0x61,0xa2,0x64,0x6e,0x61,0x6d,0x65,0x6d,0x63,0x6f,0x6d
	.byte 0x70,0x75,0x74,0x65,0x2f,0x73,0x63,0x6f,0x70,0x65,0x66,0x66,0x69,0x65,0x6c,0x64
	.byte 0x73,0xa1,0x68,0x62,0x69,0x6e,0x64,0x69,0x6e,0x67,0x73,0xa1,0x66,0x6d,0x61,0x70
	.byte 0x5f,0x6f,0x66,0xa1,0x68,0x74,0x79,0x70,0x65,0x5f,0x72,0x65,0x66,0x78,0x1c,0x73
	.byte 0x79,0x73,0x74,0x65,0x6d,0x2f,0x63,0x6f,0x6d,0x70,0x75,0x74,0x65,0x2f,0x73,0x63
	.byte 0x6f,0x70,0x65,0x2d,0x62,0x69,0x6e,0x64,0x69,0x6e,0x67,0x64,0x74,0x79,0x70,0x65
	.byte 0x6b,0x73,0x79,0x73,0x74,0x65,0x6d,0x2f,0x74,0x79,0x70,0x65,0x6c,0x63,0x6f,0x6e
	.byte 0x74,0x65,0x6e,0x74,0x5f,0x68,0x61,0x73,0x68,0x58,0x21,0x00,0x64,0xc6,0xfb,0x7a
	.byte 0x79,0x40,0x88,0xe6,0xc4,0x53,0x46,0xbb,0xe6,0xe5,0x9d,0x24,0x6b,0x43,0xab,0x1d
	.byte 0x99,0x0c,0x58,0xdb,0xf7,0x7f,0x72,0xfe,0xac,0xa0,0x91,0xe3
.Ltb21:
	.byte 0xa3,0x64,0x64,0x61,0x74,0x61,0xa2,0x64,0x6e,0x61,0x6d,0x65,0x6b,0x63,0x6f,0x72
	.byte 0x65,0x2f,0x65,0x6e,0x74,0x69,0x74,0x79,0x66,0x66,0x69,0x65,0x6c,0x64,0x73,0xa3
	.byte 0x64,0x64,0x61,0x74,0x61,0xa1,0x68,0x74,0x79,0x70,0x65,0x5f,0x72,0x65,0x66,0x6d
	.byte 0x70,0x72,0x69,0x6d,0x69,0x74,0x69,0x76,0x65,0x2f,0x61,0x6e,0x79,0x64,0x74,0x79
	.byte 0x70,0x65,0xa1,0x68,0x74,0x79,0x70,0x65,0x5f,0x72,0x65,0x66,0x70,0x70,0x72,0x69
	.byte 0x6d,0x69,0x74,0x69,0x76,0x65,0x2f,0x73,0x74,0x72,0x69,0x6e,0x67,0x6c,0x63,0x6f
	.byte 0x6e,0x74,0x65,0x6e,0x74,0x5f,0x68,0x61,0x73,0x68,0xa1,0x68,0x74,0x79,0x70,0x65
	.byte 0x5f,0x72,0x65,0x66,0x6b,0x73,0x79,0x73,0x74,0x65,0x6d,0x2f,0x68,0x61,0x73,0x68
	.byte 0x64,0x74,0x79,0x70,0x65,0x6b,0x73,0x79,0x73,0x74,0x65,0x6d,0x2f,0x74,0x79,0x70
	.byte 0x65,0x6c,0x63,0x6f,0x6e,0x74,0x65,0x6e,0x74,0x5f,0x68,0x61,0x73,0x68,0x58,0x21
	.byte 0x00,0xfd,0x05,0x82,0x91,0x0f,0xa8,0xe6,0x19,0xda,0x58,0x7c,0xa1,0x33,0xd6,0x9b
	.byte 0x63,0xcb,0x5d,0xb3,0xef,0xcd,0xf7,0x89,0x5c,0x85,0x8b,0x07,0xf8,0x03,0x26,0x2e
	.byte 0x89
.Ltb22:
	.byte 0xa3,0x64,0x64,0x61,0x74,0x61,0xa2,0x64,0x6e,0x61,0x6d,0x65,0x6d,0x63,0x6f,0x72
	.byte 0x65,0x2f,0x65,0x6e,0x76,0x65,0x6c,0x6f,0x70,0x65,0x66,0x66,0x69,0x65,0x6c,0x64
	.byte 0x73,0xa2,0x64,0x72,0x6f,0x6f,0x74,0xa1,0x68,0x74,0x79,0x70,0x65,0x5f,0x72,0x65
	.byte 0x66,0x6b,0x63,0x6f,0x72,0x65,0x2f,0x65,0x6e,0x74,0x69,0x74,0x79,0x68,0x69,0x6e
	.byte 0x63,0x6c,0x75,0x64,0x65,0x64,0xa3,0x66,0x6d,0x61,0x70,0x5f,0x6f,0x66,0xa1,0x68
	.byte 0x74,0x79,0x70,0x65,0x5f,0x72,0x65,0x66,0x6b,0x63,0x6f,0x72,0x65,0x2f,0x65,0x6e
	.byte 0x74,0x69,0x74,0x79,0x68,0x6b,0x65,0x79,0x5f,0x74,0x79,0x70,0x65,0x6b,0x73,0x79
	.byte 0x73,0x74,0x65,0x6d,0x2f,0x68,0x61,0x73,0x68,0x68,0x6f,0x70,0x74,0x69,0x6f,0x6e
	.byte 0x61,0x6c,0xf5,0x64,0x74,0x79,0x70,0x65,0x6b,0x73,0x79,0x73,0x74,0x65,0x6d,0x2f
	.byte 0x74,0x79,0x70,0x65,0x6c,0x63,0x6f,0x6e,0x74,0x65,0x6e,0x74,0x5f,0x68,0x61,0x73
	.byte 0x68,0x58,0x21,0x00,0x27,0xd7,0x94,0x7f,0xff,0xe1,0xa3,0xb2,0x38,0xc9,0x7f,0xb3
	.byte 0x8d,0xc3,0x00,0x54,0xd5,0xee,0x36,0x85,0xcf,0x5e,0x76,0xe0,0x97,0x58,0x8c,0x01
	.byte 0xba,0xb6,0x18,0xf7
.Ltb23:
	.byte 0xa3,0x64,0x64,0x61,0x74,0x61,0xa2,0x64,0x6e,0x61,0x6d,0x65,0x66,0x65,0x6e,0x74
	.byte 0x69,0x74,0x79,0x66,0x66,0x69,0x65,0x6c,0x64,0x73,0xa2,0x64,0x64,0x61,0x74,0x61
	.byte 0xa1,0x68,0x74,0x79,0x70,0x65,0x5f,0x72,0x65,0x66,0x6d,0x70,0x72,0x69,0x6d,0x69
	.byte 0x74,0x69,0x76,0x65,0x2f,0x61,0x6e,0x79,0x64,0x74,0x79,0x70,0x65,0xa1,0x68,0x74
	.byte 0x79,0x70,0x65,0x5f,0x72,0x65,0x66,0x70,0x70,0x72,0x69,0x6d,0x69,0x74,0x69,0x76
	.byte 0x65,0x2f,0x73,0x74,0x72,0x69,0x6e,0x67,0x64,0x74,0x79,0x70,0x65,0x6b,0x73,0x79
	.byte 0x73,0x74,0x65,0x6d,0x2f,0x74,0x79,0x70,0x65,0x6c,0x63,0x6f,0x6e,0x74,0x65,0x6e
	.byte 0x74,0x5f,0x68,0x61,0x73,0x68,0x58,0x21,0x00,0x49,0x36,0x69,0x44,0x60,0x20,0x01
	.byte 0x3d,0xc1,0x5b,0x78,0xc5,0x53,0x49,0x76,0x5a,0x6d,0x39,0xa7,0x97,0xf5,0x84,0xdf
	.byte 0x61,0x7f,0x48,0xab,0x3c,0x75,0x7d,0x4b,0xec
.Ltb24:
	.byte 0xa3,0x64,0x64,0x61,0x74,0x61,0xa1,0x64,0x6e,0x61,0x6d,0x65,0x6d,0x70,0x72,0x69
	.byte 0x6d,0x69,0x74,0x69,0x76,0x65,0x2f,0x61,0x6e,0x79,0x64,0x74,0x79,0x70,0x65,0x6b
	.byte 0x73,0x79,0x73,0x74,0x65,0x6d,0x2f,0x74,0x79,0x70,0x65,0x6c,0x63,0x6f,0x6e,0x74
	.byte 0x65,0x6e,0x74,0x5f,0x68,0x61,0x73,0x68,0x58,0x21,0x00,0xa0,0x04,0x56,0x00,0x07
	.byte 0xaa,0xc3,0x6b,0x04,0xc7,0xaf,0x4b,0xe3,0xc2,0xbc,0xcd,0x25,0xce,0xdb,0x8b,0x0a
	.byte 0x5a,0xa8,0x75,0x46,0xaa,0xd2,0x84,0x91,0x5e,0x42,0x68
.Ltb25:
	.byte 0xa3,0x64,0x64,0x61,0x74,0x61,0xa1,0x64,0x6e,0x61,0x6d,0x65,0x6e,0x70,0x72,0x69
	.byte 0x6d,0x69,0x74,0x69,0x76,0x65,0x2f,0x62,0x6f,0x6f,0x6c,0x64,0x74,0x79,0x70,0x65
	.byte 0x6b,0x73,0x79,0x73,0x74,0x65,0x6d,0x2f,0x74,0x79,0x70,0x65,0x6c,0x63,0x6f,0x6e
	.byte 0x74,0x65,0x6e,0x74,0x5f,0x68,0x61,0x73,0x68,0x58,0x21,0x00,0x15,0x57,0xfd,0x1a
	.byte 0xc8,0x52,0x35,0x58,0x42,0x14,0xbf,0xd9,0xa3,0x8c,0x41,0x49,0x1a,0xc7,0xff,0x30
	.byte 0x00,0x98,0x01,0x4f,0x9a,0xb9,0x4c,0xf7,0x3a,0x9b,0x87,0x01
.Ltb26:
	.byte 0xa3,0x64,0x64,0x61,0x74,0x61,0xa1,0x64,0x6e,0x61,0x6d,0x65,0x6f,0x70,0x72,0x69
	.byte 0x6d,0x69,0x74,0x69,0x76,0x65,0x2f,0x62,0x79,0x74,0x65,0x73,0x64,0x74,0x79,0x70
	.byte 0x65,0x6b,0x73,0x79,0x73,0x74,0x65,0x6d,0x2f,0x74,0x79,0x70,0x65,0x6c,0x63,0x6f
	.byte 0x6e,0x74,0x65,0x6e,0x74,0x5f,0x68,0x61,0x73,0x68,0x58,0x21,0x00,0x50,0x44,0x23
	.byte 0x8b,0x9e,0x9f,0xd0,0x62,0x27,0xda,0x52,0x73,0x66,0xed,0xf4,0x86,0xee,0x52,0x72
	.byte 0x1b,0xa7,0xc4,0xb4,0xe1,0x97,0xc8,0x18,0xc2,0x4c,0x09,0x13,0x83
.Ltb27:
	.byte 0xa3,0x64,0x64,0x61,0x74,0x61,0xa1,0x64,0x6e,0x61,0x6d,0x65,0x6f,0x70,0x72,0x69
	.byte 0x6d,0x69,0x74,0x69,0x76,0x65,0x2f,0x66,0x6c,0x6f,0x61,0x74,0x64,0x74,0x79,0x70
	.byte 0x65,0x6b,0x73,0x79,0x73,0x74,0x65,0x6d,0x2f,0x74,0x79,0x70,0x65,0x6c,0x63,0x6f
	.byte 0x6e,0x74,0x65,0x6e,0x74,0x5f,0x68,0x61,0x73,0x68,0x58,0x21,0x00,0x9d,0x2e,0x3f
	.byte 0xcb,0x08,0x85,0xa4,0x6f,0x2b,0x3d,0xc7,0x87,0x3f,0xff,0xac,0x11,0xfb,0xd0,0x98
	.byte 0x31,0xb6,0x2d,0x4f,0x1c,0x67,0xd2,0x88,0x59,0x99,0x3e,0x10,0x88
.Ltb28:
	.byte 0xa3,0x64,0x64,0x61,0x74,0x61,0xa1,0x64,0x6e,0x61,0x6d,0x65,0x6d,0x70,0x72,0x69
	.byte 0x6d,0x69,0x74,0x69,0x76,0x65,0x2f,0x69,0x6e,0x74,0x64,0x74,0x79,0x70,0x65,0x6b
	.byte 0x73,0x79,0x73,0x74,0x65,0x6d,0x2f,0x74,0x79,0x70,0x65,0x6c,0x63,0x6f,0x6e,0x74
	.byte 0x65,0x6e,0x74,0x5f,0x68,0x61,0x73,0x68,0x58,0x21,0x00,0xea,0xc8,0x74,0x08,0xaa
	.byte 0x4c,0x42,0xf5,0x80,0x84,0x09,0xec,0x4a,0xb3,0x9e,0x32,0xf5,0xd3,0x10,0x32,0x16
	.byte 0xe0,0xef,0xe0,0x20,0xf6,0x6d,0x39,0xc6,0x38,0xdb,0x7f
.Ltb29:
	.byte 0xa3,0x64,0x64,0x61,0x74,0x61,0xa1,0x64,0x6e,0x61,0x6d,0x65,0x6e,0x70,0x72,0x69
	.byte 0x6d,0x69,0x74,0x69,0x76,0x65,0x2f,0x6e,0x75,0x6c,0x6c,0x64,0x74,0x79,0x70,0x65
	.byte 0x6b,0x73,0x79,0x73,0x74,0x65,0x6d,0x2f,0x74,0x79,0x70,0x65,0x6c,0x63,0x6f,0x6e
	.byte 0x74,0x65,0x6e,0x74,0x5f,0x68,0x61,0x73,0x68,0x58,0x21,0x00,0x65,0xbf,0x40,0x34
	.byte 0xc5,0xea,0x3b,0x53,0xe2,0x90,0xbc,0xac,0x0c,0xb1,0x06,0xe4,0xf2,0x00,0xea,0x41
	.byte 0x5a,0x6d,0xa7,0xf9,0xf3,0xfe,0x1b,0x1e,0xe3,0xa1,0x34,0xa9
.Ltb30:
	.byte 0xa3,0x64,0x64,0x61,0x74,0x61,0xa1,0x64,0x6e,0x61,0x6d,0x65,0x70,0x70,0x72,0x69
	.byte 0x6d,0x69,0x74,0x69,0x76,0x65,0x2f,0x73,0x74,0x72,0x69,0x6e,0x67,0x64,0x74,0x79
	.byte 0x70,0x65,0x6b,0x73,0x79,0x73,0x74,0x65,0x6d,0x2f,0x74,0x79,0x70,0x65,0x6c,0x63
	.byte 0x6f,0x6e,0x74,0x65,0x6e,0x74,0x5f,0x68,0x61,0x73,0x68,0x58,0x21,0x00,0x6b,0xc8
	.byte 0xd9,0x4c,0x12,0x0b,0xc6,0x9e,0xdb,0xbb,0xb3,0x8d,0xc7,0xb6,0xd2,0x70,0x22,0xfb
	.byte 0xd2,0x04,0xe0,0xa0,0xe1,0x96,0x26,0x89,0xe9,0x2f,0x15,0x25,0x38,0x49
.Ltb31:
	.byte 0xa3,0x64,0x64,0x61,0x74,0x61,0xa1,0x64,0x6e,0x61,0x6d,0x65,0x6e,0x70,0x72,0x69
	.byte 0x6d,0x69,0x74,0x69,0x76,0x65,0x2f,0x75,0x69,0x6e,0x74,0x64,0x74,0x79,0x70,0x65
	.byte 0x6b,0x73,0x79,0x73,0x74,0x65,0x6d,0x2f,0x74,0x79,0x70,0x65,0x6c,0x63,0x6f,0x6e
	.byte 0x74,0x65,0x6e,0x74,0x5f,0x68,0x61,0x73,0x68,0x58,0x21,0x00,0x65,0x9f,0xb4,0x38
	.byte 0x15,0x3f,0x98,0xf9,0xf7,0xc5,0xab,0x5e,0x5e,0x57,0xc1,0xd8,0x6a,0x5e,0x94,0xb4
	.byte 0xbd,0x5b,0x50,0xe9,0xf0,0x8a,0x0f,0xb1,0x35,0xc2,0x0c,0x9e
.Ltb32:
	.byte 0xa3,0x64,0x64,0x61,0x74,0x61,0xa2,0x64,0x6e,0x61,0x6d,0x65,0x6d,0x73,0x79,0x73
	.byte 0x74,0x65,0x6d,0x2f,0x62,0x6f,0x75,0x6e,0x64,0x73,0x66,0x66,0x69,0x65,0x6c,0x64
	.byte 0x73,0xa6,0x63,0x74,0x74,0x6c,0xa2,0x68,0x6f,0x70,0x74,0x69,0x6f,0x6e,0x61,0x6c
	.byte 0xf5,0x68,0x74,0x79,0x70,0x65,0x5f,0x72,0x65,0x66,0x6e,0x70,0x72,0x69,0x6d,0x69
	.byte 0x74,0x69,0x76,0x65,0x2f,0x75,0x69,0x6e,0x74,0x66,0x62,0x75,0x64,0x67,0x65,0x74
	.byte 0xa2,0x68,0x6f,0x70,0x74,0x69,0x6f,0x6e,0x61,0x6c,0xf5,0x68,0x74,0x79,0x70,0x65
	.byte 0x5f,0x72,0x65,0x66,0x6e,0x70,0x72,0x69,0x6d,0x69,0x74,0x69,0x76,0x65,0x2f,0x75
	.byte 0x69,0x6e,0x74,0x67,0x76,0x69,0x73,0x69,0x74,0x65,0x64,0xa2,0x68,0x61,0x72,0x72
	.byte 0x61,0x79,0x5f,0x6f,0x66,0xa1,0x68,0x74,0x79,0x70,0x65,0x5f,0x72,0x65,0x66,0x70
	.byte 0x73,0x79,0x73,0x74,0x65,0x6d,0x2f,0x74,0x72,0x65,0x65,0x2f,0x70,0x61,0x74,0x68
	.byte 0x68,0x6f,0x70,0x74,0x69,0x6f,0x6e,0x61,0x6c,0xf5,0x68,0x63,0x68,0x61,0x69,0x6e
	.byte 0x5f,0x69,0x64,0xa2,0x68,0x6f,0x70,0x74,0x69,0x6f,0x6e,0x61,0x6c,0xf5,0x68,0x74
	.byte 0x79,0x70,0x65,0x5f,0x72,0x65,0x66,0x70,0x70,0x72,0x69,0x6d,0x69,0x74,0x69,0x76
	.byte 0x65,0x2f,0x73,0x74,0x72,0x69,0x6e,0x67,0x6d,0x63,0x61,0x73,0x63,0x61,0x64,0x65
	.byte 0x5f,0x64,0x65,0x70,0x74,0x68,0xa2,0x68,0x6f,0x70,0x74,0x69,0x6f,0x6e,0x61,0x6c
	.byte 0xf5,0x68,0x74,0x79,0x70,0x65,0x5f,0x72,0x65,0x66,0x6e,0x70,0x72,0x69,0x6d,0x69
	.byte 0x74,0x69,0x76,0x65,0x2f,0x75,0x69,0x6e,0x74,0x6f,0x70,0x61,0x72,0x65,0x6e,0x74
	.byte 0x5f,0x63,0x68,0x61,0x69,0x6e,0x5f,0x69,0x64,0xa2,0x68,0x6f,0x70,0x74,0x69,0x6f
	.byte 0x6e,0x61,0x6c,0xf5,0x68,0x74,0x79,0x70,0x65,0x5f,0x72,0x65,0x66,0x70,0x70,0x72
	.byte 0x69,0x6d,0x69,0x74,0x69,0x76,0x65,0x2f,0x73,0x74,0x72,0x69,0x6e,0x67,0x64,0x74
	.byte 0x79,0x70,0x65,0x6b,0x73,0x79,0x73,0x74,0x65,0x6d,0x2f,0x74,0x79,0x70,0x65,0x6c
	.byte 0x63,0x6f,0x6e,0x74,0x65,0x6e,0x74,0x5f,0x68,0x61,0x73,0x68,0x58,0x21,0x00,0xcd
	.byte 0x0b,0x0a,0x87,0xf5,0xce,0x9a,0xd6,0x18,0x52,0xee,0xc0,0xc8,0x42,0xde,0x30,0xe5
	.byte 0x5f,0xfd,0xf4,0xfd,0x47,0x29,0x36,0x82,0x7a,0x4f,0x3b,0xb9,0x0e,0x42,0x2d
.Ltb33:
	.byte 0xa3,0x64,0x64,0x61,0x74,0x61,0xa2,0x64,0x6e,0x61,0x6d,0x65,0x78,0x22,0x73,0x79
	.byte 0x73,0x74,0x65,0x6d,0x2f,0x63,0x61,0x70,0x61,0x62,0x69,0x6c,0x69,0x74,0x79,0x2f
	.byte 0x64,0x65,0x6c,0x65,0x67,0x61,0x74,0x65,0x2d,0x72,0x65,0x71,0x75,0x65,0x73,0x74
	.byte 0x66,0x66,0x69,0x65,0x6c,0x64,0x73,0xa3,0x66,0x67,0x72,0x61,0x6e,0x74,0x73,0xa1
	.byte 0x68,0x61,0x72,0x72,0x61,0x79,0x5f,0x6f,0x66,0xa1,0x68,0x74,0x79,0x70,0x65,0x5f
	.byte 0x72,0x65,0x66,0x78,0x1d,0x73,0x79,0x73,0x74,0x65,0x6d,0x2f,0x63,0x61,0x70,0x61
	.byte 0x62,0x69,0x6c,0x69,0x74,0x79,0x2f,0x67,0x72,0x61,0x6e,0x74,0x2d,0x65,0x6e,0x74
	.byte 0x72,0x79,0x66,0x70,0x61,0x72,0x65,0x6e,0x74,0xa1,0x68,0x74,0x79,0x70,0x65,0x5f
	.byte 0x72,0x65,0x66,0x6b,0x73,0x79,0x73,0x74,0x65,0x6d,0x2f,0x68,0x61,0x73,0x68,0x66
	.byte 0x74,0x74,0x6c,0x5f,0x6d,0x73,0xa2,0x68,0x6f,0x70,0x74,0x69,0x6f,0x6e,0x61,0x6c
	.byte 0xf5,0x68,0x74,0x79,0x70,0x65,0x5f,0x72,0x65,0x66,0x6e,0x70,0x72,0x69,0x6d,0x69
	.byte 0x74,0x69,0x76,0x65,0x2f,0x75,0x69,0x6e,0x74,0x64,0x74,0x79,0x70,0x65,0x6b,0x73
	.byte 0x79,0x73,0x74,0x65,0x6d,0x2f,0x74,0x79,0x70,0x65,0x6c,0x63,0x6f,0x6e,0x74,0x65
	.byte 0x6e,0x74,0x5f,0x68,0x61,0x73,0x68,0x58,0x21,0x00,0x4b,0xbd,0xe1,0xcc,0x47,0xee
	.byte 0xaf,0xb1,0xc5,0xdc,0x5c,0x54,0x21,0xd1,0x57,0x5d,0xa6,0xe4,0xe7,0x76,0xef,0x23
	.byte 0x35,0x05,0xd5,0x5c,0xee,0x0a,0x07,0x22,0x8e,0xf5
.Ltb34:
	.byte 0xa3,0x64,0x64,0x61,0x74,0x61,0xa2,0x64,0x6e,0x61,0x6d,0x65,0x78,0x24,0x73,0x79
	.byte 0x73,0x74,0x65,0x6d,0x2f,0x63,0x61,0x70,0x61,0x62,0x69,0x6c,0x69,0x74,0x79,0x2f
	.byte 0x64,0x65,0x6c,0x65,0x67,0x61,0x74,0x69,0x6f,0x6e,0x2d,0x63,0x61,0x76,0x65,0x61
	.byte 0x74,0x73,0x66,0x66,0x69,0x65,0x6c,0x64,0x73,0xa3,0x6d,0x6e,0x6f,0x5f,0x64,0x65
	.byte 0x6c,0x65,0x67,0x61,0x74,0x69,0x6f,0x6e,0xa2,0x68,0x6f,0x70,0x74,0x69,0x6f,0x6e
	.byte 0x61,0x6c,0xf5,0x68,0x74,0x79,0x70,0x65,0x5f,0x72,0x65,0x66,0x6e,0x70,0x72,0x69
	.byte 0x6d,0x69,0x74,0x69,0x76,0x65,0x2f,0x62,0x6f,0x6f,0x6c,0x72,0x6d,0x61,0x78,0x5f
	.byte 0x64,0x65,0x6c,0x65,0x67,0x61,0x74,0x69,0x6f,0x6e,0x5f,0x74,0x74,0x6c,0xa2,0x68
	.byte 0x6f,0x70,0x74,0x69,0x6f,0x6e,0x61,0x6c,0xf5,0x68,0x74,0x79,0x70,0x65,0x5f,0x72
	.byte 0x65,0x66,0x6e,0x70,0x72,0x69,0x6d,0x69,0x74,0x69,0x76,0x65,0x2f,0x75,0x69,0x6e
	.byte 0x74,0x74,0x6d,0x61,0x78,0x5f,0x64,0x65,0x6c,0x65,0x67,0x61,0x74,0x69,0x6f,0x6e
	.byte 0x5f,0x64,0x65,0x70,0x74,0x68,0xa2,0x68,0x6f,0x70,0x74,0x69,0x6f,0x6e,0x61,0x6c
	.byte 0xf5,0x68,0x74,0x79,0x70,0x65,0x5f,0x72,0x65,0x66,0x6e,0x70,0x72,0x69,0x6d,0x69
	.byte 0x74,0x69,0x76,0x65,0x2f,0x75,0x69,0x6e,0x74,0x64,0x74,0x79,0x70,0x65,0x6b,0x73
	.byte 0x79,0x73,0x74,0x65,0x6d,0x2f,0x74,0x79,0x70,0x65,0x6c,0x63,0x6f,0x6e,0x74,0x65
	.byte 0x6e,0x74,0x5f,0x68,0x61,0x73,0x68,0x58,0x21,0x00,0x21,0x78,0x24,0x03,0xf0,0xfd
	.byte 0x22,0x00,0xe9,0x1f,0x46,0x17,0xb6,0x13,0x1d,0xed,0xed,0xbb,0x87,0x91,0xe5,0x79
	.byte 0xa2,0x71,0xac,0x16,0x69,0x7d,0xeb,0x1a,0xf0,0x0c
.Ltb35:
	.byte 0xa3,0x64,0x64,0x61,0x74,0x61,0xa2,0x64,0x6e,0x61,0x6d,0x65,0x77,0x73,0x79,0x73
	.byte 0x74,0x65,0x6d,0x2f,0x63,0x61,0x70,0x61,0x62,0x69,0x6c,0x69,0x74,0x79,0x2f,0x67
	.byte 0x72,0x61,0x6e,0x74,0x66,0x66,0x69,0x65,0x6c,0x64,0x73,0xa1,0x65,0x74,0x6f,0x6b
	.byte 0x65,0x6e,0xa1,0x68,0x74,0x79,0x70,0x65,0x5f,0x72,0x65,0x66,0x6b,0x73,0x79,0x73
	.byte 0x74,0x65,0x6d,0x2f,0x68,0x61,0x73,0x68,0x64,0x74,0x79,0x70,0x65,0x6b,0x73,0x79
	.byte 0x73,0x74,0x65,0x6d,0x2f,0x74,0x79,0x70,0x65,0x6c,0x63,0x6f,0x6e,0x74,0x65,0x6e
	.byte 0x74,0x5f,0x68,0x61,0x73,0x68,0x58,0x21,0x00,0xfb,0xfe,0x94,0x1a,0x08,0xe4,0x68
	.byte 0x87,0x2b,0xdb,0x6f,0xa8,0x8c,0xd5,0x46,0xdf,0xfc,0xa0,0x43,0x81,0xf3,0xe2,0xb8
	.byte 0x7b,0x4b,0x10,0x1b,0x35,0x85,0xf3,0xa4,0xf3
.Ltb36:
	.byte 0xa3,0x64,0x64,0x61,0x74,0x61,0xa2,0x64,0x6e,0x61,0x6d,0x65,0x78,0x1d,0x73,0x79
	.byte 0x73,0x74,0x65,0x6d,0x2f,0x63,0x61,0x70,0x61,0x62,0x69,0x6c,0x69,0x74,0x79,0x2f
	.byte 0x67,0x72,0x61,0x6e,0x74,0x2d,0x65,0x6e,0x74,0x72,0x79,0x66,0x66,0x69,0x65,0x6c
	.byte 0x64,0x73,0xa6,0x65,0x70,0x65,0x65,0x72,0x73,0xa2,0x68,0x6f,0x70,0x74,0x69,0x6f
	.byte 0x6e,0x61,0x6c,0xf5,0x68,0x74,0x79,0x70,0x65,0x5f,0x72,0x65,0x66,0x78,0x1a,0x73
	.byte 0x79,0x73,0x74,0x65,0x6d,0x2f,0x63,0x61,0x70,0x61,0x62,0x69,0x6c,0x69,0x74,0x79
	.byte 0x2f,0x69,0x64,0x2d,0x73,0x63,0x6f,0x70,0x65,0x68,0x68,0x61,0x6e,0x64,0x6c,0x65
	.byte 0x72,0x73,0xa1,0x68,0x74,0x79,0x70,0x65,0x5f,0x72,0x65,0x66,0x78,0x1c,0x73,0x79
	.byte 0x73,0x74,0x65,0x6d,0x2f,0x63,0x61,0x70,0x61,0x62,0x69,0x6c,0x69,0x74,0x79,0x2f
	.byte 0x70,0x61,0x74,0x68,0x2d,0x73,0x63,0x6f,0x70,0x65,0x69,0x72,0x65,0x73,0x6f,0x75
	.byte 0x72,0x63,0x65,0x73,0xa1,0x68,0x74,0x79,0x70,0x65,0x5f,0x72,0x65,0x66,0x78,0x1c
	.byte 0x73,0x79,0x73,0x74,0x65,0x6d,0x2f,0x63,0x61,0x70,0x61,0x62,0x69,0x6c,0x69,0x74
	.byte 0x79,0x2f,0x70,0x61,0x74,0x68,0x2d,0x73,0x63,0x6f,0x70,0x65,0x6a,0x61,0x6c,0x6c
	.byte 0x6f,0x77,0x61,0x6e,0x63,0x65,0x73,0xa2,0x66,0x6d,0x61,0x70,0x5f,0x6f,0x66,0xa1
	.byte 0x68,0x74,0x79,0x70,0x65,0x5f,0x72,0x65,0x66,0x6d,0x70,0x72,0x69,0x6d,0x69,0x74
	.byte 0x69,0x76,0x65,0x2f,0x61,0x6e,0x79,0x68,0x6f,0x70,0x74,0x69,0x6f,0x6e,0x61,0x6c
	.byte 0xf5,0x6a,0x6f,0x70,0x65,0x72,0x61,0x74,0x69,0x6f,0x6e,0x73,0xa1,0x68,0x74,0x79
	.byte 0x70,0x65,0x5f,0x72,0x65,0x66,0x78,0x1a,0x73,0x79,0x73,0x74,0x65,0x6d,0x2f,0x63
	.byte 0x61,0x70,0x61,0x62,0x69,0x6c,0x69,0x74,0x79,0x2f,0x69,0x64,0x2d,0x73,0x63,0x6f
	.byte 0x70,0x65,0x6b,0x63,0x6f,0x6e,0x73,0x74,0x72,0x61,0x69,0x6e,0x74,0x73,0xa2,0x66
	.byte 0x6d,0x61,0x70,0x5f,0x6f,0x66,0xa1,0x68,0x74,0x79,0x70,0x65,0x5f,0x72,0x65,0x66
	.byte 0x6d,0x70,0x72,0x69,0x6d,0x69,0x74,0x69,0x76,0x65,0x2f,0x61,0x6e,0x79,0x68,0x6f
	.byte 0x70,0x74,0x69,0x6f,0x6e,0x61,0x6c,0xf5,0x64,0x74,0x79,0x70,0x65,0x6b,0x73,0x79
	.byte 0x73,0x74,0x65,0x6d,0x2f,0x74,0x79,0x70,0x65,0x6c,0x63,0x6f,0x6e,0x74,0x65,0x6e
	.byte 0x74,0x5f,0x68,0x61,0x73,0x68,0x58,0x21,0x00,0x25,0x89,0xe2,0x92,0x4c,0x16,0x90
	.byte 0x35,0x2c,0x43,0x1d,0x42,0x67,0x99,0xf0,0x20,0x7a,0xb7,0xa6,0x11,0x16,0xa7,0x36
	.byte 0x0c,0xae,0x44,0x1f,0xd7,0xe8,0x5a,0xa8,0x6e
.Ltb37:
	.byte 0xa3,0x64,0x64,0x61,0x74,0x61,0xa2,0x64,0x6e,0x61,0x6d,0x65,0x78,0x1a,0x73,0x79
	.byte 0x73,0x74,0x65,0x6d,0x2f,0x63,0x61,0x70,0x61,0x62,0x69,0x6c,0x69,0x74,0x79,0x2f
	.byte 0x69,0x64,0x2d,0x73,0x63,0x6f,0x70,0x65,0x66,0x66,0x69,0x65,0x6c,0x64,0x73,0xa2
	.byte 0x67,0x65,0x78,0x63,0x6c,0x75,0x64,0x65,0xa2,0x68,0x61,0x72,0x72,0x61,0x79,0x5f
	.byte 0x6f,0x66,0xa1,0x68,0x74,0x79,0x70,0x65,0x5f,0x72,0x65,0x66,0x70,0x70,0x72,0x69
	.byte 0x6d,0x69,0x74,0x69,0x76,0x65,0x2f,0x73,0x74,0x72,0x69,0x6e,0x67,0x68,0x6f,0x70
	.byte 0x74,0x69,0x6f,0x6e,0x61,0x6c,0xf5,0x67,0x69,0x6e,0x63,0x6c,0x75,0x64,0x65,0xa1
	.byte 0x68,0x61,0x72,0x72,0x61,0x79,0x5f,0x6f,0x66,0xa1,0x68,0x74,0x79,0x70,0x65,0x5f
	.byte 0x72,0x65,0x66,0x70,0x70,0x72,0x69,0x6d,0x69,0x74,0x69,0x76,0x65,0x2f,0x73,0x74
	.byte 0x72,0x69,0x6e,0x67,0x64,0x74,0x79,0x70,0x65,0x6b,0x73,0x79,0x73,0x74,0x65,0x6d
	.byte 0x2f,0x74,0x79,0x70,0x65,0x6c,0x63,0x6f,0x6e,0x74,0x65,0x6e,0x74,0x5f,0x68,0x61
	.byte 0x73,0x68,0x58,0x21,0x00,0xbd,0x12,0x7d,0xf1,0x77,0x62,0x63,0x90,0x3d,0xac,0xb7
	.byte 0xcc,0x4a,0xba,0xfc,0xcf,0xc5,0x34,0x89,0x0f,0xe2,0xdf,0xef,0x4e,0x6c,0xa5,0x38
	.byte 0xae,0xd0,0x60,0x54,0x30
.Ltb38:
	.byte 0xa3,0x64,0x64,0x61,0x74,0x61,0xa2,0x64,0x6e,0x61,0x6d,0x65,0x78,0x1f,0x73,0x79
	.byte 0x73,0x74,0x65,0x6d,0x2f,0x63,0x61,0x70,0x61,0x62,0x69,0x6c,0x69,0x74,0x79,0x2f
	.byte 0x6d,0x75,0x6c,0x74,0x69,0x2d,0x67,0x72,0x61,0x6e,0x74,0x65,0x72,0x66,0x66,0x69
	.byte 0x65,0x6c,0x64,0x73,0xa2,0x67,0x73,0x69,0x67,0x6e,0x65,0x72,0x73,0xa1,0x68,0x61
	.byte 0x72,0x72,0x61,0x79,0x5f,0x6f,0x66,0xa1,0x68,0x74,0x79,0x70,0x65,0x5f,0x72,0x65
	.byte 0x66,0x6b,0x73,0x79,0x73,0x74,0x65,0x6d,0x2f,0x68,0x61,0x73,0x68,0x69,0x74,0x68
	.byte 0x72,0x65,0x73,0x68,0x6f,0x6c,0x64,0xa1,0x68,0x74,0x79,0x70,0x65,0x5f,0x72,0x65
	.byte 0x66,0x6e,0x70,0x72,0x69,0x6d,0x69,0x74,0x69,0x76,0x65,0x2f,0x75,0x69,0x6e,0x74
	.byte 0x64,0x74,0x79,0x70,0x65,0x6b,0x73,0x79,0x73,0x74,0x65,0x6d,0x2f,0x74,0x79,0x70
	.byte 0x65,0x6c,0x63,0x6f,0x6e,0x74,0x65,0x6e,0x74,0x5f,0x68,0x61,0x73,0x68,0x58,0x21
	.byte 0x00,0x3b,0x9c,0xd0,0x06,0x79,0x0e,0x7e,0xd5,0xd8,0x18,0x8c,0x43,0x82,0x85,0x5e
	.byte 0x7e,0x02,0x71,0x2c,0x73,0x54,0xaf,0xcc,0x7d,0xa8,0x4f,0x1a,0x90,0xc8,0x30,0x40
	.byte 0x79
.Ltb39:
	.byte 0xa3,0x64,0x64,0x61,0x74,0x61,0xa2,0x64,0x6e,0x61,0x6d,0x65,0x78,0x1c,0x73,0x79
	.byte 0x73,0x74,0x65,0x6d,0x2f,0x63,0x61,0x70,0x61,0x62,0x69,0x6c,0x69,0x74,0x79,0x2f
	.byte 0x70,0x61,0x74,0x68,0x2d,0x73,0x63,0x6f,0x70,0x65,0x66,0x66,0x69,0x65,0x6c,0x64
	.byte 0x73,0xa2,0x67,0x65,0x78,0x63,0x6c,0x75,0x64,0x65,0xa2,0x68,0x61,0x72,0x72,0x61
	.byte 0x79,0x5f,0x6f,0x66,0xa1,0x68,0x74,0x79,0x70,0x65,0x5f,0x72,0x65,0x66,0x70,0x73
	.byte 0x79,0x73,0x74,0x65,0x6d,0x2f,0x74,0x72,0x65,0x65,0x2f,0x70,0x61,0x74,0x68,0x68
	.byte 0x6f,0x70,0x74,0x69,0x6f,0x6e,0x61,0x6c,0xf5,0x67,0x69,0x6e,0x63,0x6c,0x75,0x64
	.byte 0x65,0xa1,0x68,0x61,0x72,0x72,0x61,0x79,0x5f,0x6f,0x66,0xa1,0x68,0x74,0x79,0x70
	.byte 0x65,0x5f,0x72,0x65,0x66,0x70,0x73,0x79,0x73,0x74,0x65,0x6d,0x2f,0x74,0x72,0x65
	.byte 0x65,0x2f,0x70,0x61,0x74,0x68,0x64,0x74,0x79,0x70,0x65,0x6b,0x73,0x79,0x73,0x74
	.byte 0x65,0x6d,0x2f,0x74,0x79,0x70,0x65,0x6c,0x63,0x6f,0x6e,0x74,0x65,0x6e,0x74,0x5f
	.byte 0x68,0x61,0x73,0x68,0x58,0x21,0x00,0xc0,0xa1,0x0c,0xcd,0x0c,0xe8,0x3f,0xc2,0x60
	.byte 0x42,0xfc,0xcd,0x1f,0x83,0x23,0xcc,0x12,0x35,0xa3,0x66,0x30,0xb3,0xa5,0xdd,0x88
	.byte 0x27,0x23,0x37,0x17,0xf5,0x70,0x5d
.Ltb40:
	.byte 0xa3,0x64,0x64,0x61,0x74,0x61,0xa2,0x64,0x6e,0x61,0x6d,0x65,0x78,0x1e,0x73,0x79
	.byte 0x73,0x74,0x65,0x6d,0x2f,0x63,0x61,0x70,0x61,0x62,0x69,0x6c,0x69,0x74,0x79,0x2f
	.byte 0x70,0x6f,0x6c,0x69,0x63,0x79,0x2d,0x65,0x6e,0x74,0x72,0x79,0x66,0x66,0x69,0x65
	.byte 0x6c,0x64,0x73,0xa4,0x65,0x6e,0x6f,0x74,0x65,0x73,0xa2,0x68,0x6f,0x70,0x74,0x69
	.byte 0x6f,0x6e,0x61,0x6c,0xf5,0x68,0x74,0x79,0x70,0x65,0x5f,0x72,0x65,0x66,0x70,0x70
	.byte 0x72,0x69,0x6d,0x69,0x74,0x69,0x76,0x65,0x2f,0x73,0x74,0x72,0x69,0x6e,0x67,0x66
	.byte 0x67,0x72,0x61,0x6e,0x74,0x73,0xa1,0x68,0x61,0x72,0x72,0x61,0x79,0x5f,0x6f,0x66
	.byte 0xa1,0x68,0x74,0x79,0x70,0x65,0x5f,0x72,0x65,0x66,0x78,0x1d,0x73,0x79,0x73,0x74
	.byte 0x65,0x6d,0x2f,0x63,0x61,0x70,0x61,0x62,0x69,0x6c,0x69,0x74,0x79,0x2f,0x67,0x72
	.byte 0x61,0x6e,0x74,0x2d,0x65,0x6e,0x74,0x72,0x79,0x66,0x74,0x74,0x6c,0x5f,0x6d,0x73
	.byte 0xa2,0x68,0x6f,0x70,0x74,0x69,0x6f,0x6e,0x61,0x6c,0xf5,0x68,0x74,0x79,0x70,0x65
	.byte 0x5f,0x72,0x65,0x66,0x6e,0x70,0x72,0x69,0x6d,0x69,0x74,0x69,0x76,0x65,0x2f,0x75
	.byte 0x69,0x6e,0x74,0x6c,0x70,0x65,0x65,0x72,0x5f,0x70,0x61,0x74,0x74,0x65,0x72,0x6e
	.byte 0xa1,0x68,0x74,0x79,0x70,0x65,0x5f,0x72,0x65,0x66,0x70,0x70,0x72,0x69,0x6d,0x69
	.byte 0x74,0x69,0x76,0x65,0x2f,0x73,0x74,0x72,0x69,0x6e,0x67,0x64,0x74,0x79,0x70,0x65
	.byte 0x6b,0x73,0x79,0x73,0x74,0x65,0x6d,0x2f,0x74,0x79,0x70,0x65,0x6c,0x63,0x6f,0x6e
	.byte 0x74,0x65,0x6e,0x74,0x5f,0x68,0x61,0x73,0x68,0x58,0x21,0x00,0x35,0xb8,0x79,0x8e
	.byte 0x8a,0x38,0x12,0xff,0xb4,0xda,0x1c,0x18,0xe3,0xd0,0x3e,0xfe,0xc6,0x18,0x24,0x33
	.byte 0x04,0x40,0x00,0x08,0x77,0x8b,0xa4,0xbd,0x21,0x3b,0xc4,0xe7
.Ltb41:
	.byte 0xa3,0x64,0x64,0x61,0x74,0x61,0xa2,0x64,0x6e,0x61,0x6d,0x65,0x78,0x19,0x73,0x79
	.byte 0x73,0x74,0x65,0x6d,0x2f,0x63,0x61,0x70,0x61,0x62,0x69,0x6c,0x69,0x74,0x79,0x2f
	.byte 0x72,0x65,0x71,0x75,0x65,0x73,0x74,0x66,0x66,0x69,0x65,0x6c,0x64,0x73,0xa2,0x66
	.byte 0x67,0x72,0x61,0x6e,0x74,0x73,0xa1,0x68,0x61,0x72,0x72,0x61,0x79,0x5f,0x6f,0x66
	.byte 0xa1,0x68,0x74,0x79,0x70,0x65,0x5f,0x72,0x65,0x66,0x78,0x1d,0x73,0x79,0x73,0x74
	.byte 0x65,0x6d,0x2f,0x63,0x61,0x70,0x61,0x62,0x69,0x6c,0x69,0x74,0x79,0x2f,0x67,0x72
	.byte 0x61,0x6e,0x74,0x2d,0x65,0x6e,0x74,0x72,0x79,0x66,0x74,0x74,0x6c,0x5f,0x6d,0x73
	.byte 0xa2,0x68,0x6f,0x70,0x74,0x69,0x6f,0x6e,0x61,0x6c,0xf5,0x68,0x74,0x79,0x70,0x65
	.byte 0x5f,0x72,0x65,0x66,0x6e,0x70,0x72,0x69,0x6d,0x69,0x74,0x69,0x76,0x65,0x2f,0x75
	.byte 0x69,0x6e,0x74,0x64,0x74,0x79,0x70,0x65,0x6b,0x73,0x79,0x73,0x74,0x65,0x6d,0x2f
	.byte 0x74,0x79,0x70,0x65,0x6c,0x63,0x6f,0x6e,0x74,0x65,0x6e,0x74,0x5f,0x68,0x61,0x73
	.byte 0x68,0x58,0x21,0x00,0xed,0x63,0x24,0x87,0xbd,0x13,0xc3,0xbd,0x7d,0x4f,0xa1,0xaa
	.byte 0xb5,0x2c,0x45,0xc9,0x39,0x2e,0xfc,0x81,0x78,0x47,0x69,0xf5,0x1d,0x92,0xd7,0x93
	.byte 0xd2,0xee,0xc8,0xbc
.Ltb42:
	.byte 0xa3,0x64,0x64,0x61,0x74,0x61,0xa2,0x64,0x6e,0x61,0x6d,0x65,0x78,0x1c,0x73,0x79
	.byte 0x73,0x74,0x65,0x6d,0x2f,0x63,0x61,0x70,0x61,0x62,0x69,0x6c,0x69,0x74,0x79,0x2f
	.byte 0x72,0x65,0x76,0x6f,0x63,0x61,0x74,0x69,0x6f,0x6e,0x66,0x66,0x69,0x65,0x6c,0x64
	.byte 0x73,0xa3,0x65,0x74,0x6f,0x6b,0x65,0x6e,0xa1,0x68,0x74,0x79,0x70,0x65,0x5f,0x72
	.byte 0x65,0x66,0x6b,0x73,0x79,0x73,0x74,0x65,0x6d,0x2f,0x68,0x61,0x73,0x68,0x66,0x72
	.byte 0x65,0x61,0x73,0x6f,0x6e,0xa2,0x68,0x6f,0x70,0x74,0x69,0x6f,0x6e,0x61,0x6c,0xf5
	.byte 0x68,0x74,0x79,0x70,0x65,0x5f,0x72,0x65,0x66,0x70,0x70,0x72,0x69,0x6d,0x69,0x74
	.byte 0x69,0x76,0x65,0x2f,0x73,0x74,0x72,0x69,0x6e,0x67,0x6a,0x72,0x65,0x76,0x6f,0x6b
	.byte 0x65,0x64,0x5f,0x61,0x74,0xa1,0x68,0x74,0x79,0x70,0x65,0x5f,0x72,0x65,0x66,0x6e
	.byte 0x70,0x72,0x69,0x6d,0x69,0x74,0x69,0x76,0x65,0x2f,0x75,0x69,0x6e,0x74,0x64,0x74
	.byte 0x79,0x70,0x65,0x6b,0x73,0x79,0x73,0x74,0x65,0x6d,0x2f,0x74,0x79,0x70,0x65,0x6c
	.byte 0x63,0x6f,0x6e,0x74,0x65,0x6e,0x74,0x5f,0x68,0x61,0x73,0x68,0x58,0x21,0x00,0x95
	.byte 0x9e,0xce,0x55,0x51,0xc9,0x2f,0x30,0x3f,0xda,0x84,0xe8,0xcf,0x90,0x25,0x03,0x0e
	.byte 0xb0,0xf9,0x22,0x9e,0x5f,0x10,0x7e,0x9d,0x35,0x0f,0xa8,0x98,0x94,0x55,0x84
.Ltb43:
	.byte 0xa3,0x64,0x64,0x61,0x74,0x61,0xa2,0x64,0x6e,0x61,0x6d,0x65,0x78,0x20,0x73,0x79
	.byte 0x73,0x74,0x65,0x6d,0x2f,0x63,0x61,0x70,0x61,0x62,0x69,0x6c,0x69,0x74,0x79,0x2f
	.byte 0x72,0x65,0x76,0x6f,0x6b,0x65,0x2d,0x72,0x65,0x71,0x75,0x65,0x73,0x74,0x66,0x66
	.byte 0x69,0x65,0x6c,0x64,0x73,0xa2,0x65,0x74,0x6f,0x6b,0x65,0x6e,0xa1,0x68,0x74,0x79
	.byte 0x70,0x65,0x5f,0x72,0x65,0x66,0x6b,0x73,0x79,0x73,0x74,0x65,0x6d,0x2f,0x68,0x61
	.byte 0x73,0x68,0x66,0x72,0x65,0x61,0x73,0x6f,0x6e,0xa2,0x68,0x6f,0x70,0x74,0x69,0x6f
	.byte 0x6e,0x61,0x6c,0xf5,0x68,0x74,0x79,0x70,0x65,0x5f,0x72,0x65,0x66,0x70,0x70,0x72
	.byte 0x69,0x6d,0x69,0x74,0x69,0x76,0x65,0x2f,0x73,0x74,0x72,0x69,0x6e,0x67,0x64,0x74
	.byte 0x79,0x70,0x65,0x6b,0x73,0x79,0x73,0x74,0x65,0x6d,0x2f,0x74,0x79,0x70,0x65,0x6c
	.byte 0x63,0x6f,0x6e,0x74,0x65,0x6e,0x74,0x5f,0x68,0x61,0x73,0x68,0x58,0x21,0x00,0xfc
	.byte 0x7e,0x38,0x51,0x95,0x08,0xa5,0x54,0x5c,0x68,0xec,0x7d,0x05,0xf7,0xbd,0xfb,0xff
	.byte 0x25,0x93,0x7b,0xd4,0x1a,0x88,0x41,0x66,0x0a,0x6f,0xb8,0x05,0x6d,0x99,0x0c
.Ltb44:
	.byte 0xa3,0x64,0x64,0x61,0x74,0x61,0xa2,0x64,0x6e,0x61,0x6d,0x65,0x77,0x73,0x79,0x73
	.byte 0x74,0x65,0x6d,0x2f,0x63,0x61,0x70,0x61,0x62,0x69,0x6c,0x69,0x74,0x79,0x2f,0x74
	.byte 0x6f,0x6b,0x65,0x6e,0x66,0x66,0x69,0x65,0x6c,0x64,0x73,0xa9,0x66,0x67,0x72,0x61
	.byte 0x6e,0x74,0x73,0xa1,0x68,0x61,0x72,0x72,0x61,0x79,0x5f,0x6f,0x66,0xa1,0x68,0x74
	.byte 0x79,0x70,0x65,0x5f,0x72,0x65,0x66,0x78,0x1d,0x73,0x79,0x73,0x74,0x65,0x6d,0x2f
	.byte 0x63,0x61,0x70,0x61,0x62,0x69,0x6c,0x69,0x74,0x79,0x2f,0x67,0x72,0x61,0x6e,0x74
	.byte 0x2d,0x65,0x6e,0x74,0x72,0x79,0x66,0x70,0x61,0x72,0x65,0x6e,0x74,0xa2,0x68,0x6f
	.byte 0x70,0x74,0x69,0x6f,0x6e,0x61,0x6c,0xf5,0x68,0x74,0x79,0x70,0x65,0x5f,0x72,0x65
	.byte 0x66,0x6b,0x73,0x79,0x73,0x74,0x65,0x6d,0x2f,0x68,0x61,0x73,0x68,0x67,0x67,0x72
	.byte 0x61,0x6e,0x74,0x65,0x65,0xa1,0x68,0x74,0x79,0x70,0x65,0x5f,0x72,0x65,0x66,0x6b
	.byte 0x73,0x79,0x73,0x74,0x65,0x6d,0x2f,0x68,0x61,0x73,0x68,0x67,0x67,0x72,0x61,0x6e
	.byte 0x74,0x65,0x72,0xa1,0x68,0x75,0x6e,0x69,0x6f,0x6e,0x5f,0x6f,0x66,0x82,0xa1,0x68
	.byte 0x74,0x79,0x70,0x65,0x5f,0x72,0x65,0x66,0x6b,0x73,0x79,0x73,0x74,0x65,0x6d,0x2f
	.byte 0x68,0x61,0x73,0x68,0xa1,0x68,0x74,0x79,0x70,0x65,0x5f,0x72,0x65,0x66,0x78,0x1f
	.byte 0x73,0x79,0x73,0x74,0x65,0x6d,0x2f,0x63,0x61,0x70,0x61,0x62,0x69,0x6c,0x69,0x74
	.byte 0x79,0x2f,0x6d,0x75,0x6c,0x74,0x69,0x2d,0x67,0x72,0x61,0x6e,0x74,0x65,0x72,0x6a
	.byte 0x63,0x72,0x65,0x61,0x74,0x65,0x64,0x5f,0x61,0x74,0xa1,0x68,0x74,0x79,0x70,0x65
	.byte 0x5f,0x72,0x65,0x66,0x6e,0x70,0x72,0x69,0x6d,0x69,0x74,0x69,0x76,0x65,0x2f,0x75
	.byte 0x69,0x6e,0x74,0x6a,0x65,0x78,0x70,0x69,0x72,0x65,0x73,0x5f,0x61,0x74,0xa2,0x68
	.byte 0x6f,0x70,0x74,0x69,0x6f,0x6e,0x61,0x6c,0xf5,0x68,0x74,0x79,0x70,0x65,0x5f,0x72
	.byte 0x65,0x66,0x6e,0x70,0x72,0x69,0x6d,0x69,0x74,0x69,0x76,0x65,0x2f,0x75,0x69,0x6e
	.byte 0x74,0x6a,0x6e,0x6f,0x74,0x5f,0x62,0x65,0x66,0x6f,0x72,0x65,0xa2,0x68,0x6f,0x70
	.byte 0x74,0x69,0x6f,0x6e,0x61,0x6c,0xf5,0x68,0x74,0x79,0x70,0x65,0x5f,0x72,0x65,0x66
	.byte 0x6e,0x70,0x72,0x69,0x6d,0x69,0x74,0x69,0x76,0x65,0x2f,0x75,0x69,0x6e,0x74,0x6f
	.byte 0x72,0x65,0x73,0x6f,0x75,0x72,0x63,0x65,0x5f,0x6c,0x69,0x6d,0x69,0x74,0x73,0xa2
	.byte 0x68,0x6f,0x70,0x74,0x69,0x6f,0x6e,0x61,0x6c,0xf5,0x68,0x74,0x79,0x70,0x65,0x5f
	.byte 0x72,0x65,0x66,0x76,0x73,0x79,0x73,0x74,0x65,0x6d,0x2f,0x72,0x65,0x73,0x6f,0x75
	.byte 0x72,0x63,0x65,0x2d,0x6c,0x69,0x6d,0x69,0x74,0x73,0x72,0x64,0x65,0x6c,0x65,0x67
	.byte 0x61,0x74,0x69,0x6f,0x6e,0x5f,0x63,0x61,0x76,0x65,0x61,0x74,0x73,0xa2,0x68,0x6f
	.byte 0x70,0x74,0x69,0x6f,0x6e,0x61,0x6c,0xf5,0x68,0x74,0x79,0x70,0x65,0x5f,0x72,0x65
	.byte 0x66,0x78,0x24,0x73,0x79,0x73,0x74,0x65,0x6d,0x2f,0x63,0x61,0x70,0x61,0x62,0x69
	.byte 0x6c,0x69,0x74,0x79,0x2f,0x64,0x65,0x6c,0x65,0x67,0x61,0x74,0x69,0x6f,0x6e,0x2d
	.byte 0x63,0x61,0x76,0x65,0x61,0x74,0x73,0x64,0x74,0x79,0x70,0x65,0x6b,0x73,0x79,0x73
	.byte 0x74,0x65,0x6d,0x2f,0x74,0x79,0x70,0x65,0x6c,0x63,0x6f,0x6e,0x74,0x65,0x6e,0x74
	.byte 0x5f,0x68,0x61,0x73,0x68,0x58,0x21,0x00,0xa5,0xe7,0xeb,0xbd,0x1d,0x00,0x64,0xc3
	.byte 0x09,0xe5,0x4d,0xc3,0xb1,0xcf,0x8b,0x65,0x10,0x0c,0xa0,0xce,0x16,0x35,0x71,0x37
	.byte 0x02,0xf1,0xcb,0x07,0x9d,0x14,0x0d,0x6b
.Ltb45:
	.byte 0xa3,0x64,0x64,0x61,0x74,0x61,0xa2,0x64,0x6e,0x61,0x6d,0x65,0x78,0x1b,0x73,0x79
	.byte 0x73,0x74,0x65,0x6d,0x2f,0x63,0x6c,0x6f,0x63,0x6b,0x2f,0x63,0x6f,0x6d,0x70,0x61
	.byte 0x72,0x65,0x2d,0x70,0x61,0x72,0x61,0x6d,0x73,0x66,0x66,0x69,0x65,0x6c,0x64,0x73
	.byte 0xa2,0x61,0x61,0xa1,0x68,0x74,0x79,0x70,0x65,0x5f,0x72,0x65,0x66,0x6d,0x70,0x72
	.byte 0x69,0x6d,0x69,0x74,0x69,0x76,0x65,0x2f,0x61,0x6e,0x79,0x61,0x62,0xa1,0x68,0x74
	.byte 0x79,0x70,0x65,0x5f,0x72,0x65,0x66,0x6d,0x70,0x72,0x69,0x6d,0x69,0x74,0x69,0x76
	.byte 0x65,0x2f,0x61,0x6e,0x79,0x64,0x74,0x79,0x70,0x65,0x6b,0x73,0x79,0x73,0x74,0x65
	.byte 0x6d,0x2f,0x74,0x79,0x70,0x65,0x6c,0x63,0x6f,0x6e,0x74,0x65,0x6e,0x74,0x5f,0x68
	.byte 0x61,0x73,0x68,0x58,0x21,0x00,0x8b,0x6c,0x81,0xfb,0x0f,0x87,0xfa,0x2c,0x3d,0x7b
	.byte 0x12,0x3c,0x2a,0xce,0x29,0x97,0x7d,0x33,0xe7,0x85,0x9a,0xa3,0x60,0x1c,0xc3,0x85
	.byte 0x7d,0xcf,0x22,0xe1,0x3f,0xd8
.Ltb46:
	.byte 0xa3,0x64,0x64,0x61,0x74,0x61,0xa2,0x64,0x6e,0x61,0x6d,0x65,0x78,0x1b,0x73,0x79
	.byte 0x73,0x74,0x65,0x6d,0x2f,0x63,0x6c,0x6f,0x63,0x6b,0x2f,0x63,0x6f,0x6d,0x70,0x61
	.byte 0x72,0x65,0x2d,0x72,0x65,0x73,0x75,0x6c,0x74,0x66,0x66,0x69,0x65,0x6c,0x64,0x73
	.byte 0xa1,0x65,0x6f,0x72,0x64,0x65,0x72,0xa1,0x68,0x74,0x79,0x70,0x65,0x5f,0x72,0x65
	.byte 0x66,0x70,0x70,0x72,0x69,0x6d,0x69,0x74,0x69,0x76,0x65,0x2f,0x73,0x74,0x72,0x69
	.byte 0x6e,0x67,0x64,0x74,0x79,0x70,0x65,0x6b,0x73,0x79,0x73,0x74,0x65,0x6d,0x2f,0x74
	.byte 0x79,0x70,0x65,0x6c,0x63,0x6f,0x6e,0x74,0x65,0x6e,0x74,0x5f,0x68,0x61,0x73,0x68
	.byte 0x58,0x21,0x00,0x3b,0x08,0x9e,0x22,0xfd,0x81,0xb3,0x7d,0x12,0xa9,0xfb,0x10,0x0f
	.byte 0xfe,0x4f,0xc7,0x52,0xa4,0xf1,0xf1,0xb0,0x6c,0x7f,0xea,0xd1,0x33,0xea,0x95,0x34
	.byte 0x1a,0x52,0xb7
.Ltb47:
	.byte 0xa3,0x64,0x64,0x61,0x74,0x61,0xa2,0x64,0x6e,0x61,0x6d,0x65,0x73,0x73,0x79,0x73
	.byte 0x74,0x65,0x6d,0x2f,0x63,0x6c,0x6f,0x63,0x6b,0x2f,0x63,0x6f,0x6e,0x66,0x69,0x67
	.byte 0x66,0x66,0x69,0x65,0x6c,0x64,0x73,0xa3,0x64,0x6d,0x6f,0x64,0x65,0xa1,0x68,0x74
	.byte 0x79,0x70,0x65,0x5f,0x72,0x65,0x66,0x70,0x70,0x72,0x69,0x6d,0x69,0x74,0x69,0x76
	.byte 0x65,0x2f,0x73,0x74,0x72,0x69,0x6e,0x67,0x6a,0x77,0x61,0x6c,0x6c,0x5f,0x63,0x6c
	.byte 0x6f,0x63,0x6b,0xa2,0x68,0x6f,0x70,0x74,0x69,0x6f,0x6e,0x61,0x6c,0xf5,0x68,0x74
	.byte 0x79,0x70,0x65,0x5f,0x72,0x65,0x66,0x6e,0x70,0x72,0x69,0x6d,0x69,0x74,0x69,0x76
	.byte 0x65,0x2f,0x62,0x6f,0x6f,0x6c,0x6d,0x74,0x69,0x63,0x6b,0x5f,0x69,0x6e,0x74,0x65
	.byte 0x72,0x76,0x61,0x6c,0xa2,0x68,0x6f,0x70,0x74,0x69,0x6f,0x6e,0x61,0x6c,0xf5,0x68
	.byte 0x74,0x79,0x70,0x65,0x5f,0x72,0x65,0x66,0x6e,0x70,0x72,0x69,0x6d,0x69,0x74,0x69
	.byte 0x76,0x65,0x2f,0x75,0x69,0x6e,0x74,0x64,0x74,0x79,0x70,0x65,0x6b,0x73,0x79,0x73
	.byte 0x74,0x65,0x6d,0x2f,0x74,0x79,0x70,0x65,0x6c,0x63,0x6f,0x6e,0x74,0x65,0x6e,0x74
	.byte 0x5f,0x68,0x61,0x73,0x68,0x58,0x21,0x00,0xcc,0x95,0x49,0xa0,0x14,0x57,0xf9,0x8f
	.byte 0xe0,0xe8,0xc2,0xa6,0xd3,0x60,0x8c,0x82,0xf9,0x8e,0xae,0xf7,0xba,0x35,0x90,0x8c
	.byte 0xb0,0xed,0xb2,0xaa,0x50,0xd8,0x3b,0x89
.Ltb48:
	.byte 0xa3,0x64,0x64,0x61,0x74,0x61,0xa2,0x64,0x6e,0x61,0x6d,0x65,0x70,0x73,0x79,0x73
	.byte 0x74,0x65,0x6d,0x2f,0x63,0x6c,0x6f,0x63,0x6b,0x2f,0x68,0x6c,0x63,0x66,0x66,0x69
	.byte 0x65,0x6c,0x64,0x73,0xa3,0x64,0x70,0x65,0x65,0x72,0xa1,0x68,0x74,0x79,0x70,0x65
	.byte 0x5f,0x72,0x65,0x66,0x6b,0x73,0x79,0x73,0x74,0x65,0x6d,0x2f,0x68,0x61,0x73,0x68
	.byte 0x67,0x6c,0x6f,0x67,0x69,0x63,0x61,0x6c,0xa1,0x68,0x74,0x79,0x70,0x65,0x5f,0x72
	.byte 0x65,0x66,0x6e,0x70,0x72,0x69,0x6d,0x69,0x74,0x69,0x76,0x65,0x2f,0x75,0x69,0x6e
	.byte 0x74,0x68,0x70,0x68,0x79,0x73,0x69,0x63,0x61,0x6c,0xa1,0x68,0x74,0x79,0x70,0x65
	.byte 0x5f,0x72,0x65,0x66,0x6e,0x70,0x72,0x69,0x6d,0x69,0x74,0x69,0x76,0x65,0x2f,0x75
	.byte 0x69,0x6e,0x74,0x64,0x74,0x79,0x70,0x65,0x6b,0x73,0x79,0x73,0x74,0x65,0x6d,0x2f
	.byte 0x74,0x79,0x70,0x65,0x6c,0x63,0x6f,0x6e,0x74,0x65,0x6e,0x74,0x5f,0x68,0x61,0x73
	.byte 0x68,0x58,0x21,0x00,0x33,0x91,0x0f,0x5b,0x97,0x2e,0x94,0x4c,0xb0,0xe3,0x9e,0x25
	.byte 0x05,0xf3,0xd1,0x4a,0xe4,0x28,0x27,0xf1,0x03,0xd9,0xc3,0x16,0xc0,0xd9,0x54,0x5a
	.byte 0x65,0x08,0x8f,0xe5
.Ltb49:
	.byte 0xa3,0x64,0x64,0x61,0x74,0x61,0xa2,0x64,0x6e,0x61,0x6d,0x65,0x74,0x73,0x79,0x73
	.byte 0x74,0x65,0x6d,0x2f,0x63,0x6c,0x6f,0x63,0x6b,0x2f,0x6c,0x6f,0x67,0x69,0x63,0x61
	.byte 0x6c,0x66,0x66,0x69,0x65,0x6c,0x64,0x73,0xa1,0x67,0x63,0x6f,0x75,0x6e,0x74,0x65
	.byte 0x72,0xa1,0x68,0x74,0x79,0x70,0x65,0x5f,0x72,0x65,0x66,0x6e,0x70,0x72,0x69,0x6d
	.byte 0x69,0x74,0x69,0x76,0x65,0x2f,0x75,0x69,0x6e,0x74,0x64,0x74,0x79,0x70,0x65,0x6b
	.byte 0x73,0x79,0x73,0x74,0x65,0x6d,0x2f,0x74,0x79,0x70,0x65,0x6c,0x63,0x6f,0x6e,0x74
	.byte 0x65,0x6e,0x74,0x5f,0x68,0x61,0x73,0x68,0x58,0x21,0x00,0x0c,0xa0,0x23,0x52,0x69
	.byte 0x74,0xd0,0x63,0x9c,0xd3,0x62,0x76,0xe2,0x07,0xaa,0x10,0x8c,0xb6,0x69,0x3f,0x20
	.byte 0xeb,0xcb,0xf9,0xc2,0x6a,0xe4,0x75,0x8b,0x3f,0x22,0xf3
.Ltb50:
	.byte 0xa3,0x64,0x64,0x61,0x74,0x61,0xa2,0x64,0x6e,0x61,0x6d,0x65,0x72,0x73,0x79,0x73
	.byte 0x74,0x65,0x6d,0x2f,0x63,0x6c,0x6f,0x63,0x6b,0x2f,0x73,0x74,0x61,0x74,0x65,0x66
	.byte 0x66,0x69,0x65,0x6c,0x64,0x73,0xa5,0x63,0x68,0x6c,0x63,0xa2,0x68,0x6f,0x70,0x74
	.byte 0x69,0x6f,0x6e,0x61,0x6c,0xf5,0x68,0x74,0x79,0x70,0x65,0x5f,0x72,0x65,0x66,0x70
	.byte 0x73,0x79,0x73,0x74,0x65,0x6d,0x2f,0x63,0x6c,0x6f,0x63,0x6b,0x2f,0x68,0x6c,0x63
	.byte 0x64,0x6d,0x6f,0x64,0x65,0xa1,0x68,0x74,0x79,0x70,0x65,0x5f,0x72,0x65,0x66,0x70
	.byte 0x70,0x72,0x69,0x6d,0x69,0x74,0x69,0x76,0x65,0x2f,0x73,0x74,0x72,0x69,0x6e,0x67
	.byte 0x66,0x76,0x65,0x63,0x74,0x6f,0x72,0xa2,0x68,0x6f,0x70,0x74,0x69,0x6f,0x6e,0x61
	.byte 0x6c,0xf5,0x68,0x74,0x79,0x70,0x65,0x5f,0x72,0x65,0x66,0x73,0x73,0x79,0x73,0x74
	.byte 0x65,0x6d,0x2f,0x63,0x6c,0x6f,0x63,0x6b,0x2f,0x76,0x65,0x63,0x74,0x6f,0x72,0x67
	.byte 0x6c,0x6f,0x67,0x69,0x63,0x61,0x6c,0xa2,0x68,0x6f,0x70,0x74,0x69,0x6f,0x6e,0x61
	.byte 0x6c,0xf5,0x68,0x74,0x79,0x70,0x65,0x5f,0x72,0x65,0x66,0x74,0x73,0x79,0x73,0x74
	.byte 0x65,0x6d,0x2f,0x63,0x6c,0x6f,0x63,0x6b,0x2f,0x6c,0x6f,0x67,0x69,0x63,0x61,0x6c
	.byte 0x69,0x74,0x69,0x6d,0x65,0x73,0x74,0x61,0x6d,0x70,0xa2,0x68,0x6f,0x70,0x74,0x69
	.byte 0x6f,0x6e,0x61,0x6c,0xf5,0x68,0x74,0x79,0x70,0x65,0x5f,0x72,0x65,0x66,0x76,0x73
	.byte 0x79,0x73,0x74,0x65,0x6d,0x2f,0x63,0x6c,0x6f,0x63,0x6b,0x2f,0x74,0x69,0x6d,0x65
	.byte 0x73,0x74,0x61,0x6d,0x70,0x64,0x74,0x79,0x70,0x65,0x6b,0x73,0x79,0x73,0x74,0x65
	.byte 0x6d,0x2f,0x74,0x79,0x70,0x65,0x6c,0x63,0x6f,0x6e,0x74,0x65,0x6e,0x74,0x5f,0x68
	.byte 0x61,0x73,0x68,0x58,0x21,0x00,0xc7,0x5d,0x9d,0x91,0xda,0xec,0x20,0xae,0x24,0x53
	.byte 0xf6,0xb5,0xf4,0xed,0x51,0x14,0x30,0x60,0xab,0xb9,0x6a,0xae,0xdf,0x77,0x8c,0x59
	.byte 0xbc,0xd1,0xd7,0xdf,0x03,0xe8
.Ltb51:
	.byte 0xa3,0x64,0x64,0x61,0x74,0x61,0xa2,0x64,0x6e,0x61,0x6d,0x65,0x71,0x73,0x79,0x73
	.byte 0x74,0x65,0x6d,0x2f,0x63,0x6c,0x6f,0x63,0x6b,0x2f,0x74,0x69,0x63,0x6b,0x66,0x66
	.byte 0x69,0x65,0x6c,0x64,0x73,0xa2,0x65,0x73,0x74,0x61,0x74,0x65,0xa1,0x68,0x74,0x79
	.byte 0x70,0x65,0x5f,0x72,0x65,0x66,0x72,0x73,0x79,0x73,0x74,0x65,0x6d,0x2f,0x63,0x6c
	.byte 0x6f,0x63,0x6b,0x2f,0x73,0x74,0x61,0x74,0x65,0x68,0x73,0x65,0x71,0x75,0x65,0x6e
	.byte 0x63,0x65,0xa1,0x68,0x74,0x79,0x70,0x65,0x5f,0x72,0x65,0x66,0x6e,0x70,0x72,0x69
	.byte 0x6d,0x69,0x74,0x69,0x76,0x65,0x2f,0x75,0x69,0x6e,0x74,0x64,0x74,0x79,0x70,0x65
	.byte 0x6b,0x73,0x79,0x73,0x74,0x65,0x6d,0x2f,0x74,0x79,0x70,0x65,0x6c,0x63,0x6f,0x6e
	.byte 0x74,0x65,0x6e,0x74,0x5f,0x68,0x61,0x73,0x68,0x58,0x21,0x00,0xba,0x04,0x6f,0x1d
	.byte 0x40,0x93,0x05,0xc5,0xe0,0xb7,0xe6,0x9a,0xec,0x51,0x69,0x5c,0xc2,0x9a,0xb5,0x59
	.byte 0x3c,0x4d,0xce,0x5b,0x80,0x94,0x19,0x35,0xc7,0x79,0xa2,0xc5
.Ltb52:
	.byte 0xa3,0x64,0x64,0x61,0x74,0x61,0xa2,0x64,0x6e,0x61,0x6d,0x65,0x76,0x73,0x79,0x73
	.byte 0x74,0x65,0x6d,0x2f,0x63,0x6c,0x6f,0x63,0x6b,0x2f,0x74,0x69,0x6d,0x65,0x73,0x74
	.byte 0x61,0x6d,0x70,0x66,0x66,0x69,0x65,0x6c,0x64,0x73,0xa1,0x62,0x6d,0x73,0xa1,0x68
	.byte 0x74,0x79,0x70,0x65,0x5f,0x72,0x65,0x66,0x6e,0x70,0x72,0x69,0x6d,0x69,0x74,0x69
	.byte 0x76,0x65,0x2f,0x75,0x69,0x6e,0x74,0x64,0x74,0x79,0x70,0x65,0x6b,0x73,0x79,0x73
	.byte 0x74,0x65,0x6d,0x2f,0x74,0x79,0x70,0x65,0x6c,0x63,0x6f,0x6e,0x74,0x65,0x6e,0x74
	.byte 0x5f,0x68,0x61,0x73,0x68,0x58,0x21,0x00,0x4e,0x35,0x86,0x02,0x21,0x24,0x14,0x78
	.byte 0x8a,0xdc,0x7d,0x3a,0x21,0x80,0x55,0x2e,0x98,0x44,0xdf,0x38,0xf1,0x77,0x34,0xa5
	.byte 0xac,0x77,0x1d,0x86,0xa2,0x62,0x0d,0x63
.Ltb53:
	.byte 0xa3,0x64,0x64,0x61,0x74,0x61,0xa2,0x64,0x6e,0x61,0x6d,0x65,0x73,0x73,0x79,0x73
	.byte 0x74,0x65,0x6d,0x2f,0x63,0x6c,0x6f,0x63,0x6b,0x2f,0x76,0x65,0x63,0x74,0x6f,0x72
	.byte 0x66,0x66,0x69,0x65,0x6c,0x64,0x73,0xa1,0x67,0x65,0x6e,0x74,0x72,0x69,0x65,0x73
	.byte 0xa1,0x66,0x6d,0x61,0x70,0x5f,0x6f,0x66,0xa1,0x68,0x74,0x79,0x70,0x65,0x5f,0x72
	.byte 0x65,0x66,0x6e,0x70,0x72,0x69,0x6d,0x69,0x74,0x69,0x76,0x65,0x2f,0x75,0x69,0x6e
	.byte 0x74,0x64,0x74,0x79,0x70,0x65,0x6b,0x73,0x79,0x73,0x74,0x65,0x6d,0x2f,0x74,0x79
	.byte 0x70,0x65,0x6c,0x63,0x6f,0x6e,0x74,0x65,0x6e,0x74,0x5f,0x68,0x61,0x73,0x68,0x58
	.byte 0x21,0x00,0xfe,0xc0,0x08,0x06,0x73,0xf4,0x10,0x51,0xb9,0x35,0x31,0xa0,0x90,0x7b
	.byte 0xed,0x8c,0xd4,0xc0,0xa7,0x5b,0x20,0x53,0x1b,0xd2,0x81,0xc9,0xbe,0x0d,0x29,0x8e
	.byte 0x4d,0xa9
.Ltb54:
	.byte 0xa3,0x64,0x64,0x61,0x74,0x61,0xa2,0x64,0x6e,0x61,0x6d,0x65,0x78,0x1a,0x73,0x79
	.byte 0x73,0x74,0x65,0x6d,0x2f,0x63,0x6f,0x6d,0x70,0x75,0x74,0x65,0x2f,0x66,0x69,0x6c
	.byte 0x74,0x65,0x72,0x2d,0x61,0x72,0x67,0x73,0x66,0x66,0x69,0x65,0x6c,0x64,0x73,0xa2
	.byte 0x62,0x66,0x6e,0xa1,0x68,0x74,0x79,0x70,0x65,0x5f,0x72,0x65,0x66,0x6b,0x73,0x79
	.byte 0x73,0x74,0x65,0x6d,0x2f,0x68,0x61,0x73,0x68,0x6a,0x63,0x6f,0x6c,0x6c,0x65,0x63
	.byte 0x74,0x69,0x6f,0x6e,0xa1,0x68,0x74,0x79,0x70,0x65,0x5f,0x72,0x65,0x66,0x6b,0x73
	.byte 0x79,0x73,0x74,0x65,0x6d,0x2f,0x68,0x61,0x73,0x68,0x64,0x74,0x79,0x70,0x65,0x6b
	.byte 0x73,0x79,0x73,0x74,0x65,0x6d,0x2f,0x74,0x79,0x70,0x65,0x6c,0x63,0x6f,0x6e,0x74
	.byte 0x65,0x6e,0x74,0x5f,0x68,0x61,0x73,0x68,0x58,0x21,0x00,0x4b,0xab,0xef,0x19,0x5e
	.byte 0x3a,0x04,0x2b,0x2c,0x37,0xa0,0xd5,0xcd,0x72,0xf2,0x98,0x51,0x72,0x6f,0xfa,0xe9
	.byte 0x6d,0x45,0xa7,0x2d,0x15,0xb8,0x60,0xd3,0x4a,0xbe,0x22
.Ltb55:
	.byte 0xa3,0x64,0x64,0x61,0x74,0x61,0xa2,0x64,0x6e,0x61,0x6d,0x65,0x78,0x18,0x73,0x79
	.byte 0x73,0x74,0x65,0x6d,0x2f,0x63,0x6f,0x6d,0x70,0x75,0x74,0x65,0x2f,0x66,0x6f,0x6c
	.byte 0x64,0x2d,0x61,0x72,0x67,0x73,0x66,0x66,0x69,0x65,0x6c,0x64,0x73,0xa3,0x62,0x66
	.byte 0x6e,0xa1,0x68,0x74,0x79,0x70,0x65,0x5f,0x72,0x65,0x66,0x6b,0x73,0x79,0x73,0x74
	.byte 0x65,0x6d,0x2f,0x68,0x61,0x73,0x68,0x67,0x69,0x6e,0x69,0x74,0x69,0x61,0x6c,0xa1
	.byte 0x68,0x74,0x79,0x70,0x65,0x5f,0x72,0x65,0x66,0x6b,0x73,0x79,0x73,0x74,0x65,0x6d
	.byte 0x2f,0x68,0x61,0x73,0x68,0x6a,0x63,0x6f,0x6c,0x6c,0x65,0x63,0x74,0x69,0x6f,0x6e
	.byte 0xa1,0x68,0x74,0x79,0x70,0x65,0x5f,0x72,0x65,0x66,0x6b,0x73,0x79,0x73,0x74,0x65
	.byte 0x6d,0x2f,0x68,0x61,0x73,0x68,0x64,0x74,0x79,0x70,0x65,0x6b,0x73,0x79,0x73,0x74
	.byte 0x65,0x6d,0x2f,0x74,0x79,0x70,0x65,0x6c,0x63,0x6f,0x6e,0x74,0x65,0x6e,0x74,0x5f
	.byte 0x68,0x61,0x73,0x68,0x58,0x21,0x00,0x74,0x6e,0x3f,0xdc,0x32,0xf5,0x72,0x96,0xf1
	.byte 0x1b,0xca,0xb9,0xb6,0x80,0xf3,0x10,0xeb,0x04,0xde,0xe4,0x0f,0xaf,0x7e,0x85,0xd2
	.byte 0x67,0x09,0x7e,0x2a,0x38,0x59,0x41
.Ltb56:
	.byte 0xa3,0x64,0x64,0x61,0x74,0x61,0xa2,0x64,0x6e,0x61,0x6d,0x65,0x78,0x1e,0x73,0x79
	.byte 0x73,0x74,0x65,0x6d,0x2f,0x63,0x6f,0x6d,0x70,0x75,0x74,0x65,0x2f,0x69,0x6e,0x73
	.byte 0x74,0x61,0x6c,0x6c,0x2d,0x72,0x65,0x71,0x75,0x65,0x73,0x74,0x66,0x66,0x69,0x65
	.byte 0x6c,0x64,0x73,0xa1,0x6b,0x72,0x65,0x73,0x75,0x6c,0x74,0x5f,0x70,0x61,0x74,0x68
	.byte 0xa2,0x68,0x6f,0x70,0x74,0x69,0x6f,0x6e,0x61,0x6c,0xf5,0x68,0x74,0x79,0x70,0x65
	.byte 0x5f,0x72,0x65,0x66,0x70,0x73,0x79,0x73,0x74,0x65,0x6d,0x2f,0x74,0x72,0x65,0x65
	.byte 0x2f,0x70,0x61,0x74,0x68,0x64,0x74,0x79,0x70,0x65,0x6b,0x73,0x79,0x73,0x74,0x65
	.byte 0x6d,0x2f,0x74,0x79,0x70,0x65,0x6c,0x63,0x6f,0x6e,0x74,0x65,0x6e,0x74,0x5f,0x68
	.byte 0x61,0x73,0x68,0x58,0x21,0x00,0x29,0x06,0xe9,0xe0,0x62,0xb4,0x63,0x74,0x1c,0x31
	.byte 0x56,0xad,0x8d,0xc2,0x80,0x1e,0xcd,0x5b,0x46,0xfb,0xf4,0x62,0xf0,0xb6,0xff,0x35
	.byte 0x6d,0x00,0x8a,0x90,0xe0,0x51
.Ltb57:
	.byte 0xa3,0x64,0x64,0x61,0x74,0x61,0xa2,0x64,0x6e,0x61,0x6d,0x65,0x78,0x1d,0x73,0x79
	.byte 0x73,0x74,0x65,0x6d,0x2f,0x63,0x6f,0x6d,0x70,0x75,0x74,0x65,0x2f,0x69,0x6e,0x73
	.byte 0x74,0x61,0x6c,0x6c,0x2d,0x72,0x65,0x73,0x75,0x6c,0x74,0x66,0x66,0x69,0x65,0x6c
	.byte 0x64,0x73,0xa3,0x6b,0x72,0x65,0x73,0x75,0x6c,0x74,0x5f,0x70,0x61,0x74,0x68,0xa1
	.byte 0x68,0x74,0x79,0x70,0x65,0x5f,0x72,0x65,0x66,0x70,0x73,0x79,0x73,0x74,0x65,0x6d
	.byte 0x2f,0x74,0x72,0x65,0x65,0x2f,0x70,0x61,0x74,0x68,0x6d,0x73,0x75,0x62,0x67,0x72
	.byte 0x61,0x70,0x68,0x5f,0x70,0x61,0x74,0x68,0xa1,0x68,0x74,0x79,0x70,0x65,0x5f,0x72
	.byte 0x65,0x66,0x70,0x73,0x79,0x73,0x74,0x65,0x6d,0x2f,0x74,0x72,0x65,0x65,0x2f,0x70
	.byte 0x61,0x74,0x68,0x71,0x69,0x6d,0x70,0x75,0x72,0x65,0x5f,0x6f,0x70,0x65,0x72,0x61
	.byte 0x74,0x69,0x6f,0x6e,0x73,0xa1,0x68,0x74,0x79,0x70,0x65,0x5f,0x72,0x65,0x66,0x6d
	.byte 0x70,0x72,0x69,0x6d,0x69,0x74,0x69,0x76,0x65,0x2f,0x61,0x6e,0x79,0x64,0x74,0x79
	.byte 0x70,0x65,0x6b,0x73,0x79,0x73,0x74,0x65,0x6d,0x2f,0x74,0x79,0x70,0x65,0x6c,0x63
	.byte 0x6f,0x6e,0x74,0x65,0x6e,0x74,0x5f,0x68,0x61,0x73,0x68,0x58,0x21,0x00,0x0a,0xc0
	.byte 0x09,0x40,0x3d,0xdb,0x55,0x27,0xd7,0x71,0x77,0xe8,0x69,0x39,0xd5,0xba,0x6c,0xa1
	.byte 0xde,0x4a,0x7f,0x15,0xf0,0x46,0x40,0x56,0xb5,0xe7,0xdb,0x49,0x46,0xf4
.Ltb58:
	.byte 0xa3,0x64,0x64,0x61,0x74,0x61,0xa2,0x64,0x6e,0x61,0x6d,0x65,0x77,0x73,0x79,0x73
	.byte 0x74,0x65,0x6d,0x2f,0x63,0x6f,0x6d,0x70,0x75,0x74,0x65,0x2f,0x6d,0x61,0x70,0x2d
	.byte 0x61,0x72,0x67,0x73,0x66,0x66,0x69,0x65,0x6c,0x64,0x73,0xa2,0x62,0x66,0x6e,0xa1
	.byte 0x68,0x74,0x79,0x70,0x65,0x5f,0x72,0x65,0x66,0x6b,0x73,0x79,0x73,0x74,0x65,0x6d
	.byte 0x2f,0x68,0x61,0x73,0x68,0x6a,0x63,0x6f,0x6c,0x6c,0x65,0x63,0x74,0x69,0x6f,0x6e
	.byte 0xa1,0x68,0x74,0x79,0x70,0x65,0x5f,0x72,0x65,0x66,0x6b,0x73,0x79,0x73,0x74,0x65
	.byte 0x6d,0x2f,0x68,0x61,0x73,0x68,0x64,0x74,0x79,0x70,0x65,0x6b,0x73,0x79,0x73,0x74
	.byte 0x65,0x6d,0x2f,0x74,0x79,0x70,0x65,0x6c,0x63,0x6f,0x6e,0x74,0x65,0x6e,0x74,0x5f
	.byte 0x68,0x61,0x73,0x68,0x58,0x21,0x00,0x3a,0xba,0x68,0x5f,0x24,0x01,0xbb,0xa8,0x7a
	.byte 0xae,0x9e,0x3f,0xf3,0x51,0x27,0x15,0x77,0xef,0x17,0xab,0x2a,0x95,0x42,0xcf,0xd7
	.byte 0x55,0xdb,0x6c,0x90,0xe9,0x1c,0x29
.Ltb59:
	.byte 0xa3,0x64,0x64,0x61,0x74,0x61,0xa2,0x64,0x6e,0x61,0x6d,0x65,0x78,0x1c,0x73,0x79
	.byte 0x73,0x74,0x65,0x6d,0x2f,0x63,0x6f,0x6d,0x70,0x75,0x74,0x65,0x2f,0x73,0x63,0x6f
	.byte 0x70,0x65,0x2d,0x62,0x69,0x6e,0x64,0x69,0x6e,0x67,0x66,0x66,0x69,0x65,0x6c,0x64
	.byte 0x73,0xa3,0x64,0x6b,0x69,0x6e,0x64,0xa1,0x68,0x74,0x79,0x70,0x65,0x5f,0x72,0x65
	.byte 0x66,0x70,0x70,0x72,0x69,0x6d,0x69,0x74,0x69,0x76,0x65,0x2f,0x73,0x74,0x72,0x69
	.byte 0x6e,0x67,0x65,0x76,0x61,0x6c,0x75,0x65,0xa2,0x68,0x6f,0x70,0x74,0x69,0x6f,0x6e
	.byte 0x61,0x6c,0xf5,0x68,0x74,0x79,0x70,0x65,0x5f,0x72,0x65,0x66,0x6d,0x70,0x72,0x69
	.byte 0x6d,0x69,0x74,0x69,0x76,0x65,0x2f,0x61,0x6e,0x79,0x6b,0x65,0x6e,0x74,0x69,0x74
	.byte 0x79,0x5f,0x68,0x61,0x73,0x68,0xa2,0x68,0x6f,0x70,0x74,0x69,0x6f,0x6e,0x61,0x6c
	.byte 0xf5,0x68,0x74,0x79,0x70,0x65,0x5f,0x72,0x65,0x66,0x6b,0x73,0x79,0x73,0x74,0x65
	.byte 0x6d,0x2f,0x68,0x61,0x73,0x68,0x64,0x74,0x79,0x70,0x65,0x6b,0x73,0x79,0x73,0x74
	.byte 0x65,0x6d,0x2f,0x74,0x79,0x70,0x65,0x6c,0x63,0x6f,0x6e,0x74,0x65,0x6e,0x74,0x5f
	.byte 0x68,0x61,0x73,0x68,0x58,0x21,0x00,0xb7,0x26,0x99,0x7f,0x6f,0xd6,0xec,0x50,0xaa
	.byte 0x41,0xbc,0x70,0xa2,0x41,0x8a,0x77,0x8e,0x95,0x72,0xf1,0x4f,0x0c,0xf5,0x6c,0x3f
	.byte 0x87,0xfa,0x28,0x84,0x0c,0xaa,0xb5
.Ltb60:
	.byte 0xa3,0x64,0x64,0x61,0x74,0x61,0xa2,0x64,0x6e,0x61,0x6d,0x65,0x78,0x19,0x73,0x79
	.byte 0x73,0x74,0x65,0x6d,0x2f,0x63,0x6f,0x6d,0x70,0x75,0x74,0x65,0x2f,0x73,0x74,0x6f
	.byte 0x72,0x65,0x2d,0x61,0x72,0x67,0x73,0x66,0x66,0x69,0x65,0x6c,0x64,0x73,0xa2,0x64
	.byte 0x70,0x61,0x74,0x68,0xa1,0x68,0x74,0x79,0x70,0x65,0x5f,0x72,0x65,0x66,0x70,0x73
	.byte 0x79,0x73,0x74,0x65,0x6d,0x2f,0x74,0x72,0x65,0x65,0x2f,0x70,0x61,0x74,0x68,0x65
	.byte 0x76,0x61,0x6c,0x75,0x65,0xa1,0x68,0x74,0x79,0x70,0x65,0x5f,0x72,0x65,0x66,0x6b
	.byte 0x73,0x79,0x73,0x74,0x65,0x6d,0x2f,0x68,0x61,0x73,0x68,0x64,0x74,0x79,0x70,0x65
	.byte 0x6b,0x73,0x79,0x73,0x74,0x65,0x6d,0x2f,0x74,0x79,0x70,0x65,0x6c,0x63,0x6f,0x6e
	.byte 0x74,0x65,0x6e,0x74,0x5f,0x68,0x61,0x73,0x68,0x58,0x21,0x00,0x54,0x17,0x94,0xd6
	.byte 0xdc,0xe0,0x85,0xce,0x17,0x68,0x02,0x97,0x41,0x69,0xb8,0xc6,0x3b,0x81,0xf6,0x19
	.byte 0x72,0x03,0xca,0x2a,0xe1,0xa9,0x5b,0x5e,0x97,0xc2,0xb4,0xa2
.Ltb61:
	.byte 0xa3,0x64,0x64,0x61,0x74,0x61,0xa2,0x64,0x6e,0x61,0x6d,0x65,0x77,0x73,0x79,0x73
	.byte 0x74,0x65,0x6d,0x2f,0x63,0x6f,0x6d,0x70,0x75,0x74,0x65,0x2f,0x73,0x75,0x62,0x67
	.byte 0x72,0x61,0x70,0x68,0x66,0x66,0x69,0x65,0x6c,0x64,0x73,0xa7,0x66,0x73,0x74,0x61
	.byte 0x74,0x75,0x73,0xa1,0x68,0x74,0x79,0x70,0x65,0x5f,0x72,0x65,0x66,0x70,0x70,0x72
	.byte 0x69,0x6d,0x69,0x74,0x69,0x76,0x65,0x2f,0x73,0x74,0x72,0x69,0x6e,0x67,0x6b,0x72
	.byte 0x65,0x73,0x75,0x6c,0x74,0x5f,0x70,0x61,0x74,0x68,0xa1,0x68,0x74,0x79,0x70,0x65
	.byte 0x5f,0x72,0x65,0x66,0x70,0x73,0x79,0x73,0x74,0x65,0x6d,0x2f,0x74,0x72,0x65,0x65
	.byte 0x2f,0x70,0x61,0x74,0x68,0x6c,0x69,0x6e,0x73,0x74,0x61,0x6c,0x6c,0x65,0x64,0x5f
	.byte 0x62,0x79,0xa1,0x68,0x74,0x79,0x70,0x65,0x5f,0x72,0x65,0x66,0x6b,0x73,0x79,0x73
	.byte 0x74,0x65,0x6d,0x2f,0x68,0x61,0x73,0x68,0x6f,0x72,0x6f,0x6f,0x74,0x5f,0x65,0x78
	.byte 0x70,0x72,0x65,0x73,0x73,0x69,0x6f,0x6e,0xa1,0x68,0x74,0x79,0x70,0x65,0x5f,0x72
	.byte 0x65,0x66,0x6b,0x73,0x79,0x73,0x74,0x65,0x6d,0x2f,0x68,0x61,0x73,0x68,0x72,0x69
	.byte 0x6e,0x73,0x74,0x61,0x6c,0x6c,0x61,0x74,0x69,0x6f,0x6e,0x5f,0x67,0x72,0x61,0x6e
	.byte 0x74,0xa1,0x68,0x74,0x79,0x70,0x65,0x5f,0x72,0x65,0x66,0x6b,0x73,0x79,0x73,0x74
	.byte 0x65,0x6d,0x2f,0x68,0x61,0x73,0x68,0x74,0x72,0x6f,0x6f,0x74,0x5f,0x65,0x78,0x70
	.byte 0x72,0x65,0x73,0x73,0x69,0x6f,0x6e,0x5f,0x70,0x61,0x74,0x68,0xa1,0x68,0x74,0x79
	.byte 0x70,0x65,0x5f,0x72,0x65,0x66,0x70,0x73,0x79,0x73,0x74,0x65,0x6d,0x2f,0x74,0x72
	.byte 0x65,0x65,0x2f,0x70,0x61,0x74,0x68,0x76,0x61,0x75,0x74,0x68,0x6f,0x72,0x69,0x7a
	.byte 0x65,0x64,0x5f,0x64,0x61,0x74,0x61,0x5f,0x68,0x61,0x73,0x68,0x65,0x73,0xa2,0x68
	.byte 0x61,0x72,0x72,0x61,0x79,0x5f,0x6f,0x66,0xa1,0x68,0x74,0x79,0x70,0x65,0x5f,0x72
	.byte 0x65,0x66,0x6b,0x73,0x79,0x73,0x74,0x65,0x6d,0x2f,0x68,0x61,0x73,0x68,0x68,0x6f
	.byte 0x70,0x74,0x69,0x6f,0x6e,0x61,0x6c,0xf5,0x64,0x74,0x79,0x70,0x65,0x6b,0x73,0x79
	.byte 0x73,0x74,0x65,0x6d,0x2f,0x74,0x79,0x70,0x65,0x6c,0x63,0x6f,0x6e,0x74,0x65,0x6e
	.byte 0x74,0x5f,0x68,0x61,0x73,0x68,0x58,0x21,0x00,0x48,0x19,0x29,0xe5,0x1a,0xec,0xdd
	.byte 0x06,0x69,0x4f,0x1a,0x20,0xa4,0xc5,0x0b,0xb8,0x15,0x81,0x21,0xad,0xbe,0x09,0x02
	.byte 0x67,0x67,0xc8,0xab,0x72,0x11,0x15,0xa6,0x64
.Ltb62:
	.byte 0xa3,0x64,0x64,0x61,0x74,0x61,0xa2,0x64,0x6e,0x61,0x6d,0x65,0x73,0x73,0x79,0x73
	.byte 0x74,0x65,0x6d,0x2f,0x63,0x6f,0x6e,0x74,0x65,0x6e,0x74,0x2f,0x62,0x6c,0x6f,0x62
	.byte 0x66,0x66,0x69,0x65,0x6c,0x64,0x73,0xa4,0x66,0x63,0x68,0x75,0x6e,0x6b,0x73,0xa1
	.byte 0x68,0x61,0x72,0x72,0x61,0x79,0x5f,0x6f,0x66,0xa1,0x68,0x74,0x79,0x70,0x65,0x5f
	.byte 0x72,0x65,0x66,0x6b,0x73,0x79,0x73,0x74,0x65,0x6d,0x2f,0x68,0x61,0x73,0x68,0x68
	.byte 0x63,0x68,0x75,0x6e,0x6b,0x69,0x6e,0x67,0xa1,0x68,0x74,0x79,0x70,0x65,0x5f,0x72
	.byte 0x65,0x66,0x6e,0x70,0x72,0x69,0x6d,0x69,0x74,0x69,0x76,0x65,0x2f,0x75,0x69,0x6e
	.byte 0x74,0x6a,0x63,0x68,0x75,0x6e,0x6b,0x5f,0x73,0x69,0x7a,0x65,0xa1,0x68,0x74,0x79
	.byte 0x70,0x65,0x5f,0x72,0x65,0x66,0x6e,0x70,0x72,0x69,0x6d,0x69,0x74,0x69,0x76,0x65
	.byte 0x2f,0x75,0x69,0x6e,0x74,0x6a,0x74,0x6f,0x74,0x61,0x6c,0x5f,0x73,0x69,0x7a,0x65
	.byte 0xa1,0x68,0x74,0x79,0x70,0x65,0x5f,0x72,0x65,0x66,0x6e,0x70,0x72,0x69,0x6d,0x69
	.byte 0x74,0x69,0x76,0x65,0x2f,0x75,0x69,0x6e,0x74,0x64,0x74,0x79,0x70,0x65,0x6b,0x73
	.byte 0x79,0x73,0x74,0x65,0x6d,0x2f,0x74,0x79,0x70,0x65,0x6c,0x63,0x6f,0x6e,0x74,0x65
	.byte 0x6e,0x74,0x5f,0x68,0x61,0x73,0x68,0x58,0x21,0x00,0xab,0xf5,0xb0,0x23,0x86,0xb2
	.byte 0x57,0x2a,0x70,0xc0,0x8d,0xdb,0xb0,0xd5,0xcf,0xc8,0x70,0xcd,0x2f,0xe4,0xc4,0x21
	.byte 0xee,0x41,0xe9,0xd3,0x5e,0x2e,0xf9,0xa8,0xd4,0x63
.Ltb63:
	.byte 0xa3,0x64,0x64,0x61,0x74,0x61,0xa2,0x64,0x6e,0x61,0x6d,0x65,0x74,0x73,0x79,0x73
	.byte 0x74,0x65,0x6d,0x2f,0x63,0x6f,0x6e,0x74,0x65,0x6e,0x74,0x2f,0x63,0x68,0x75,0x6e
	.byte 0x6b,0x66,0x66,0x69,0x65,0x6c,0x64,0x73,0xa1,0x67,0x70,0x61,0x79,0x6c,0x6f,0x61
	.byte 0x64,0xa1,0x68,0x74,0x79,0x70,0x65,0x5f,0x72,0x65,0x66,0x6f,0x70,0x72,0x69,0x6d
	.byte 0x69,0x74,0x69,0x76,0x65,0x2f,0x62,0x79,0x74,0x65,0x73,0x64,0x74,0x79,0x70,0x65
	.byte 0x6b,0x73,0x79,0x73,0x74,0x65,0x6d,0x2f,0x74,0x79,0x70,0x65,0x6c,0x63,0x6f,0x6e
	.byte 0x74,0x65,0x6e,0x74,0x5f,0x68,0x61,0x73,0x68,0x58,0x21,0x00,0x91,0x91,0xac,0x8a
	.byte 0x70,0xf5,0xe4,0x2d,0x4a,0xbb,0x5a,0x0f,0x5f,0x34,0xfe,0x21,0xa8,0x5b,0xa6,0xa9
	.byte 0x9a,0xc8,0x02,0x87,0xa7,0xfc,0xae,0x59,0x92,0x14,0xc1,0x91
.Ltb64:
	.byte 0xa3,0x64,0x64,0x61,0x74,0x61,0xa2,0x64,0x6e,0x61,0x6d,0x65,0x78,0x19,0x73,0x79
	.byte 0x73,0x74,0x65,0x6d,0x2f,0x63,0x6f,0x6e,0x74,0x65,0x6e,0x74,0x2f,0x64,0x65,0x73
	.byte 0x63,0x72,0x69,0x70,0x74,0x6f,0x72,0x66,0x66,0x69,0x65,0x6c,0x64,0x73,0xa5,0x64
	.byte 0x6e,0x61,0x6d,0x65,0xa2,0x68,0x6f,0x70,0x74,0x69,0x6f,0x6e,0x61,0x6c,0xf5,0x68
	.byte 0x74,0x79,0x70,0x65,0x5f,0x72,0x65,0x66,0x70,0x70,0x72,0x69,0x6d,0x69,0x74,0x69
	.byte 0x76,0x65,0x2f,0x73,0x74,0x72,0x69,0x6e,0x67,0x67,0x63,0x6f,0x6e,0x74,0x65,0x6e
	.byte 0x74,0xa1,0x68,0x74,0x79,0x70,0x65,0x5f,0x72,0x65,0x66,0x6b,0x73,0x79,0x73,0x74
	.byte 0x65,0x6d,0x2f,0x68,0x61,0x73,0x68,0x68,0x6d,0x65,0x74,0x61,0x64,0x61,0x74,0x61
	.byte 0xa2,0x68,0x6f,0x70,0x74,0x69,0x6f,0x6e,0x61,0x6c,0xf5,0x68,0x74,0x79,0x70,0x65
	.byte 0x5f,0x72,0x65,0x66,0x6d,0x70,0x72,0x69,0x6d,0x69,0x74,0x69,0x76,0x65,0x2f,0x61
	.byte 0x6e,0x79,0x68,0x74,0x79,0x70,0x65,0x5f,0x72,0x65,0x66,0xa2,0x68,0x6f,0x70,0x74
	.byte 0x69,0x6f,0x6e,0x61,0x6c,0xf5,0x68,0x74,0x79,0x70,0x65,0x5f,0x72,0x65,0x66,0x6b
	.byte 0x73,0x79,0x73,0x74,0x65,0x6d,0x2f,0x68,0x61,0x73,0x68,0x6a,0x6d,0x65,0x64,0x69
	.byte 0x61,0x5f,0x74,0x79,0x70,0x65,0xa2,0x68,0x6f,0x70,0x74,0x69,0x6f,0x6e,0x61,0x6c
	.byte 0xf5,0x68,0x74,0x79,0x70,0x65,0x5f,0x72,0x65,0x66,0x70,0x70,0x72,0x69,0x6d,0x69
	.byte 0x74,0x69,0x76,0x65,0x2f,0x73,0x74,0x72,0x69,0x6e,0x67,0x64,0x74,0x79,0x70,0x65
	.byte 0x6b,0x73,0x79,0x73,0x74,0x65,0x6d,0x2f,0x74,0x79,0x70,0x65,0x6c,0x63,0x6f,0x6e
	.byte 0x74,0x65,0x6e,0x74,0x5f,0x68,0x61,0x73,0x68,0x58,0x21,0x00,0x7c,0xf3,0x6f,0xb1
	.byte 0x62,0x08,0x85,0x68,0x9b,0x63,0xdb,0x57,0x86,0xe1,0x67,0x10,0x70,0xb8,0x51,0x37
	.byte 0x6a,0x00,0x05,0x10,0xa3,0x02,0x80,0x11,0x71,0x39,0xcf,0x98
.Ltb65:
	.byte 0xa3,0x64,0x64,0x61,0x74,0x61,0xa2,0x64,0x6e,0x61,0x6d,0x65,0x73,0x73,0x79,0x73
	.byte 0x74,0x65,0x6d,0x2f,0x63,0x6f,0x6e,0x74,0x69,0x6e,0x75,0x61,0x74,0x69,0x6f,0x6e
	.byte 0x66,0x66,0x69,0x65,0x6c,0x64,0x73,0xab,0x66,0x70,0x61,0x72,0x61,0x6d,0x73,0xa2
	.byte 0x68,0x6f,0x70,0x74,0x69,0x6f,0x6e,0x61,0x6c,0xf5,0x68,0x74,0x79,0x70,0x65,0x5f
	.byte 0x72,0x65,0x66,0x6d,0x70,0x72,0x69,0x6d,0x69,0x74,0x69,0x76,0x65,0x2f,0x61,0x6e
	.byte 0x79,0x66,0x74,0x61,0x72,0x67,0x65,0x74,0xa1,0x68,0x74,0x79,0x70,0x65,0x5f,0x72
	.byte 0x65,0x66,0x70,0x73,0x79,0x73,0x74,0x65,0x6d,0x2f,0x74,0x72,0x65,0x65,0x2f,0x70
	.byte 0x61,0x74,0x68,0x68,0x6f,0x6e,0x5f,0x65,0x72,0x72,0x6f,0x72,0xa2,0x68,0x6f,0x70
	.byte 0x74,0x69,0x6f,0x6e,0x61,0x6c,0xf5,0x68,0x74,0x79,0x70,0x65,0x5f,0x72,0x65,0x66
	.byte 0x74,0x73,0x79,0x73,0x74,0x65,0x6d,0x2f,0x64,0x65,0x6c,0x69,0x76,0x65,0x72,0x79
	.byte 0x2d,0x73,0x70,0x65,0x63,0x68,0x72,0x65,0x73,0x6f,0x75,0x72,0x63,0x65,0xa2,0x68
	.byte 0x6f,0x70,0x74,0x69,0x6f,0x6e,0x61,0x6c,0xf5,0x68,0x74,0x79,0x70,0x65,0x5f,0x72
	.byte 0x65,0x66,0x78,0x1f,0x73,0x79,0x73,0x74,0x65,0x6d,0x2f,0x70,0x72,0x6f,0x74,0x6f
	.byte 0x63,0x6f,0x6c,0x2f,0x72,0x65,0x73,0x6f,0x75,0x72,0x63,0x65,0x2d,0x74,0x61,0x72
	.byte 0x67,0x65,0x74,0x69,0x6f,0x70,0x65,0x72,0x61,0x74,0x69,0x6f,0x6e,0xa1,0x68,0x74
	.byte 0x79,0x70,0x65,0x5f,0x72,0x65,0x66,0x70,0x70,0x72,0x69,0x6d,0x69,0x74,0x69,0x76
	.byte 0x65,0x2f,0x73,0x74,0x72,0x69,0x6e,0x67,0x6a,0x64,0x65,0x6c,0x69,0x76,0x65,0x72
	.byte 0x5f,0x74,0x6f,0xa2,0x68,0x6f,0x70,0x74,0x69,0x6f,0x6e,0x61,0x6c,0xf5,0x68,0x74
	.byte 0x79,0x70,0x65,0x5f,0x72,0x65,0x66,0x74,0x73,0x79,0x73,0x74,0x65,0x6d,0x2f,0x64
	.byte 0x65,0x6c,0x69,0x76,0x65,0x72,0x79,0x2d,0x73,0x70,0x65,0x63,0x6c,0x72,0x65,0x73
	.byte 0x75,0x6c,0x74,0x5f,0x66,0x69,0x65,0x6c,0x64,0xa2,0x68,0x6f,0x70,0x74,0x69,0x6f
	.byte 0x6e,0x61,0x6c,0xf5,0x68,0x74,0x79,0x70,0x65,0x5f,0x72,0x65,0x66,0x70,0x70,0x72
	.byte 0x69,0x6d,0x69,0x74,0x69,0x76,0x65,0x2f,0x73,0x74,0x72,0x69,0x6e,0x67,0x6c,0x72
	.byte 0x65,0x73,0x75,0x6c,0x74,0x5f,0x6d,0x65,0x72,0x67,0x65,0xa2,0x68,0x6f,0x70,0x74
	.byte 0x69,0x6f,0x6e,0x61,0x6c,0xf5,0x68,0x74,0x79,0x70,0x65,0x5f,0x72,0x65,0x66,0x6e
	.byte 0x70,0x72,0x69,0x6d,0x69,0x74,0x69,0x76,0x65,0x2f,0x62,0x6f,0x6f,0x6c,0x70,0x72
	.byte 0x65,0x73,0x75,0x6c,0x74,0x5f,0x74,0x72,0x61,0x6e,0x73,0x66,0x6f,0x72,0x6d,0xa2
	.byte 0x68,0x6f,0x70,0x74,0x69,0x6f,0x6e,0x61,0x6c,0xf5,0x68,0x74,0x79,0x70,0x65,0x5f
	.byte 0x72,0x65,0x66,0x78,0x1d,0x73,0x79,0x73,0x74,0x65,0x6d,0x2f,0x63,0x6f,0x6e,0x74
	.byte 0x69,0x6e,0x75,0x61,0x74,0x69,0x6f,0x6e,0x2f,0x74,0x72,0x61,0x6e,0x73,0x66,0x6f
	.byte 0x72,0x6d,0x73,0x64,0x69,0x73,0x70,0x61,0x74,0x63,0x68,0x5f,0x63,0x61,0x70,0x61
	.byte 0x62,0x69,0x6c,0x69,0x74,0x79,0xa2,0x68,0x6f,0x70,0x74,0x69,0x6f,0x6e,0x61,0x6c
	.byte 0xf5,0x68,0x74,0x79,0x70,0x65,0x5f,0x72,0x65,0x66,0x6b,0x73,0x79,0x73,0x74,0x65
	.byte 0x6d,0x2f,0x68,0x61,0x73,0x68,0x74,0x72,0x65,0x6d,0x61,0x69,0x6e,0x69,0x6e,0x67
	.byte 0x5f,0x65,0x78,0x65,0x63,0x75,0x74,0x69,0x6f,0x6e,0x73,0xa2,0x68,0x6f,0x70,0x74
	.byte 0x69,0x6f,0x6e,0x61,0x6c,0xf5,0x68,0x74,0x79,0x70,0x65,0x5f,0x72,0x65,0x66,0x6e
	.byte 0x70,0x72,0x69,0x6d,0x69,0x74,0x69,0x76,0x65,0x2f,0x75,0x69,0x6e,0x74,0x64,0x74
	.byte 0x79,0x70,0x65,0x6b,0x73,0x79,0x73,0x74,0x65,0x6d,0x2f,0x74,0x79,0x70,0x65,0x6c
	.byte 0x63,0x6f,0x6e,0x74,0x65,0x6e,0x74,0x5f,0x68,0x61,0x73,0x68,0x58,0x21,0x00,0xd3
	.byte 0x71,0x0b,0x45,0x02,0xd5,0xcc,0xdd,0x69,0xc2,0xe4,0x57,0xc2,0x18,0xed,0x25,0x4c
	.byte 0x05,0x74,0x30,0x3b,0xe3,0xf4,0x98,0xff,0xfe,0x8a,0x5c,0x56,0x1b,0x0b,0x64
.Ltb66:
	.byte 0xa3,0x64,0x64,0x61,0x74,0x61,0xa1,0x64,0x6e,0x61,0x6d,0x65,0x78,0x23,0x73,0x79
	.byte 0x73,0x74,0x65,0x6d,0x2f,0x63,0x6f,0x6e,0x74,0x69,0x6e,0x75,0x61,0x74,0x69,0x6f
	.byte 0x6e,0x2f,0x61,0x62,0x61,0x6e,0x64,0x6f,0x6e,0x2d,0x72,0x65,0x71,0x75,0x65,0x73
	.byte 0x74,0x64,0x74,0x79,0x70,0x65,0x6b,0x73,0x79,0x73,0x74,0x65,0x6d,0x2f,0x74,0x79
	.byte 0x70,0x65,0x6c,0x63,0x6f,0x6e,0x74,0x65,0x6e,0x74,0x5f,0x68,0x61,0x73,0x68,0x58
	.byte 0x21,0x00,0x97,0x28,0x99,0x14,0x2a,0x9a,0x42,0x67,0x12,0xac,0x3b,0x35,0x7b,0x3b
	.byte 0xfa,0xbf,0x6f,0x39,0x54,0x2c,0x94,0x3b,0x01,0x69,0xab,0xd9,0x76,0x5a,0xa4,0x63
	.byte 0xff,0x49
.Ltb67:
	.byte 0xa3,0x64,0x64,0x61,0x74,0x61,0xa2,0x64,0x6e,0x61,0x6d,0x65,0x78,0x23,0x73,0x79
	.byte 0x73,0x74,0x65,0x6d,0x2f,0x63,0x6f,0x6e,0x74,0x69,0x6e,0x75,0x61,0x74,0x69,0x6f
	.byte 0x6e,0x2f,0x61,0x64,0x76,0x61,0x6e,0x63,0x65,0x2d,0x72,0x65,0x71,0x75,0x65,0x73
	.byte 0x74,0x66,0x66,0x69,0x65,0x6c,0x64,0x73,0xa2,0x66,0x72,0x65,0x73,0x75,0x6c,0x74
	.byte 0xa2,0x68,0x6f,0x70,0x74,0x69,0x6f,0x6e,0x61,0x6c,0xf5,0x68,0x74,0x79,0x70,0x65
	.byte 0x5f,0x72,0x65,0x66,0x6d,0x70,0x72,0x69,0x6d,0x69,0x74,0x69,0x76,0x65,0x2f,0x61
	.byte 0x6e,0x79,0x66,0x73,0x74,0x61,0x74,0x75,0x73,0xa2,0x68,0x6f,0x70,0x74,0x69,0x6f
	.byte 0x6e,0x61,0x6c,0xf5,0x68,0x74,0x79,0x70,0x65,0x5f,0x72,0x65,0x66,0x6e,0x70,0x72
	.byte 0x69,0x6d,0x69,0x74,0x69,0x76,0x65,0x2f,0x75,0x69,0x6e,0x74,0x64,0x74,0x79,0x70
	.byte 0x65,0x6b,0x73,0x79,0x73,0x74,0x65,0x6d,0x2f,0x74,0x79,0x70,0x65,0x6c,0x63,0x6f
	.byte 0x6e,0x74,0x65,0x6e,0x74,0x5f,0x68,0x61,0x73,0x68,0x58,0x21,0x00,0x67,0x87,0xb3
	.byte 0xdb,0x65,0x55,0x29,0xa9,0x63,0x3f,0x37,0xdb,0xba,0x07,0x78,0xe4,0x39,0xaa,0xe4
	.byte 0x2a,0x31,0x7c,0x41,0xee,0xc5,0x84,0xa7,0x6d,0xa3,0x9d,0xe9,0x4e
.Ltb68:
	.byte 0xa3,0x64,0x64,0x61,0x74,0x61,0xa2,0x64,0x6e,0x61,0x6d,0x65,0x78,0x22,0x73,0x79
	.byte 0x73,0x74,0x65,0x6d,0x2f,0x63,0x6f,0x6e,0x74,0x69,0x6e,0x75,0x61,0x74,0x69,0x6f
	.byte 0x6e,0x2f,0x69,0x6e,0x73,0x74,0x61,0x6c,0x6c,0x2d,0x72,0x65,0x73,0x75,0x6c,0x74
	.byte 0x66,0x66,0x69,0x65,0x6c,0x64,0x73,0xa1,0x64,0x70,0x61,0x74,0x68,0xa1,0x68,0x74
	.byte 0x79,0x70,0x65,0x5f,0x72,0x65,0x66,0x70,0x73,0x79,0x73,0x74,0x65,0x6d,0x2f,0x74
	.byte 0x72,0x65,0x65,0x2f,0x70,0x61,0x74,0x68,0x64,0x74,0x79,0x70,0x65,0x6b,0x73,0x79
	.byte 0x73,0x74,0x65,0x6d,0x2f,0x74,0x79,0x70,0x65,0x6c,0x63,0x6f,0x6e,0x74,0x65,0x6e
	.byte 0x74,0x5f,0x68,0x61,0x73,0x68,0x58,0x21,0x00,0x2d,0x1b,0x4f,0xe9,0xb1,0xf6,0xff
	.byte 0xc1,0x6e,0x37,0xfb,0x46,0xc7,0x84,0x51,0x49,0x2c,0xc4,0x95,0x6f,0x76,0x7e,0x9d
	.byte 0xed,0xd8,0x79,0x8e,0x9c,0xe4,0x00,0xfe,0xa6
.Ltb69:
	.byte 0xa3,0x64,0x64,0x61,0x74,0x61,0xa2,0x64,0x6e,0x61,0x6d,0x65,0x78,0x18,0x73,0x79
	.byte 0x73,0x74,0x65,0x6d,0x2f,0x63,0x6f,0x6e,0x74,0x69,0x6e,0x75,0x61,0x74,0x69,0x6f
	.byte 0x6e,0x2f,0x6a,0x6f,0x69,0x6e,0x66,0x66,0x69,0x65,0x6c,0x64,0x73,0xab,0x66,0x70
	.byte 0x61,0x72,0x61,0x6d,0x73,0xa2,0x68,0x6f,0x70,0x74,0x69,0x6f,0x6e,0x61,0x6c,0xf5
	.byte 0x68,0x74,0x79,0x70,0x65,0x5f,0x72,0x65,0x66,0x6d,0x70,0x72,0x69,0x6d,0x69,0x74
	.byte 0x69,0x76,0x65,0x2f,0x61,0x6e,0x79,0x66,0x74,0x61,0x72,0x67,0x65,0x74,0xa1,0x68
	.byte 0x74,0x79,0x70,0x65,0x5f,0x72,0x65,0x66,0x70,0x73,0x79,0x73,0x74,0x65,0x6d,0x2f
	.byte 0x74,0x72,0x65,0x65,0x2f,0x70,0x61,0x74,0x68,0x68,0x65,0x78,0x70,0x65,0x63,0x74
	.byte 0x65,0x64,0xa1,0x68,0x61,0x72,0x72,0x61,0x79,0x5f,0x6f,0x66,0xa1,0x68,0x74,0x79
	.byte 0x70,0x65,0x5f,0x72,0x65,0x66,0x70,0x70,0x72,0x69,0x6d,0x69,0x74,0x69,0x76,0x65
	.byte 0x2f,0x73,0x74,0x72,0x69,0x6e,0x67,0x68,0x6f,0x6e,0x5f,0x65,0x72,0x72,0x6f,0x72
	.byte 0xa2,0x68,0x6f,0x70,0x74,0x69,0x6f,0x6e,0x61,0x6c,0xf5,0x68,0x74,0x79,0x70,0x65
	.byte 0x5f,0x72,0x65,0x66,0x74,0x73,0x79,0x73,0x74,0x65,0x6d,0x2f,0x64,0x65,0x6c,0x69
	.byte 0x76,0x65,0x72,0x79,0x2d,0x73,0x70,0x65,0x63,0x68,0x72,0x65,0x63,0x65,0x69,0x76
	.byte 0x65,0x64,0xa2,0x66,0x6d,0x61,0x70,0x5f,0x6f,0x66,0xa1,0x68,0x74,0x79,0x70,0x65
	.byte 0x5f,0x72,0x65,0x66,0x6d,0x70,0x72,0x69,0x6d,0x69,0x74,0x69,0x76,0x65,0x2f,0x61
	.byte 0x6e,0x79,0x68,0x6f,0x70,0x74,0x69,0x6f,0x6e,0x61,0x6c,0xf5,0x68,0x72,0x65,0x73
	.byte 0x6f,0x75,0x72,0x63,0x65,0xa2,0x68,0x6f,0x70,0x74,0x69,0x6f,0x6e,0x61,0x6c,0xf5
	.byte 0x68,0x74,0x79,0x70,0x65,0x5f,0x72,0x65,0x66,0x78,0x1f,0x73,0x79,0x73,0x74,0x65
	.byte 0x6d,0x2f,0x70,0x72,0x6f,0x74,0x6f,0x63,0x6f,0x6c,0x2f,0x72,0x65,0x73,0x6f,0x75
	.byte 0x72,0x63,0x65,0x2d,0x74,0x61,0x72,0x67,0x65,0x74,0x69,0x6f,0x70,0x65,0x72,0x61
	.byte 0x74,0x69,0x6f,0x6e,0xa1,0x68,0x74,0x79,0x70,0x65,0x5f,0x72,0x65,0x66,0x70,0x70
	.byte 0x72,0x69,0x6d,0x69,0x74,0x69,0x76,0x65,0x2f,0x73,0x74,0x72,0x69,0x6e,0x67,0x6a
	.byte 0x64,0x65,0x6c,0x69,0x76,0x65,0x72,0x5f,0x74,0x6f,0xa2,0x68,0x6f,0x70,0x74,0x69
	.byte 0x6f,0x6e,0x61,0x6c,0xf5,0x68,0x74,0x79,0x70,0x65,0x5f,0x72,0x65,0x66,0x74,0x73
	.byte 0x79,0x73,0x74,0x65,0x6d,0x2f,0x64,0x65,0x6c,0x69,0x76,0x65,0x72,0x79,0x2d,0x73
	.byte 0x70,0x65,0x63,0x6c,0x72,0x65,0x73,0x75,0x6c,0x74,0x5f,0x66,0x69,0x65,0x6c,0x64
	.byte 0xa2,0x68,0x6f,0x70,0x74,0x69,0x6f,0x6e,0x61,0x6c,0xf5,0x68,0x74,0x79,0x70,0x65
	.byte 0x5f,0x72,0x65,0x66,0x70,0x70,0x72,0x69,0x6d,0x69,0x74,0x69,0x76,0x65,0x2f,0x73
	.byte 0x74,0x72,0x69,0x6e,0x67,0x73,0x64,0x69,0x73,0x70,0x61,0x74,0x63,0x68,0x5f,0x63
	.byte 0x61,0x70,0x61,0x62,0x69,0x6c,0x69,0x74,0x79,0xa2,0x68,0x6f,0x70,0x74,0x69,0x6f
	.byte 0x6e,0x61,0x6c,0xf5,0x68,0x74,0x79,0x70,0x65,0x5f,0x72,0x65,0x66,0x6b,0x73,0x79
	.byte 0x73,0x74,0x65,0x6d,0x2f,0x68,0x61,0x73,0x68,0x74,0x72,0x65,0x6d,0x61,0x69,0x6e
	.byte 0x69,0x6e,0x67,0x5f,0x65,0x78,0x65,0x63,0x75,0x74,0x69,0x6f,0x6e,0x73,0xa2,0x68
	.byte 0x6f,0x70,0x74,0x69,0x6f,0x6e,0x61,0x6c,0xf5,0x68,0x74,0x79,0x70,0x65,0x5f,0x72
	.byte 0x65,0x66,0x6e,0x70,0x72,0x69,0x6d,0x69,0x74,0x69,0x76,0x65,0x2f,0x75,0x69,0x6e
	.byte 0x74,0x64,0x74,0x79,0x70,0x65,0x6b,0x73,0x79,0x73,0x74,0x65,0x6d,0x2f,0x74,0x79
	.byte 0x70,0x65,0x6c,0x63,0x6f,0x6e,0x74,0x65,0x6e,0x74,0x5f,0x68,0x61,0x73,0x68,0x58
	.byte 0x21,0x00,0x3c,0x65,0xeb,0x66,0xa2,0x40,0x01,0x40,0x9c,0x21,0x47,0x2b,0x73,0xb2
	.byte 0x74,0xe0,0x56,0x5f,0xc8,0x50,0xa0,0x2e,0xc0,0x42,0x30,0x09,0x0a,0x35,0x11,0xe8
	.byte 0x1a,0x7d
.Ltb70:
	.byte 0xa3,0x64,0x64,0x61,0x74,0x61,0xa2,0x64,0x6e,0x61,0x6d,0x65,0x78,0x22,0x73,0x79
	.byte 0x73,0x74,0x65,0x6d,0x2f,0x63,0x6f,0x6e,0x74,0x69,0x6e,0x75,0x61,0x74,0x69,0x6f
	.byte 0x6e,0x2f,0x72,0x65,0x73,0x75,0x6d,0x65,0x2d,0x72,0x65,0x71,0x75,0x65,0x73,0x74
	.byte 0x66,0x66,0x69,0x65,0x6c,0x64,0x73,0xa3,0x66,0x62,0x6f,0x75,0x6e,0x64,0x73,0xa2
	.byte 0x68,0x6f,0x70,0x74,0x69,0x6f,0x6e,0x61,0x6c,0xf5,0x68,0x74,0x79,0x70,0x65,0x5f
	.byte 0x72,0x65,0x66,0x6d,0x73,0x79,0x73,0x74,0x65,0x6d,0x2f,0x62,0x6f,0x75,0x6e,0x64
	.byte 0x73,0x6a,0x64,0x65,0x6c,0x69,0x76,0x65,0x72,0x5f,0x74,0x6f,0xa2,0x68,0x6f,0x70
	.byte 0x74,0x69,0x6f,0x6e,0x61,0x6c,0xf5,0x68,0x74,0x79,0x70,0x65,0x5f,0x72,0x65,0x66
	.byte 0x74,0x73,0x79,0x73,0x74,0x65,0x6d,0x2f,0x64,0x65,0x6c,0x69,0x76,0x65,0x72,0x79
	.byte 0x2d,0x73,0x70,0x65,0x63,0x6a,0x72,0x65,0x73,0x6f,0x6c,0x75,0x74,0x69,0x6f,0x6e
	.byte 0xa2,0x68,0x6f,0x70,0x74,0x69,0x6f,0x6e,0x61,0x6c,0xf5,0x68,0x74,0x79,0x70,0x65
	.byte 0x5f,0x72,0x65,0x66,0x6d,0x70,0x72,0x69,0x6d,0x69,0x74,0x69,0x76,0x65,0x2f,0x61
	.byte 0x6e,0x79,0x64,0x74,0x79,0x70,0x65,0x6b,0x73,0x79,0x73,0x74,0x65,0x6d,0x2f,0x74
	.byte 0x79,0x70,0x65,0x6c,0x63,0x6f,0x6e,0x74,0x65,0x6e,0x74,0x5f,0x68,0x61,0x73,0x68
	.byte 0x58,0x21,0x00,0x88,0xf8,0xe5,0xe2,0xa1,0x32,0x59,0xf0,0x88,0x87,0x05,0x1e,0x99
	.byte 0x53,0x01,0x92,0x76,0xc9,0xb3,0xb9,0x35,0xe9,0xde,0x13,0xce,0x36,0x05,0xec,0x7e
	.byte 0x6a,0xee,0xac
.Ltb71:
	.byte 0xa3,0x64,0x64,0x61,0x74,0x61,0xa2,0x64,0x6e,0x61,0x6d,0x65,0x78,0x1d,0x73,0x79
	.byte 0x73,0x74,0x65,0x6d,0x2f,0x63,0x6f,0x6e,0x74,0x69,0x6e,0x75,0x61,0x74,0x69,0x6f
	.byte 0x6e,0x2f,0x73,0x75,0x73,0x70,0x65,0x6e,0x64,0x65,0x64,0x66,0x66,0x69,0x65,0x6c
	.byte 0x64,0x73,0xa8,0x66,0x70,0x61,0x72,0x61,0x6d,0x73,0xa2,0x68,0x6f,0x70,0x74,0x69
	.byte 0x6f,0x6e,0x61,0x6c,0xf5,0x68,0x74,0x79,0x70,0x65,0x5f,0x72,0x65,0x66,0x6d,0x70
	.byte 0x72,0x69,0x6d,0x69,0x74,0x69,0x76,0x65,0x2f,0x61,0x6e,0x79,0x66,0x72,0x65,0x61
	.byte 0x73,0x6f,0x6e,0xa1,0x68,0x74,0x79,0x70,0x65,0x5f,0x72,0x65,0x66,0x70,0x70,0x72
	.byte 0x69,0x6d,0x69,0x74,0x69,0x76,0x65,0x2f,0x73,0x74,0x72,0x69,0x6e,0x67,0x66,0x74
	.byte 0x61,0x72,0x67,0x65,0x74,0xa1,0x68,0x74,0x79,0x70,0x65,0x5f,0x72,0x65,0x66,0x70
	.byte 0x73,0x79,0x73,0x74,0x65,0x6d,0x2f,0x74,0x72,0x65,0x65,0x2f,0x70,0x61,0x74,0x68
	.byte 0x68,0x63,0x68,0x61,0x69,0x6e,0x5f,0x69,0x64,0xa1,0x68,0x74,0x79,0x70,0x65,0x5f
	.byte 0x72,0x65,0x66,0x70,0x70,0x72,0x69,0x6d,0x69,0x74,0x69,0x76,0x65,0x2f,0x73,0x74
	.byte 0x72,0x69,0x6e,0x67,0x68,0x72,0x65,0x73,0x6f,0x75,0x72,0x63,0x65,0xa2,0x68,0x6f
	.byte 0x70,0x74,0x69,0x6f,0x6e,0x61,0x6c,0xf5,0x68,0x74,0x79,0x70,0x65,0x5f,0x72,0x65
	.byte 0x66,0x78,0x1f,0x73,0x79,0x73,0x74,0x65,0x6d,0x2f,0x70,0x72,0x6f,0x74,0x6f,0x63
	.byte 0x6f,0x6c,0x2f,0x72,0x65,0x73,0x6f,0x75,0x72,0x63,0x65,0x2d,0x74,0x61,0x72,0x67
	.byte 0x65,0x74,0x69,0x6f,0x70,0x65,0x72,0x61,0x74,0x69,0x6f,0x6e,0xa1,0x68,0x74,0x79
	.byte 0x70,0x65,0x5f,0x72,0x65,0x66,0x70,0x70,0x72,0x69,0x6d,0x69,0x74,0x69,0x76,0x65
	.byte 0x2f,0x73,0x74,0x72,0x69,0x6e,0x67,0x6c,0x73,0x75,0x73,0x70,0x65,0x6e,0x64,0x65
	.byte 0x64,0x5f,0x61,0x74,0xa1,0x68,0x74,0x79,0x70,0x65,0x5f,0x72,0x65,0x66,0x6e,0x70
	.byte 0x72,0x69,0x6d,0x69,0x74,0x69,0x76,0x65,0x2f,0x75,0x69,0x6e,0x74,0x6f,0x6f,0x72
	.byte 0x69,0x67,0x69,0x6e,0x61,0x6c,0x5f,0x61,0x75,0x74,0x68,0x6f,0x72,0xa1,0x68,0x74
	.byte 0x79,0x70,0x65,0x5f,0x72,0x65,0x66,0x6b,0x73,0x79,0x73,0x74,0x65,0x6d,0x2f,0x68
	.byte 0x61,0x73,0x68,0x64,0x74,0x79,0x70,0x65,0x6b,0x73,0x79,0x73,0x74,0x65,0x6d,0x2f
	.byte 0x74,0x79,0x70,0x65,0x6c,0x63,0x6f,0x6e,0x74,0x65,0x6e,0x74,0x5f,0x68,0x61,0x73
	.byte 0x68,0x58,0x21,0x00,0x42,0x5a,0xb0,0x9a,0xee,0x16,0x3f,0x42,0x2b,0xf4,0xd5,0x6f
	.byte 0x06,0xf2,0xae,0x25,0x8d,0xb6,0x67,0xa7,0xfa,0xae,0x89,0x18,0x2b,0x9c,0x80,0x65
	.byte 0x77,0xad,0x88,0x1b
.Ltb72:
	.byte 0xa3,0x64,0x64,0x61,0x74,0x61,0xa2,0x64,0x6e,0x61,0x6d,0x65,0x78,0x1d,0x73,0x79
	.byte 0x73,0x74,0x65,0x6d,0x2f,0x63,0x6f,0x6e,0x74,0x69,0x6e,0x75,0x61,0x74,0x69,0x6f
	.byte 0x6e,0x2f,0x74,0x72,0x61,0x6e,0x73,0x66,0x6f,0x72,0x6d,0x66,0x66,0x69,0x65,0x6c
	.byte 0x64,0x73,0xa6,0x66,0x73,0x65,0x6c,0x65,0x63,0x74,0xa2,0x66,0x6d,0x61,0x70,0x5f
	.byte 0x6f,0x66,0xa1,0x68,0x74,0x79,0x70,0x65,0x5f,0x72,0x65,0x66,0x70,0x70,0x72,0x69
	.byte 0x6d,0x69,0x74,0x69,0x76,0x65,0x2f,0x73,0x74,0x72,0x69,0x6e,0x67,0x68,0x6f,0x70
	.byte 0x74,0x69,0x6f,0x6e,0x61,0x6c,0xf5,0x67,0x65,0x78,0x74,0x72,0x61,0x63,0x74,0xa2
	.byte 0x68,0x6f,0x70,0x74,0x69,0x6f,0x6e,0x61,0x6c,0xf5,0x68,0x74,0x79,0x70,0x65,0x5f
	.byte 0x72,0x65,0x66,0x70,0x70,0x72,0x69,0x6d,0x69,0x74,0x69,0x76,0x65,0x2f,0x73,0x74
	.byte 0x72,0x69,0x6e,0x67,0x6d,0x74,0x72,0x61,0x6e,0x73,0x66,0x6f,0x72,0x6d,0x5f,0x6f
	.byte 0x70,0x73,0xa2,0x68,0x61,0x72,0x72,0x61,0x79,0x5f,0x6f,0x66,0xa1,0x68,0x74,0x79
	.byte 0x70,0x65,0x5f,0x72,0x65,0x66,0x78,0x20,0x73,0x79,0x73,0x74,0x65,0x6d,0x2f,0x63
	.byte 0x6f,0x6e,0x74,0x69,0x6e,0x75,0x61,0x74,0x69,0x6f,0x6e,0x2f,0x74,0x72,0x61,0x6e
	.byte 0x73,0x66,0x6f,0x72,0x6d,0x2d,0x6f,0x70,0x68,0x6f,0x70,0x74,0x69,0x6f,0x6e,0x61
	.byte 0x6c,0xf5,0x6e,0x74,0x61,0x72,0x67,0x65,0x74,0x5f,0x65,0x78,0x74,0x72,0x61,0x63
	.byte 0x74,0xa2,0x68,0x6f,0x70,0x74,0x69,0x6f,0x6e,0x61,0x6c,0xf5,0x68,0x74,0x79,0x70
	.byte 0x65,0x5f,0x72,0x65,0x66,0x70,0x70,0x72,0x69,0x6d,0x69,0x74,0x69,0x76,0x65,0x2f
	.byte 0x73,0x74,0x72,0x69,0x6e,0x67,0x70,0x72,0x65,0x73,0x6f,0x75,0x72,0x63,0x65,0x5f
	.byte 0x65,0x78,0x74,0x72,0x61,0x63,0x74,0xa2,0x68,0x6f,0x70,0x74,0x69,0x6f,0x6e,0x61
	.byte 0x6c,0xf5,0x68,0x74,0x79,0x70,0x65,0x5f,0x72,0x65,0x66,0x70,0x70,0x72,0x69,0x6d
	.byte 0x69,0x74,0x69,0x76,0x65,0x2f,0x73,0x74,0x72,0x69,0x6e,0x67,0x71,0x6f,0x70,0x65
	.byte 0x72,0x61,0x74,0x69,0x6f,0x6e,0x5f,0x65,0x78,0x74,0x72,0x61,0x63,0x74,0xa2,0x68
	.byte 0x6f,0x70,0x74,0x69,0x6f,0x6e,0x61,0x6c,0xf5,0x68,0x74,0x79,0x70,0x65,0x5f,0x72
	.byte 0x65,0x66,0x70,0x70,0x72,0x69,0x6d,0x69,0x74,0x69,0x76,0x65,0x2f,0x73,0x74,0x72
	.byte 0x69,0x6e,0x67,0x64,0x74,0x79,0x70,0x65,0x6b,0x73,0x79,0x73,0x74,0x65,0x6d,0x2f
	.byte 0x74,0x79,0x70,0x65,0x6c,0x63,0x6f,0x6e,0x74,0x65,0x6e,0x74,0x5f,0x68,0x61,0x73
	.byte 0x68,0x58,0x21,0x00,0x7d,0x9b,0x91,0xda,0x1b,0x24,0x80,0x7d,0xa7,0xcc,0xe8,0xb2
	.byte 0x75,0x6f,0xa5,0x73,0x6e,0xd9,0xd1,0x8f,0x16,0x98,0xbc,0xe2,0x1e,0xcd,0x77,0xc2
	.byte 0x7d,0x01,0x6b,0xa4
.Ltb73:
	.byte 0xa3,0x64,0x64,0x61,0x74,0x61,0xa2,0x64,0x6e,0x61,0x6d,0x65,0x78,0x20,0x73,0x79
	.byte 0x73,0x74,0x65,0x6d,0x2f,0x63,0x6f,0x6e,0x74,0x69,0x6e,0x75,0x61,0x74,0x69,0x6f
	.byte 0x6e,0x2f,0x74,0x72,0x61,0x6e,0x73,0x66,0x6f,0x72,0x6d,0x2d,0x6f,0x70,0x66,0x66
	.byte 0x69,0x65,0x6c,0x64,0x73,0xaa,0x62,0x6f,0x70,0xa1,0x68,0x74,0x79,0x70,0x65,0x5f
	.byte 0x72,0x65,0x66,0x70,0x70,0x72,0x69,0x6d,0x69,0x74,0x69,0x76,0x65,0x2f,0x73,0x74
	.byte 0x72,0x69,0x6e,0x67,0x62,0x74,0x6f,0xa2,0x68,0x6f,0x70,0x74,0x69,0x6f,0x6e,0x61
	.byte 0x6c,0xf5,0x68,0x74,0x79,0x70,0x65,0x5f,0x72,0x65,0x66,0x70,0x70,0x72,0x69,0x6d
	.byte 0x69,0x74,0x69,0x76,0x65,0x2f,0x73,0x74,0x72,0x69,0x6e,0x67,0x63,0x73,0x65,0x70
	.byte 0xa2,0x68,0x6f,0x70,0x74,0x69,0x6f,0x6e,0x61,0x6c,0xf5,0x68,0x74,0x79,0x70,0x65
	.byte 0x5f,0x72,0x65,0x66,0x70,0x70,0x72,0x69,0x6d,0x69,0x74,0x69,0x76,0x65,0x2f,0x73
	.byte 0x74,0x72,0x69,0x6e,0x67,0x64,0x66,0x72,0x6f,0x6d,0xa2,0x68,0x6f,0x70,0x74,0x69
	.byte 0x6f,0x6e,0x61,0x6c,0xf5,0x68,0x74,0x79,0x70,0x65,0x5f,0x72,0x65,0x66,0x70,0x70
	.byte 0x72,0x69,0x6d,0x69,0x74,0x69,0x76,0x65,0x2f,0x73,0x74,0x72,0x69,0x6e,0x67,0x64
	.byte 0x69,0x6e,0x74,0x6f,0xa2,0x68,0x6f,0x70,0x74,0x69,0x6f,0x6e,0x61,0x6c,0xf5,0x68
	.byte 0x74,0x79,0x70,0x65,0x5f,0x72,0x65,0x66,0x70,0x70,0x72,0x69,0x6d,0x69,0x74,0x69
	.byte 0x76,0x65,0x2f,0x73,0x74,0x72,0x69,0x6e,0x67,0x65,0x66,0x69,0x65,0x6c,0x64,0xa2
	.byte 0x68,0x6f,0x70,0x74,0x69,0x6f,0x6e,0x61,0x6c,0xf5,0x68,0x74,0x79,0x70,0x65,0x5f
	.byte 0x72,0x65,0x66,0x70,0x70,0x72,0x69,0x6d,0x69,0x74,0x69,0x76,0x65,0x2f,0x73,0x74
	.byte 0x72,0x69,0x6e,0x67,0x65,0x72,0x61,0x6e,0x67,0x65,0xa2,0x68,0x6f,0x70,0x74,0x69
	.byte 0x6f,0x6e,0x61,0x6c,0xf5,0x68,0x74,0x79,0x70,0x65,0x5f,0x72,0x65,0x66,0x70,0x70
	.byte 0x72,0x69,0x6d,0x69,0x74,0x69,0x76,0x65,0x2f,0x73,0x74,0x72,0x69,0x6e,0x67,0x66
	.byte 0x66,0x69,0x65,0x6c,0x64,0x73,0xa2,0x68,0x61,0x72,0x72,0x61,0x79,0x5f,0x6f,0x66
	.byte 0xa1,0x68,0x74,0x79,0x70,0x65,0x5f,0x72,0x65,0x66,0x70,0x70,0x72,0x69,0x6d,0x69
	.byte 0x74,0x69,0x76,0x65,0x2f,0x73,0x74,0x72,0x69,0x6e,0x67,0x68,0x6f,0x70,0x74,0x69
	.byte 0x6f,0x6e,0x61,0x6c,0xf5,0x66,0x70,0x72,0x65,0x66,0x69,0x78,0xa2,0x68,0x6f,0x70
	.byte 0x74,0x69,0x6f,0x6e,0x61,0x6c,0xf5,0x68,0x74,0x79,0x70,0x65,0x5f,0x72,0x65,0x66
	.byte 0x70,0x70,0x72,0x69,0x6d,0x69,0x74,0x69,0x76,0x65,0x2f,0x73,0x74,0x72,0x69,0x6e
	.byte 0x67,0x67,0x6c,0x69,0x74,0x65,0x72,0x61,0x6c,0xa2,0x68,0x6f,0x70,0x74,0x69,0x6f
	.byte 0x6e,0x61,0x6c,0xf5,0x68,0x74,0x79,0x70,0x65,0x5f,0x72,0x65,0x66,0x70,0x70,0x72
	.byte 0x69,0x6d,0x69,0x74,0x69,0x76,0x65,0x2f,0x73,0x74,0x72,0x69,0x6e,0x67,0x64,0x74
	.byte 0x79,0x70,0x65,0x6b,0x73,0x79,0x73,0x74,0x65,0x6d,0x2f,0x74,0x79,0x70,0x65,0x6c
	.byte 0x63,0x6f,0x6e,0x74,0x65,0x6e,0x74,0x5f,0x68,0x61,0x73,0x68,0x58,0x21,0x00,0x06
	.byte 0x66,0xcd,0x49,0xdd,0xc3,0x5c,0xd4,0xd7,0x70,0x88,0x83,0x96,0xae,0xbd,0xb5,0xf9
	.byte 0x2a,0x7e,0x06,0xee,0x83,0x2e,0x36,0xf5,0x2a,0xe5,0x22,0x80,0x14,0xd5,0xcc
.Ltb74:
	.byte 0xa3,0x64,0x64,0x61,0x74,0x61,0xa1,0x64,0x6e,0x61,0x6d,0x65,0x76,0x73,0x79,0x73
	.byte 0x74,0x65,0x6d,0x2f,0x64,0x65,0x6c,0x65,0x74,0x69,0x6f,0x6e,0x2d,0x6d,0x61,0x72
	.byte 0x6b,0x65,0x72,0x64,0x74,0x79,0x70,0x65,0x6b,0x73,0x79,0x73,0x74,0x65,0x6d,0x2f
	.byte 0x74,0x79,0x70,0x65,0x6c,0x63,0x6f,0x6e,0x74,0x65,0x6e,0x74,0x5f,0x68,0x61,0x73
	.byte 0x68,0x58,0x21,0x00,0x2a,0x88,0x7a,0x7e,0xd8,0xcf,0x9c,0x47,0x9c,0x1f,0x50,0x38
	.byte 0xe4,0xea,0x8a,0xa3,0x91,0x08,0xe1,0xb5,0xcf,0x5c,0x78,0x50,0xdf,0xf8,0x57,0x96
	.byte 0x8c,0x06,0x8d,0xc0
.Ltb75:
	.byte 0xa3,0x64,0x64,0x61,0x74,0x61,0xa2,0x64,0x6e,0x61,0x6d,0x65,0x74,0x73,0x79,0x73
	.byte 0x74,0x65,0x6d,0x2f,0x64,0x65,0x6c,0x69,0x76,0x65,0x72,0x79,0x2d,0x73,0x70,0x65
	.byte 0x63,0x66,0x66,0x69,0x65,0x6c,0x64,0x73,0xa2,0x63,0x75,0x72,0x69,0xa1,0x68,0x74
	.byte 0x79,0x70,0x65,0x5f,0x72,0x65,0x66,0x70,0x73,0x79,0x73,0x74,0x65,0x6d,0x2f,0x74
	.byte 0x72,0x65,0x65,0x2f,0x70,0x61,0x74,0x68,0x69,0x6f,0x70,0x65,0x72,0x61,0x74,0x69
	.byte 0x6f,0x6e,0xa1,0x68,0x74,0x79,0x70,0x65,0x5f,0x72,0x65,0x66,0x70,0x70,0x72,0x69
	.byte 0x6d,0x69,0x74,0x69,0x76,0x65,0x2f,0x73,0x74,0x72,0x69,0x6e,0x67,0x64,0x74,0x79
	.byte 0x70,0x65,0x6b,0x73,0x79,0x73,0x74,0x65,0x6d,0x2f,0x74,0x79,0x70,0x65,0x6c,0x63
	.byte 0x6f,0x6e,0x74,0x65,0x6e,0x74,0x5f,0x68,0x61,0x73,0x68,0x58,0x21,0x00,0xdd,0x3c
	.byte 0xaa,0x62,0x5e,0xf4,0x0c,0x35,0x27,0xf8,0xd8,0xf5,0x28,0xe4,0xdc,0xfe,0x20,0x2a
	.byte 0x3c,0x98,0x33,0xfa,0xc4,0x40,0x81,0x66,0x78,0x5a,0xc6,0x56,0xa7,0x0c
.Ltb76:
	.byte 0xa3,0x64,0x64,0x61,0x74,0x61,0xa2,0x64,0x6e,0x61,0x6d,0x65,0x78,0x21,0x73,0x79
	.byte 0x73,0x74,0x65,0x6d,0x2f,0x64,0x69,0x73,0x63,0x6f,0x76,0x65,0x72,0x79,0x2f,0x61
	.byte 0x6e,0x6e,0x6f,0x75,0x6e,0x63,0x65,0x2d,0x72,0x65,0x71,0x75,0x65,0x73,0x74,0x66
	.byte 0x66,0x69,0x65,0x6c,0x64,0x73,0xa2,0x67,0x62,0x61,0x63,0x6b,0x65,0x6e,0x64,0xa1
	.byte 0x68,0x74,0x79,0x70,0x65,0x5f,0x72,0x65,0x66,0x70,0x70,0x72,0x69,0x6d,0x69,0x74
	.byte 0x69,0x76,0x65,0x2f,0x73,0x74,0x72,0x69,0x6e,0x67,0x6b,0x70,0x72,0x6f,0x66,0x69
	.byte 0x6c,0x65,0x5f,0x72,0x65,0x66,0xa1,0x68,0x74,0x79,0x70,0x65,0x5f,0x72,0x65,0x66
	.byte 0x70,0x70,0x72,0x69,0x6d,0x69,0x74,0x69,0x76,0x65,0x2f,0x73,0x74,0x72,0x69,0x6e
	.byte 0x67,0x64,0x74,0x79,0x70,0x65,0x6b,0x73,0x79,0x73,0x74,0x65,0x6d,0x2f,0x74,0x79
	.byte 0x70,0x65,0x6c,0x63,0x6f,0x6e,0x74,0x65,0x6e,0x74,0x5f,0x68,0x61,0x73,0x68,0x58
	.byte 0x21,0x00,0x1c,0xb8,0x70,0x03,0xfa,0x47,0x2f,0x7c,0x2f,0x49,0xeb,0xa5,0x44,0x13
	.byte 0x16,0x8b,0x27,0x0f,0xd2,0x7e,0xf0,0x47,0x2b,0xc7,0x5d,0x37,0x6b,0xfa,0xd5,0xb0
	.byte 0x65,0x55
.Ltb77:
	.byte 0xa3,0x64,0x64,0x61,0x74,0x61,0xa2,0x64,0x6e,0x61,0x6d,0x65,0x78,0x26,0x73,0x79
	.byte 0x73,0x74,0x65,0x6d,0x2f,0x64,0x69,0x73,0x63,0x6f,0x76,0x65,0x72,0x79,0x2f,0x61
	.byte 0x6e,0x6e,0x6f,0x75,0x6e,0x63,0x65,0x2d,0x73,0x74,0x6f,0x70,0x2d,0x72,0x65,0x71
	.byte 0x75,0x65,0x73,0x74,0x66,0x66,0x69,0x65,0x6c,0x64,0x73,0xa2,0x67,0x62,0x61,0x63
	.byte 0x6b,0x65,0x6e,0x64,0xa1,0x68,0x74,0x79,0x70,0x65,0x5f,0x72,0x65,0x66,0x70,0x70
	.byte 0x72,0x69,0x6d,0x69,0x74,0x69,0x76,0x65,0x2f,0x73,0x74,0x72,0x69,0x6e,0x67,0x6b
	.byte 0x70,0x72,0x6f,0x66,0x69,0x6c,0x65,0x5f,0x72,0x65,0x66,0xa1,0x68,0x74,0x79,0x70
	.byte 0x65,0x5f,0x72,0x65,0x66,0x70,0x70,0x72,0x69,0x6d,0x69,0x74,0x69,0x76,0x65,0x2f
	.byte 0x73,0x74,0x72,0x69,0x6e,0x67,0x64,0x74,0x79,0x70,0x65,0x6b,0x73,0x79,0x73,0x74
	.byte 0x65,0x6d,0x2f,0x74,0x79,0x70,0x65,0x6c,0x63,0x6f,0x6e,0x74,0x65,0x6e,0x74,0x5f
	.byte 0x68,0x61,0x73,0x68,0x58,0x21,0x00,0x5c,0xc2,0xad,0x32,0x72,0x51,0xb9,0x32,0x08
	.byte 0xe1,0xa6,0xb4,0x8e,0xcd,0x49,0x52,0x87,0x07,0xc2,0x0b,0x59,0xb4,0xa9,0x52,0x63
	.byte 0x1a,0xb5,0x16,0xa3,0x22,0x8b,0x20
.Ltb78:
	.byte 0xa3,0x64,0x64,0x61,0x74,0x61,0xa2,0x64,0x6e,0x61,0x6d,0x65,0x78,0x1a,0x73,0x79
	.byte 0x73,0x74,0x65,0x6d,0x2f,0x64,0x69,0x73,0x63,0x6f,0x76,0x65,0x72,0x79,0x2f,0x63
	.byte 0x61,0x6e,0x64,0x69,0x64,0x61,0x74,0x65,0x66,0x66,0x69,0x65,0x6c,0x64,0x73,0xa6
	.byte 0x67,0x62,0x61,0x63,0x6b,0x65,0x6e,0x64,0xa1,0x68,0x74,0x79,0x70,0x65,0x5f,0x72
	.byte 0x65,0x66,0x70,0x70,0x72,0x69,0x6d,0x69,0x74,0x69,0x76,0x65,0x2f,0x73,0x74,0x72
	.byte 0x69,0x6e,0x67,0x67,0x70,0x65,0x65,0x72,0x5f,0x69,0x64,0xa2,0x68,0x6f,0x70,0x74
	.byte 0x69,0x6f,0x6e,0x61,0x6c,0xf5,0x68,0x74,0x79,0x70,0x65,0x5f,0x72,0x65,0x66,0x6e
	.byte 0x73,0x79,0x73,0x74,0x65,0x6d,0x2f,0x70,0x65,0x65,0x72,0x2d,0x69,0x64,0x6a,0x73
	.byte 0x75,0x70,0x65,0x72,0x73,0x65,0x64,0x65,0x73,0xa2,0x68,0x6f,0x70,0x74,0x69,0x6f
	.byte 0x6e,0x61,0x6c,0xf5,0x68,0x74,0x79,0x70,0x65,0x5f,0x72,0x65,0x66,0x6b,0x73,0x79
	.byte 0x73,0x74,0x65,0x6d,0x2f,0x68,0x61,0x73,0x68,0x6b,0x6f,0x62,0x73,0x65,0x72,0x76
	.byte 0x65,0x64,0x5f,0x61,0x74,0xa1,0x68,0x74,0x79,0x70,0x65,0x5f,0x72,0x65,0x66,0x6e
	.byte 0x70,0x72,0x69,0x6d,0x69,0x74,0x69,0x76,0x65,0x2f,0x75,0x69,0x6e,0x74,0x6d,0x65
	.byte 0x6e,0x64,0x70,0x6f,0x69,0x6e,0x74,0x5f,0x68,0x69,0x6e,0x74,0xa2,0x68,0x6f,0x70
	.byte 0x74,0x69,0x6f,0x6e,0x61,0x6c,0xf5,0x68,0x74,0x79,0x70,0x65,0x5f,0x72,0x65,0x66
	.byte 0x6d,0x70,0x72,0x69,0x6d,0x69,0x74,0x69,0x76,0x65,0x2f,0x61,0x6e,0x79,0x6d,0x69
	.byte 0x64,0x65,0x6e,0x74,0x69,0x74,0x79,0x5f,0x68,0x69,0x6e,0x74,0xa2,0x68,0x6f,0x70
	.byte 0x74,0x69,0x6f,0x6e,0x61,0x6c,0xf5,0x68,0x74,0x79,0x70,0x65,0x5f,0x72,0x65,0x66
	.byte 0x6b,0x73,0x79,0x73,0x74,0x65,0x6d,0x2f,0x68,0x61,0x73,0x68,0x64,0x74,0x79,0x70
	.byte 0x65,0x6b,0x73,0x79,0x73,0x74,0x65,0x6d,0x2f,0x74,0x79,0x70,0x65,0x6c,0x63,0x6f
	.byte 0x6e,0x74,0x65,0x6e,0x74,0x5f,0x68,0x61,0x73,0x68,0x58,0x21,0x00,0xdf,0xf6,0x1d
	.byte 0xac,0xac,0xc0,0x62,0xc8,0x44,0xb7,0x93,0x99,0xf6,0x79,0x66,0x57,0x6e,0xee,0x77
	.byte 0x0b,0x3d,0x46,0x40,0x9f,0xe8,0xc3,0xde,0x23,0x18,0x07,0x4b,0x59
.Ltb79:
	.byte 0xa3,0x64,0x64,0x61,0x74,0x61,0xa2,0x64,0x6e,0x61,0x6d,0x65,0x78,0x19,0x73,0x79
	.byte 0x73,0x74,0x65,0x6d,0x2f,0x64,0x69,0x73,0x63,0x6f,0x76,0x65,0x72,0x79,0x2f,0x64
	.byte 0x65,0x63,0x69,0x73,0x69,0x6f,0x6e,0x66,0x66,0x69,0x65,0x6c,0x64,0x73,0xa4,0x65
	.byte 0x67,0x72,0x61,0x6e,0x74,0xa2,0x68,0x6f,0x70,0x74,0x69,0x6f,0x6e,0x61,0x6c,0xf5
	.byte 0x68,0x74,0x79,0x70,0x65,0x5f,0x72,0x65,0x66,0x6b,0x73,0x79,0x73,0x74,0x65,0x6d
	.byte 0x2f,0x68,0x61,0x73,0x68,0x67,0x6f,0x75,0x74,0x63,0x6f,0x6d,0x65,0xa1,0x68,0x74
	.byte 0x79,0x70,0x65,0x5f,0x72,0x65,0x66,0x70,0x70,0x72,0x69,0x6d,0x69,0x74,0x69,0x76
	.byte 0x65,0x2f,0x73,0x74,0x72,0x69,0x6e,0x67,0x69,0x63,0x61,0x6e,0x64,0x69,0x64,0x61
	.byte 0x74,0x65,0xa1,0x68,0x74,0x79,0x70,0x65,0x5f,0x72,0x65,0x66,0x6b,0x73,0x79,0x73
	.byte 0x74,0x65,0x6d,0x2f,0x68,0x61,0x73,0x68,0x6a,0x64,0x65,0x63,0x69,0x64,0x65,0x64
	.byte 0x5f,0x61,0x74,0xa1,0x68,0x74,0x79,0x70,0x65,0x5f,0x72,0x65,0x66,0x6e,0x70,0x72
	.byte 0x69,0x6d,0x69,0x74,0x69,0x76,0x65,0x2f,0x75,0x69,0x6e,0x74,0x64,0x74,0x79,0x70
	.byte 0x65,0x6b,0x73,0x79,0x73,0x74,0x65,0x6d,0x2f,0x74,0x79,0x70,0x65,0x6c,0x63,0x6f
	.byte 0x6e,0x74,0x65,0x6e,0x74,0x5f,0x68,0x61,0x73,0x68,0x58,0x21,0x00,0xac,0x31,0xe5
	.byte 0xcc,0xcc,0x47,0x01,0xb1,0xa0,0xe2,0xd3,0xa8,0xec,0xf2,0xff,0x11,0xff,0xa5,0x0c
	.byte 0x21,0x0a,0x04,0x26,0xba,0x13,0xec,0x5a,0xfc,0x92,0x8c,0x38,0x11
.Ltb80:
	.byte 0xa3,0x64,0x64,0x61,0x74,0x61,0xa2,0x64,0x6e,0x61,0x6d,0x65,0x78,0x1f,0x73,0x79
	.byte 0x73,0x74,0x65,0x6d,0x2f,0x64,0x69,0x73,0x63,0x6f,0x76,0x65,0x72,0x79,0x2f,0x69
	.byte 0x64,0x65,0x6e,0x74,0x69,0x74,0x79,0x2d,0x63,0x6c,0x61,0x69,0x6d,0x66,0x66,0x69
	.byte 0x65,0x6c,0x64,0x73,0xa4,0x67,0x70,0x65,0x65,0x72,0x5f,0x69,0x64,0xa1,0x68,0x74
	.byte 0x79,0x70,0x65,0x5f,0x72,0x65,0x66,0x6e,0x73,0x79,0x73,0x74,0x65,0x6d,0x2f,0x70
	.byte 0x65,0x65,0x72,0x2d,0x69,0x64,0x68,0x6b,0x65,0x79,0x5f,0x74,0x79,0x70,0x65,0xa1
	.byte 0x68,0x74,0x79,0x70,0x65,0x5f,0x72,0x65,0x66,0x6e,0x70,0x72,0x69,0x6d,0x69,0x74
	.byte 0x69,0x76,0x65,0x2f,0x75,0x69,0x6e,0x74,0x69,0x68,0x61,0x73,0x68,0x5f,0x74,0x79
	.byte 0x70,0x65,0xa1,0x68,0x74,0x79,0x70,0x65,0x5f,0x72,0x65,0x66,0x6e,0x70,0x72,0x69
	.byte 0x6d,0x69,0x74,0x69,0x76,0x65,0x2f,0x75,0x69,0x6e,0x74,0x71,0x70,0x75,0x62,0x6c
	.byte 0x69,0x63,0x5f,0x6b,0x65,0x79,0x5f,0x64,0x69,0x67,0x65,0x73,0x74,0xa1,0x68,0x74
	.byte 0x79,0x70,0x65,0x5f,0x72,0x65,0x66,0x6f,0x70,0x72,0x69,0x6d,0x69,0x74,0x69,0x76
	.byte 0x65,0x2f,0x62,0x79,0x74,0x65,0x73,0x64,0x74,0x79,0x70,0x65,0x6b,0x73,0x79,0x73
	.byte 0x74,0x65,0x6d,0x2f,0x74,0x79,0x70,0x65,0x6c,0x63,0x6f,0x6e,0x74,0x65,0x6e,0x74
	.byte 0x5f,0x68,0x61,0x73,0x68,0x58,0x21,0x00,0x28,0xfb,0xf2,0x54,0xcc,0xcf,0x45,0xe1
	.byte 0x7c,0xb2,0x27,0xdb,0x5a,0x2f,0x8c,0x90,0x8a,0xea,0x3f,0xd7,0x61,0x7f,0xf3,0x40
	.byte 0x35,0x9c,0xf5,0x37,0xe5,0xff,0xd7,0x43
.Ltb81:
	.byte 0xa3,0x64,0x64,0x61,0x74,0x61,0xa2,0x64,0x6e,0x61,0x6d,0x65,0x78,0x1d,0x73,0x79
	.byte 0x73,0x74,0x65,0x6d,0x2f,0x64,0x69,0x73,0x63,0x6f,0x76,0x65,0x72,0x79,0x2f,0x73
	.byte 0x63,0x61,0x6e,0x2d,0x72,0x65,0x71,0x75,0x65,0x73,0x74,0x66,0x66,0x69,0x65,0x6c
	.byte 0x64,0x73,0xa2,0x66,0x66,0x69,0x6c,0x74,0x65,0x72,0xa2,0x66,0x6d,0x61,0x70,0x5f
	.byte 0x6f,0x66,0xa1,0x68,0x74,0x79,0x70,0x65,0x5f,0x72,0x65,0x66,0x6d,0x70,0x72,0x69
	.byte 0x6d,0x69,0x74,0x69,0x76,0x65,0x2f,0x61,0x6e,0x79,0x68,0x6f,0x70,0x74,0x69,0x6f
	.byte 0x6e,0x61,0x6c,0xf5,0x67,0x62,0x61,0x63,0x6b,0x65,0x6e,0x64,0xa1,0x68,0x74,0x79
	.byte 0x70,0x65,0x5f,0x72,0x65,0x66,0x70,0x70,0x72,0x69,0x6d,0x69,0x74,0x69,0x76,0x65
	.byte 0x2f,0x73,0x74,0x72,0x69,0x6e,0x67,0x64,0x74,0x79,0x70,0x65,0x6b,0x73,0x79,0x73
	.byte 0x74,0x65,0x6d,0x2f,0x74,0x79,0x70,0x65,0x6c,0x63,0x6f,0x6e,0x74,0x65,0x6e,0x74
	.byte 0x5f,0x68,0x61,0x73,0x68,0x58,0x21,0x00,0x9f,0x02,0xba,0x3c,0x01,0x86,0x33,0xdf
	.byte 0x7b,0x29,0x6d,0x01,0x64,0x9f,0xd3,0x0a,0xc6,0x9b,0xf2,0x33,0x37,0x62,0xb6,0x69
	.byte 0x2b,0x3c,0x15,0xc2,0x9e,0xb4,0x6b,0x01
.Ltb82:
	.byte 0xa3,0x64,0x64,0x61,0x74,0x61,0xa2,0x64,0x6e,0x61,0x6d,0x65,0x78,0x1c,0x73,0x79
	.byte 0x73,0x74,0x65,0x6d,0x2f,0x64,0x69,0x73,0x63,0x6f,0x76,0x65,0x72,0x79,0x2f,0x73
	.byte 0x63,0x61,0x6e,0x2d,0x72,0x65,0x73,0x75,0x6c,0x74,0x66,0x66,0x69,0x65,0x6c,0x64
	.byte 0x73,0xa3,0x64,0x63,0x6f,0x64,0x65,0xa2,0x68,0x6f,0x70,0x74,0x69,0x6f,0x6e,0x61
	.byte 0x6c,0xf5,0x68,0x74,0x79,0x70,0x65,0x5f,0x72,0x65,0x66,0x70,0x70,0x72,0x69,0x6d
	.byte 0x69,0x74,0x69,0x76,0x65,0x2f,0x73,0x74,0x72,0x69,0x6e,0x67,0x69,0x74,0x72,0x75
	.byte 0x6e,0x63,0x61,0x74,0x65,0x64,0xa1,0x68,0x74,0x79,0x70,0x65,0x5f,0x72,0x65,0x66
	.byte 0x6e,0x70,0x72,0x69,0x6d,0x69,0x74,0x69,0x76,0x65,0x2f,0x62,0x6f,0x6f,0x6c,0x6a
	.byte 0x63,0x61,0x6e,0x64,0x69,0x64,0x61,0x74,0x65,0x73,0xa1,0x68,0x61,0x72,0x72,0x61
	.byte 0x79,0x5f,0x6f,0x66,0xa1,0x68,0x74,0x79,0x70,0x65,0x5f,0x72,0x65,0x66,0x6b,0x73
	.byte 0x79,0x73,0x74,0x65,0x6d,0x2f,0x68,0x61,0x73,0x68,0x64,0x74,0x79,0x70,0x65,0x6b
	.byte 0x73,0x79,0x73,0x74,0x65,0x6d,0x2f,0x74,0x79,0x70,0x65,0x6c,0x63,0x6f,0x6e,0x74
	.byte 0x65,0x6e,0x74,0x5f,0x68,0x61,0x73,0x68,0x58,0x21,0x00,0x23,0xb3,0xf0,0x43,0x13
	.byte 0x39,0x7d,0xe7,0x73,0xd6,0x51,0x97,0x4c,0xe3,0xc0,0xdb,0x61,0xbd,0x86,0x70,0xbe
	.byte 0xdc,0x0c,0xdf,0x31,0x88,0x9b,0x78,0x2a,0x5a,0x1d,0xd5
.Ltb83:
	.byte 0xa3,0x64,0x64,0x61,0x74,0x61,0xa2,0x64,0x6e,0x61,0x6d,0x65,0x78,0x1f,0x73,0x79
	.byte 0x73,0x74,0x65,0x6d,0x2f,0x64,0x75,0x72,0x61,0x62,0x69,0x6c,0x69,0x74,0x79,0x2d
	.byte 0x61,0x64,0x76,0x65,0x72,0x74,0x69,0x73,0x65,0x6d,0x65,0x6e,0x74,0x66,0x66,0x69
	.byte 0x65,0x6c,0x64,0x73,0xa2,0x66,0x6c,0x65,0x76,0x65,0x6c,0x73,0xa1,0x68,0x61,0x72
	.byte 0x72,0x61,0x79,0x5f,0x6f,0x66,0xa1,0x68,0x74,0x79,0x70,0x65,0x5f,0x72,0x65,0x66
	.byte 0x70,0x70,0x72,0x69,0x6d,0x69,0x74,0x69,0x76,0x65,0x2f,0x73,0x74,0x72,0x69,0x6e
	.byte 0x67,0x75,0x6d,0x61,0x78,0x5f,0x73,0x65,0x6c,0x66,0x5f,0x64,0x65,0x74,0x65,0x72
	.byte 0x6d,0x69,0x6e,0x61,0x62,0x6c,0x65,0xa1,0x68,0x74,0x79,0x70,0x65,0x5f,0x72,0x65
	.byte 0x66,0x70,0x70,0x72,0x69,0x6d,0x69,0x74,0x69,0x76,0x65,0x2f,0x73,0x74,0x72,0x69
	.byte 0x6e,0x67,0x64,0x74,0x79,0x70,0x65,0x6b,0x73,0x79,0x73,0x74,0x65,0x6d,0x2f,0x74
	.byte 0x79,0x70,0x65,0x6c,0x63,0x6f,0x6e,0x74,0x65,0x6e,0x74,0x5f,0x68,0x61,0x73,0x68
	.byte 0x58,0x21,0x00,0x63,0x26,0xc4,0x7f,0x67,0x6b,0xdc,0x0c,0x16,0xa7,0xb0,0x13,0x88
	.byte 0x95,0x0b,0xe3,0xb8,0xd7,0xa0,0xef,0x33,0xc3,0xed,0x17,0xf5,0xd8,0x45,0x13,0xd3
	.byte 0xd2,0xb5,0x45
.Ltb84:
	.byte 0xa3,0x64,0x64,0x61,0x74,0x61,0xa2,0x64,0x6e,0x61,0x6d,0x65,0x78,0x19,0x73,0x79
	.byte 0x73,0x74,0x65,0x6d,0x2f,0x64,0x75,0x72,0x61,0x62,0x69,0x6c,0x69,0x74,0x79,0x2d
	.byte 0x72,0x65,0x71,0x75,0x65,0x73,0x74,0x66,0x66,0x69,0x65,0x6c,0x64,0x73,0xa2,0x65
	.byte 0x6c,0x65,0x76,0x65,0x6c,0xa1,0x68,0x74,0x79,0x70,0x65,0x5f,0x72,0x65,0x66,0x70
	.byte 0x70,0x72,0x69,0x6d,0x69,0x74,0x69,0x76,0x65,0x2f,0x73,0x74,0x72,0x69,0x6e,0x67
	.byte 0x69,0x6d,0x75,0x73,0x74,0x5f,0x68,0x61,0x76,0x65,0xa2,0x68,0x6f,0x70,0x74,0x69
	.byte 0x6f,0x6e,0x61,0x6c,0xf5,0x68,0x74,0x79,0x70,0x65,0x5f,0x72,0x65,0x66,0x6e,0x70
	.byte 0x72,0x69,0x6d,0x69,0x74,0x69,0x76,0x65,0x2f,0x62,0x6f,0x6f,0x6c,0x64,0x74,0x79
	.byte 0x70,0x65,0x6b,0x73,0x79,0x73,0x74,0x65,0x6d,0x2f,0x74,0x79,0x70,0x65,0x6c,0x63
	.byte 0x6f,0x6e,0x74,0x65,0x6e,0x74,0x5f,0x68,0x61,0x73,0x68,0x58,0x21,0x00,0x78,0x28
	.byte 0xef,0xd2,0xe4,0x25,0x96,0x61,0x09,0x9e,0xbb,0xe4,0x0d,0x60,0x1b,0xed,0xae,0x76
	.byte 0x1d,0xdd,0x29,0x4b,0x31,0x88,0x03,0x12,0xa7,0x71,0xd2,0xc4,0xe1,0x93
.Ltb85:
	.byte 0xa3,0x64,0x64,0x61,0x74,0x61,0xa2,0x64,0x6e,0x61,0x6d,0x65,0x78,0x18,0x73,0x79
	.byte 0x73,0x74,0x65,0x6d,0x2f,0x64,0x75,0x72,0x61,0x62,0x69,0x6c,0x69,0x74,0x79,0x2d
	.byte 0x72,0x65,0x73,0x75,0x6c,0x74,0x66,0x66,0x69,0x65,0x6c,0x64,0x73,0xa6,0x66,0x68
	.byte 0x61,0x6e,0x64,0x6c,0x65,0xa2,0x68,0x6f,0x70,0x74,0x69,0x6f,0x6e,0x61,0x6c,0xf5
	.byte 0x68,0x74,0x79,0x70,0x65,0x5f,0x72,0x65,0x66,0x70,0x73,0x79,0x73,0x74,0x65,0x6d
	.byte 0x2f,0x74,0x72,0x65,0x65,0x2f,0x70,0x61,0x74,0x68,0x66,0x72,0x65,0x61,0x73,0x6f
	.byte 0x6e,0xa2,0x68,0x6f,0x70,0x74,0x69,0x6f,0x6e,0x61,0x6c,0xf5,0x68,0x74,0x79,0x70
	.byte 0x65,0x5f,0x72,0x65,0x66,0x70,0x70,0x72,0x69,0x6d,0x69,0x74,0x69,0x76,0x65,0x2f
	.byte 0x73,0x74,0x72,0x69,0x6e,0x67,0x67,0x61,0x70,0x70,0x6c,0x69,0x65,0x64,0xa1,0x68
	.byte 0x74,0x79,0x70,0x65,0x5f,0x72,0x65,0x66,0x70,0x70,0x72,0x69,0x6d,0x69,0x74,0x69
	.byte 0x76,0x65,0x2f,0x73,0x74,0x72,0x69,0x6e,0x67,0x69,0x63,0x6f,0x6d,0x6d,0x69,0x74
	.byte 0x74,0x65,0x64,0xa2,0x68,0x6f,0x70,0x74,0x69,0x6f,0x6e,0x61,0x6c,0xf5,0x68,0x74
	.byte 0x79,0x70,0x65,0x5f,0x72,0x65,0x66,0x70,0x70,0x72,0x69,0x6d,0x69,0x74,0x69,0x76
	.byte 0x65,0x2f,0x73,0x74,0x72,0x69,0x6e,0x67,0x69,0x72,0x65,0x71,0x75,0x65,0x73,0x74
	.byte 0x65,0x64,0xa1,0x68,0x74,0x79,0x70,0x65,0x5f,0x72,0x65,0x66,0x70,0x70,0x72,0x69
	.byte 0x6d,0x69,0x74,0x69,0x76,0x65,0x2f,0x73,0x74,0x72,0x69,0x6e,0x67,0x6d,0x6d,0x61
	.byte 0x78,0x5f,0x61,0x76,0x61,0x69,0x6c,0x61,0x62,0x6c,0x65,0xa2,0x68,0x6f,0x70,0x74
	.byte 0x69,0x6f,0x6e,0x61,0x6c,0xf5,0x68,0x74,0x79,0x70,0x65,0x5f,0x72,0x65,0x66,0x70
	.byte 0x70,0x72,0x69,0x6d,0x69,0x74,0x69,0x76,0x65,0x2f,0x73,0x74,0x72,0x69,0x6e,0x67
	.byte 0x64,0x74,0x79,0x70,0x65,0x6b,0x73,0x79,0x73,0x74,0x65,0x6d,0x2f,0x74,0x79,0x70
	.byte 0x65,0x6c,0x63,0x6f,0x6e,0x74,0x65,0x6e,0x74,0x5f,0x68,0x61,0x73,0x68,0x58,0x21
	.byte 0x00,0x1e,0xd6,0xd5,0x5f,0xd1,0x5f,0xbf,0x38,0x7c,0x89,0xef,0xcc,0x1c,0x4d,0x09
	.byte 0x31,0x1a,0x63,0x9f,0xe2,0x12,0xfd,0xba,0xff,0x40,0x83,0x7a,0xa8,0xa7,0xef,0xf9
	.byte 0x00
.Ltb86:
	.byte 0xa3,0x64,0x64,0x61,0x74,0x61,0xa2,0x64,0x6e,0x61,0x6d,0x65,0x70,0x73,0x79,0x73
	.byte 0x74,0x65,0x6d,0x2f,0x65,0x6e,0x63,0x72,0x79,0x70,0x74,0x65,0x64,0x66,0x66,0x69
	.byte 0x65,0x6c,0x64,0x73,0xac,0x64,0x6d,0x6f,0x64,0x65,0xa1,0x68,0x74,0x79,0x70,0x65
	.byte 0x5f,0x72,0x65,0x66,0x70,0x70,0x72,0x69,0x6d,0x69,0x74,0x69,0x76,0x65,0x2f,0x73
	.byte 0x74,0x72,0x69,0x6e,0x67,0x65,0x6e,0x6f,0x6e,0x63,0x65,0xa1,0x68,0x74,0x79,0x70
	.byte 0x65,0x5f,0x72,0x65,0x66,0x6f,0x70,0x72,0x69,0x6d,0x69,0x74,0x69,0x76,0x65,0x2f
	.byte 0x62,0x79,0x74,0x65,0x73,0x66,0x6b,0x64,0x66,0x5f,0x69,0x64,0xa1,0x68,0x74,0x79
	.byte 0x70,0x65,0x5f,0x72,0x65,0x66,0x6e,0x70,0x72,0x69,0x6d,0x69,0x74,0x69,0x76,0x65
	.byte 0x2f,0x75,0x69,0x6e,0x74,0x66,0x6b,0x65,0x79,0x5f,0x69,0x64,0xa2,0x68,0x6f,0x70
	.byte 0x74,0x69,0x6f,0x6e,0x61,0x6c,0xf5,0x68,0x74,0x79,0x70,0x65,0x5f,0x72,0x65,0x66
	.byte 0x70,0x70,0x72,0x69,0x6d,0x69,0x74,0x69,0x76,0x65,0x2f,0x73,0x74,0x72,0x69,0x6e
	.byte 0x67,0x67,0x61,0x65,0x61,0x64,0x5f,0x69,0x64,0xa1,0x68,0x74,0x79,0x70,0x65,0x5f
	.byte 0x72,0x65,0x66,0x6e,0x70,0x72,0x69,0x6d,0x69,0x74,0x69,0x76,0x65,0x2f,0x75,0x69
	.byte 0x6e,0x74,0x68,0x6b,0x64,0x66,0x5f,0x73,0x61,0x6c,0x74,0xa2,0x68,0x6f,0x70,0x74
	.byte 0x69,0x6f,0x6e,0x61,0x6c,0xf5,0x68,0x74,0x79,0x70,0x65,0x5f,0x72,0x65,0x66,0x6f
	.byte 0x70,0x72,0x69,0x6d,0x69,0x74,0x69,0x76,0x65,0x2f,0x62,0x79,0x74,0x65,0x73,0x6a
	.byte 0x63,0x69,0x70,0x68,0x65,0x72,0x74,0x65,0x78,0x74,0xa1,0x68,0x74,0x79,0x70,0x65
	.byte 0x5f,0x72,0x65,0x66,0x6f,0x70,0x72,0x69,0x6d,0x69,0x74,0x69,0x76,0x65,0x2f,0x62
	.byte 0x79,0x74,0x65,0x73,0x6a,0x6b,0x64,0x66,0x5f,0x70,0x61,0x72,0x61,0x6d,0x73,0xa2
	.byte 0x68,0x6f,0x70,0x74,0x69,0x6f,0x6e,0x61,0x6c,0xf5,0x68,0x74,0x79,0x70,0x65,0x5f
	.byte 0x72,0x65,0x66,0x78,0x1c,0x73,0x79,0x73,0x74,0x65,0x6d,0x2f,0x65,0x6e,0x63,0x72
	.byte 0x79,0x70,0x74,0x69,0x6f,0x6e,0x2f,0x6b,0x64,0x66,0x2d,0x70,0x61,0x72,0x61,0x6d
	.byte 0x73,0x6c,0x65,0x6e,0x63,0x5f,0x6b,0x65,0x79,0x5f,0x74,0x79,0x70,0x65,0xa1,0x68
	.byte 0x74,0x79,0x70,0x65,0x5f,0x72,0x65,0x66,0x6e,0x70,0x72,0x69,0x6d,0x69,0x74,0x69
	.byte 0x76,0x65,0x2f,0x75,0x69,0x6e,0x74,0x6c,0x77,0x72,0x61,0x70,0x70,0x65,0x64,0x5f
	.byte 0x6b,0x65,0x79,0x73,0xa2,0x68,0x61,0x72,0x72,0x61,0x79,0x5f,0x6f,0x66,0xa1,0x68
	.byte 0x74,0x79,0x70,0x65,0x5f,0x72,0x65,0x66,0x78,0x1d,0x73,0x79,0x73,0x74,0x65,0x6d
	.byte 0x2f,0x65,0x6e,0x63,0x72,0x79,0x70,0x74,0x69,0x6f,0x6e,0x2f,0x77,0x72,0x61,0x70
	.byte 0x70,0x65,0x64,0x2d,0x6b,0x65,0x79,0x68,0x6f,0x70,0x74,0x69,0x6f,0x6e,0x61,0x6c
	.byte 0xf5,0x6d,0x65,0x70,0x68,0x65,0x6d,0x65,0x72,0x61,0x6c,0x5f,0x6b,0x65,0x79,0xa2
	.byte 0x68,0x6f,0x70,0x74,0x69,0x6f,0x6e,0x61,0x6c,0xf5,0x68,0x74,0x79,0x70,0x65,0x5f
	.byte 0x72,0x65,0x66,0x6f,0x70,0x72,0x69,0x6d,0x69,0x74,0x69,0x76,0x65,0x2f,0x62,0x79
	.byte 0x74,0x65,0x73,0x6d,0x72,0x65,0x63,0x69,0x70,0x69,0x65,0x6e,0x74,0x5f,0x6b,0x65
	.byte 0x79,0xa2,0x68,0x6f,0x70,0x74,0x69,0x6f,0x6e,0x61,0x6c,0xf5,0x68,0x74,0x79,0x70
	.byte 0x65,0x5f,0x72,0x65,0x66,0x6b,0x73,0x79,0x73,0x74,0x65,0x6d,0x2f,0x68,0x61,0x73
	.byte 0x68,0x64,0x74,0x79,0x70,0x65,0x6b,0x73,0x79,0x73,0x74,0x65,0x6d,0x2f,0x74,0x79
	.byte 0x70,0x65,0x6c,0x63,0x6f,0x6e,0x74,0x65,0x6e,0x74,0x5f,0x68,0x61,0x73,0x68,0x58
	.byte 0x21,0x00,0x5b,0x2e,0x9e,0xfc,0x75,0x69,0x9c,0xa1,0xd2,0x37,0x3c,0xb8,0xfa,0x42
	.byte 0x56,0x00,0x31,0x92,0x4d,0xba,0xfa,0xd0,0xb4,0xde,0x45,0x73,0x81,0x12,0x0e,0x5d
	.byte 0x8e,0xdd
.Ltb87:
	.byte 0xa3,0x64,0x64,0x61,0x74,0x61,0xa2,0x64,0x6e,0x61,0x6d,0x65,0x78,0x18,0x73,0x79
	.byte 0x73,0x74,0x65,0x6d,0x2f,0x65,0x6e,0x63,0x72,0x79,0x70,0x74,0x69,0x6f,0x6e,0x2d
	.byte 0x70,0x75,0x62,0x6b,0x65,0x79,0x66,0x66,0x69,0x65,0x6c,0x64,0x73,0xa6,0x67,0x63
	.byte 0x72,0x65,0x61,0x74,0x65,0x64,0xa1,0x68,0x74,0x79,0x70,0x65,0x5f,0x72,0x65,0x66
	.byte 0x6e,0x70,0x72,0x69,0x6d,0x69,0x74,0x69,0x76,0x65,0x2f,0x75,0x69,0x6e,0x74,0x67
	.byte 0x65,0x78,0x70,0x69,0x72,0x65,0x73,0xa2,0x68,0x6f,0x70,0x74,0x69,0x6f,0x6e,0x61
	.byte 0x6c,0xf5,0x68,0x74,0x79,0x70,0x65,0x5f,0x72,0x65,0x66,0x6e,0x70,0x72,0x69,0x6d
	.byte 0x69,0x74,0x69,0x76,0x65,0x2f,0x75,0x69,0x6e,0x74,0x6a,0x70,0x75,0x62,0x6c,0x69
	.byte 0x63,0x5f,0x6b,0x65,0x79,0xa1,0x68,0x74,0x79,0x70,0x65,0x5f,0x72,0x65,0x66,0x6f
	.byte 0x70,0x72,0x69,0x6d,0x69,0x74,0x69,0x76,0x65,0x2f,0x62,0x79,0x74,0x65,0x73,0x6c
	.byte 0x65,0x6e,0x63,0x5f,0x6b,0x65,0x79,0x5f,0x74,0x79,0x70,0x65,0xa1,0x68,0x74,0x79
	.byte 0x70,0x65,0x5f,0x72,0x65,0x66,0x6e,0x70,0x72,0x69,0x6d,0x69,0x74,0x69,0x76,0x65
	.byte 0x2f,0x75,0x69,0x6e,0x74,0x71,0x73,0x75,0x70,0x70,0x6f,0x72,0x74,0x65,0x64,0x5f
	.byte 0x6b,0x64,0x66,0x5f,0x69,0x64,0x73,0xa1,0x68,0x61,0x72,0x72,0x61,0x79,0x5f,0x6f
	.byte 0x66,0xa1,0x68,0x74,0x79,0x70,0x65,0x5f,0x72,0x65,0x66,0x6e,0x70,0x72,0x69,0x6d
	.byte 0x69,0x74,0x69,0x76,0x65,0x2f,0x75,0x69,0x6e,0x74,0x72,0x73,0x75,0x70,0x70,0x6f
	.byte 0x72,0x74,0x65,0x64,0x5f,0x61,0x65,0x61,0x64,0x5f,0x69,0x64,0x73,0xa1,0x68,0x61
	.byte 0x72,0x72,0x61,0x79,0x5f,0x6f,0x66,0xa1,0x68,0x74,0x79,0x70,0x65,0x5f,0x72,0x65
	.byte 0x66,0x6e,0x70,0x72,0x69,0x6d,0x69,0x74,0x69,0x76,0x65,0x2f,0x75,0x69,0x6e,0x74
	.byte 0x64,0x74,0x79,0x70,0x65,0x6b,0x73,0x79,0x73,0x74,0x65,0x6d,0x2f,0x74,0x79,0x70
	.byte 0x65,0x6c,0x63,0x6f,0x6e,0x74,0x65,0x6e,0x74,0x5f,0x68,0x61,0x73,0x68,0x58,0x21
	.byte 0x00,0x81,0x6a,0x72,0xa3,0x0d,0x0d,0xf7,0x5a,0x7b,0x01,0x07,0xfd,0xf3,0x5d,0x2f
	.byte 0x66,0x28,0xeb,0xa9,0xe2,0x42,0xa6,0xba,0x00,0x9d,0xe8,0x13,0x59,0x55,0x6b,0xae
	.byte 0x3b
.Ltb88:
	.byte 0xa3,0x64,0x64,0x61,0x74,0x61,0xa2,0x64,0x6e,0x61,0x6d,0x65,0x78,0x19,0x73,0x79
	.byte 0x73,0x74,0x65,0x6d,0x2f,0x65,0x6e,0x63,0x72,0x79,0x70,0x74,0x69,0x6f,0x6e,0x2f
	.byte 0x68,0x61,0x6e,0x64,0x6f,0x66,0x66,0x66,0x66,0x69,0x65,0x6c,0x64,0x73,0xa3,0x67
	.byte 0x63,0x72,0x65,0x61,0x74,0x65,0x64,0xa1,0x68,0x74,0x79,0x70,0x65,0x5f,0x72,0x65
	.byte 0x66,0x6e,0x70,0x72,0x69,0x6d,0x69,0x74,0x69,0x76,0x65,0x2f,0x75,0x69,0x6e,0x74
	.byte 0x6b,0x6e,0x65,0x78,0x74,0x5f,0x70,0x75,0x62,0x6b,0x65,0x79,0xa1,0x68,0x74,0x79
	.byte 0x70,0x65,0x5f,0x72,0x65,0x66,0x6b,0x73,0x79,0x73,0x74,0x65,0x6d,0x2f,0x68,0x61
	.byte 0x73,0x68,0x6f,0x70,0x72,0x65,0x76,0x69,0x6f,0x75,0x73,0x5f,0x70,0x75,0x62,0x6b
	.byte 0x65,0x79,0xa1,0x68,0x74,0x79,0x70,0x65,0x5f,0x72,0x65,0x66,0x6b,0x73,0x79,0x73
	.byte 0x74,0x65,0x6d,0x2f,0x68,0x61,0x73,0x68,0x64,0x74,0x79,0x70,0x65,0x6b,0x73,0x79
	.byte 0x73,0x74,0x65,0x6d,0x2f,0x74,0x79,0x70,0x65,0x6c,0x63,0x6f,0x6e,0x74,0x65,0x6e
	.byte 0x74,0x5f,0x68,0x61,0x73,0x68,0x58,0x21,0x00,0x50,0xf9,0x7f,0x04,0xe8,0xa9,0x06
	.byte 0x93,0x1a,0x33,0xd2,0x31,0xbb,0x03,0x4f,0x4d,0xa6,0x9d,0x86,0x98,0x67,0x9c,0xcd
	.byte 0x15,0x4a,0x90,0x4f,0xaf,0x71,0x1a,0xc8,0xc2
.Ltb89:
	.byte 0xa3,0x64,0x64,0x61,0x74,0x61,0xa2,0x64,0x6e,0x61,0x6d,0x65,0x78,0x1c,0x73,0x79
	.byte 0x73,0x74,0x65,0x6d,0x2f,0x65,0x6e,0x63,0x72,0x79,0x70,0x74,0x69,0x6f,0x6e,0x2f
	.byte 0x6b,0x64,0x66,0x2d,0x70,0x61,0x72,0x61,0x6d,0x73,0x66,0x66,0x69,0x65,0x6c,0x64
	.byte 0x73,0xa5,0x69,0x74,0x69,0x6d,0x65,0x5f,0x63,0x6f,0x73,0x74,0xa1,0x68,0x74,0x79
	.byte 0x70,0x65,0x5f,0x72,0x65,0x66,0x6e,0x70,0x72,0x69,0x6d,0x69,0x74,0x69,0x76,0x65
	.byte 0x2f,0x75,0x69,0x6e,0x74,0x6a,0x6f,0x75,0x74,0x70,0x75,0x74,0x5f,0x6c,0x65,0x6e
	.byte 0xa1,0x68,0x74,0x79,0x70,0x65,0x5f,0x72,0x65,0x66,0x6e,0x70,0x72,0x69,0x6d,0x69
	.byte 0x74,0x69,0x76,0x65,0x2f,0x75,0x69,0x6e,0x74,0x6b,0x6d,0x65,0x6d,0x6f,0x72,0x79
	.byte 0x5f,0x63,0x6f,0x73,0x74,0xa1,0x68,0x74,0x79,0x70,0x65,0x5f,0x72,0x65,0x66,0x6e
	.byte 0x70,0x72,0x69,0x6d,0x69,0x74,0x69,0x76,0x65,0x2f,0x75,0x69,0x6e,0x74,0x6b,0x70
	.byte 0x61,0x72,0x61,0x6c,0x6c,0x65,0x6c,0x69,0x73,0x6d,0xa1,0x68,0x74,0x79,0x70,0x65
	.byte 0x5f,0x72,0x65,0x66,0x6e,0x70,0x72,0x69,0x6d,0x69,0x74,0x69,0x76,0x65,0x2f,0x75
	.byte 0x69,0x6e,0x74,0x6e,0x61,0x72,0x67,0x6f,0x6e,0x32,0x5f,0x76,0x65,0x72,0x73,0x69
	.byte 0x6f,0x6e,0xa1,0x68,0x74,0x79,0x70,0x65,0x5f,0x72,0x65,0x66,0x6e,0x70,0x72,0x69
	.byte 0x6d,0x69,0x74,0x69,0x76,0x65,0x2f,0x75,0x69,0x6e,0x74,0x64,0x74,0x79,0x70,0x65
	.byte 0x6b,0x73,0x79,0x73,0x74,0x65,0x6d,0x2f,0x74,0x79,0x70,0x65,0x6c,0x63,0x6f,0x6e
	.byte 0x74,0x65,0x6e,0x74,0x5f,0x68,0x61,0x73,0x68,0x58,0x21,0x00,0x17,0x6e,0xd3,0xdf
	.byte 0x61,0x04,0x78,0x15,0x08,0x4e,0xa1,0xcf,0x9f,0x75,0x4e,0x09,0x6e,0xef,0x26,0x36
	.byte 0x5c,0xe9,0x66,0xf3,0xbc,0x20,0x45,0x64,0xb3,0x94,0x25,0x0b
.Ltb90:
	.byte 0xa3,0x64,0x64,0x61,0x74,0x61,0xa2,0x64,0x6e,0x61,0x6d,0x65,0x78,0x1c,0x73,0x79
	.byte 0x73,0x74,0x65,0x6d,0x2f,0x65,0x6e,0x63,0x72,0x79,0x70,0x74,0x69,0x6f,0x6e,0x2f
	.byte 0x6b,0x65,0x79,0x2d,0x62,0x61,0x63,0x6b,0x75,0x70,0x66,0x66,0x69,0x65,0x6c,0x64
	.byte 0x73,0xa5,0x68,0x6b,0x64,0x66,0x5f,0x73,0x61,0x6c,0x74,0xa1,0x68,0x74,0x79,0x70
	.byte 0x65,0x5f,0x72,0x65,0x66,0x6f,0x70,0x72,0x69,0x6d,0x69,0x74,0x69,0x76,0x65,0x2f
	.byte 0x62,0x79,0x74,0x65,0x73,0x6a,0x6b,0x64,0x66,0x5f,0x70,0x61,0x72,0x61,0x6d,0x73
	.byte 0xa1,0x68,0x74,0x79,0x70,0x65,0x5f,0x72,0x65,0x66,0x78,0x1c,0x73,0x79,0x73,0x74
	.byte 0x65,0x6d,0x2f,0x65,0x6e,0x63,0x72,0x79,0x70,0x74,0x69,0x6f,0x6e,0x2f,0x6b,0x64
	.byte 0x66,0x2d,0x70,0x61,0x72,0x61,0x6d,0x73,0x6a,0x70,0x75,0x62,0x6b,0x65,0x79,0x5f
	.byte 0x72,0x65,0x66,0xa1,0x68,0x74,0x79,0x70,0x65,0x5f,0x72,0x65,0x66,0x6b,0x73,0x79
	.byte 0x73,0x74,0x65,0x6d,0x2f,0x68,0x61,0x73,0x68,0x6a,0x77,0x72,0x61,0x70,0x5f,0x6e
	.byte 0x6f,0x6e,0x63,0x65,0xa1,0x68,0x74,0x79,0x70,0x65,0x5f,0x72,0x65,0x66,0x6f,0x70
	.byte 0x72,0x69,0x6d,0x69,0x74,0x69,0x76,0x65,0x2f,0x62,0x79,0x74,0x65,0x73,0x6b,0x77
	.byte 0x72,0x61,0x70,0x70,0x65,0x64,0x5f,0x6b,0x65,0x79,0xa1,0x68,0x74,0x79,0x70,0x65
	.byte 0x5f,0x72,0x65,0x66,0x6f,0x70,0x72,0x69,0x6d,0x69,0x74,0x69,0x76,0x65,0x2f,0x62
	.byte 0x79,0x74,0x65,0x73,0x64,0x74,0x79,0x70,0x65,0x6b,0x73,0x79,0x73,0x74,0x65,0x6d
	.byte 0x2f,0x74,0x79,0x70,0x65,0x6c,0x63,0x6f,0x6e,0x74,0x65,0x6e,0x74,0x5f,0x68,0x61
	.byte 0x73,0x68,0x58,0x21,0x00,0xe0,0xa6,0xfa,0xc0,0x72,0xca,0x59,0xea,0x80,0x51,0x8a
	.byte 0xd1,0xaf,0x54,0xa0,0x9f,0x2d,0x8c,0xf0,0xb2,0x11,0x06,0x2e,0xea,0xf1,0x29,0xbe
	.byte 0x00,0xca,0x37,0x72,0x49
.Ltb91:
	.byte 0xa3,0x64,0x64,0x61,0x74,0x61,0xa2,0x64,0x6e,0x61,0x6d,0x65,0x78,0x1c,0x73,0x79
	.byte 0x73,0x74,0x65,0x6d,0x2f,0x65,0x6e,0x63,0x72,0x79,0x70,0x74,0x69,0x6f,0x6e,0x2f
	.byte 0x72,0x65,0x76,0x6f,0x63,0x61,0x74,0x69,0x6f,0x6e,0x66,0x66,0x69,0x65,0x6c,0x64
	.byte 0x73,0xa3,0x66,0x72,0x65,0x61,0x73,0x6f,0x6e,0xa2,0x68,0x6f,0x70,0x74,0x69,0x6f
	.byte 0x6e,0x61,0x6c,0xf5,0x68,0x74,0x79,0x70,0x65,0x5f,0x72,0x65,0x66,0x70,0x70,0x72
	.byte 0x69,0x6d,0x69,0x74,0x69,0x76,0x65,0x2f,0x73,0x74,0x72,0x69,0x6e,0x67,0x67,0x63
	.byte 0x72,0x65,0x61,0x74,0x65,0x64,0xa1,0x68,0x74,0x79,0x70,0x65,0x5f,0x72,0x65,0x66
	.byte 0x6e,0x70,0x72,0x69,0x6d,0x69,0x74,0x69,0x76,0x65,0x2f,0x75,0x69,0x6e,0x74,0x67
	.byte 0x72,0x65,0x76,0x6f,0x6b,0x65,0x73,0xa1,0x68,0x74,0x79,0x70,0x65,0x5f,0x72,0x65
	.byte 0x66,0x6b,0x73,0x79,0x73,0x74,0x65,0x6d,0x2f,0x68,0x61,0x73,0x68,0x64,0x74,0x79
	.byte 0x70,0x65,0x6b,0x73,0x79,0x73,0x74,0x65,0x6d,0x2f,0x74,0x79,0x70,0x65,0x6c,0x63
	.byte 0x6f,0x6e,0x74,0x65,0x6e,0x74,0x5f,0x68,0x61,0x73,0x68,0x58,0x21,0x00,0x5a,0x2f
	.byte 0x15,0x41,0xb3,0x0d,0x40,0xbc,0x01,0x00,0x28,0xb2,0x05,0xad,0x96,0x26,0x2c,0x2e
	.byte 0x99,0xc0,0x1a,0x5f,0x85,0x8c,0x3a,0x5a,0x03,0x9c,0x34,0x26,0xf4,0x0b
.Ltb92:
	.byte 0xa3,0x64,0x64,0x61,0x74,0x61,0xa2,0x64,0x6e,0x61,0x6d,0x65,0x78,0x1d,0x73,0x79
	.byte 0x73,0x74,0x65,0x6d,0x2f,0x65,0x6e,0x63,0x72,0x79,0x70,0x74,0x69,0x6f,0x6e,0x2f
	.byte 0x77,0x72,0x61,0x70,0x70,0x65,0x64,0x2d,0x6b,0x65,0x79,0x66,0x66,0x69,0x65,0x6c
	.byte 0x64,0x73,0xa5,0x6a,0x77,0x72,0x61,0x70,0x5f,0x6e,0x6f,0x6e,0x63,0x65,0xa1,0x68
	.byte 0x74,0x79,0x70,0x65,0x5f,0x72,0x65,0x66,0x6f,0x70,0x72,0x69,0x6d,0x69,0x74,0x69
	.byte 0x76,0x65,0x2f,0x62,0x79,0x74,0x65,0x73,0x6c,0x65,0x6e,0x63,0x5f,0x6b,0x65,0x79
	.byte 0x5f,0x74,0x79,0x70,0x65,0xa1,0x68,0x74,0x79,0x70,0x65,0x5f,0x72,0x65,0x66,0x6e
	.byte 0x70,0x72,0x69,0x6d,0x69,0x74,0x69,0x76,0x65,0x2f,0x75,0x69,0x6e,0x74,0x6d,0x65
	.byte 0x70,0x68,0x65,0x6d,0x65,0x72,0x61,0x6c,0x5f,0x6b,0x65,0x79,0xa1,0x68,0x74,0x79
	.byte 0x70,0x65,0x5f,0x72,0x65,0x66,0x6f,0x70,0x72,0x69,0x6d,0x69,0x74,0x69,0x76,0x65
	.byte 0x2f,0x62,0x79,0x74,0x65,0x73,0x6d,0x72,0x65,0x63,0x69,0x70,0x69,0x65,0x6e,0x74
	.byte 0x5f,0x6b,0x65,0x79,0xa1,0x68,0x74,0x79,0x70,0x65,0x5f,0x72,0x65,0x66,0x6b,0x73
	.byte 0x79,0x73,0x74,0x65,0x6d,0x2f,0x68,0x61,0x73,0x68,0x70,0x77,0x72,0x61,0x70,0x70
	.byte 0x65,0x64,0x5f,0x61,0x65,0x61,0x64,0x5f,0x6b,0x65,0x79,0xa1,0x68,0x74,0x79,0x70
	.byte 0x65,0x5f,0x72,0x65,0x66,0x6f,0x70,0x72,0x69,0x6d,0x69,0x74,0x69,0x76,0x65,0x2f
	.byte 0x62,0x79,0x74,0x65,0x73,0x64,0x74,0x79,0x70,0x65,0x6b,0x73,0x79,0x73,0x74,0x65
	.byte 0x6d,0x2f,0x74,0x79,0x70,0x65,0x6c,0x63,0x6f,0x6e,0x74,0x65,0x6e,0x74,0x5f,0x68
	.byte 0x61,0x73,0x68,0x58,0x21,0x00,0x88,0x89,0x79,0x66,0x2b,0x2d,0xc5,0x60,0x63,0x26
	.byte 0xbc,0x17,0x31,0xd0,0xb0,0x16,0x24,0xca,0xd8,0x33,0x96,0x23,0x6e,0x1d,0xa1,0xc0
	.byte 0xc8,0x53,0x73,0xfc,0x86,0x74
.Ltb93:
	.byte 0xa3,0x64,0x64,0x61,0x74,0x61,0xa2,0x64,0x6e,0x61,0x6d,0x65,0x6f,0x73,0x79,0x73
	.byte 0x74,0x65,0x6d,0x2f,0x65,0x6e,0x76,0x65,0x6c,0x6f,0x70,0x65,0x67,0x65,0x78,0x74
	.byte 0x65,0x6e,0x64,0x73,0x6d,0x63,0x6f,0x72,0x65,0x2f,0x65,0x6e,0x76,0x65,0x6c,0x6f
	.byte 0x70,0x65,0x64,0x74,0x79,0x70,0x65,0x6b,0x73,0x79,0x73,0x74,0x65,0x6d,0x2f,0x74
	.byte 0x79,0x70,0x65,0x6c,0x63,0x6f,0x6e,0x74,0x65,0x6e,0x74,0x5f,0x68,0x61,0x73,0x68
	.byte 0x58,0x21,0x00,0x90,0x52,0x5e,0xa5,0xc1,0x1b,0xfb,0xb7,0xb7,0xc7,0x23,0x85,0x93
	.byte 0xac,0x9b,0x7c,0x56,0x46,0x00,0xe1,0x74,0x63,0xa5,0xe3,0x6c,0x46,0x29,0x4c,0x7d
	.byte 0xee,0x65,0xa5
.Ltb94:
	.byte 0xa3,0x64,0x64,0x61,0x74,0x61,0xa2,0x64,0x6e,0x61,0x6d,0x65,0x6e,0x73,0x79,0x73
	.byte 0x74,0x65,0x6d,0x2f,0x68,0x61,0x6e,0x64,0x6c,0x65,0x72,0x66,0x66,0x69,0x65,0x6c
	.byte 0x64,0x73,0xa4,0x69,0x69,0x6e,0x74,0x65,0x72,0x66,0x61,0x63,0x65,0xa1,0x68,0x74
	.byte 0x79,0x70,0x65,0x5f,0x72,0x65,0x66,0x70,0x73,0x79,0x73,0x74,0x65,0x6d,0x2f,0x74
	.byte 0x72,0x65,0x65,0x2f,0x70,0x61,0x74,0x68,0x69,0x6d,0x61,0x78,0x5f,0x73,0x63,0x6f
	.byte 0x70,0x65,0xa2,0x68,0x61,0x72,0x72,0x61,0x79,0x5f,0x6f,0x66,0xa1,0x68,0x74,0x79
	.byte 0x70,0x65,0x5f,0x72,0x65,0x66,0x78,0x1d,0x73,0x79,0x73,0x74,0x65,0x6d,0x2f,0x63
	.byte 0x61,0x70,0x61,0x62,0x69,0x6c,0x69,0x74,0x79,0x2f,0x67,0x72,0x61,0x6e,0x74,0x2d
	.byte 0x65,0x6e,0x74,0x72,0x79,0x68,0x6f,0x70,0x74,0x69,0x6f,0x6e,0x61,0x6c,0xf5,0x6e
	.byte 0x69,0x6e,0x74,0x65,0x72,0x6e,0x61,0x6c,0x5f,0x73,0x63,0x6f,0x70,0x65,0xa2,0x68
	.byte 0x61,0x72,0x72,0x61,0x79,0x5f,0x6f,0x66,0xa1,0x68,0x74,0x79,0x70,0x65,0x5f,0x72
	.byte 0x65,0x66,0x78,0x1d,0x73,0x79,0x73,0x74,0x65,0x6d,0x2f,0x63,0x61,0x70,0x61,0x62
	.byte 0x69,0x6c,0x69,0x74,0x79,0x2f,0x67,0x72,0x61,0x6e,0x74,0x2d,0x65,0x6e,0x74,0x72
	.byte 0x79,0x68,0x6f,0x70,0x74,0x69,0x6f,0x6e,0x61,0x6c,0xf5,0x6f,0x65,0x78,0x70,0x72
	.byte 0x65,0x73,0x73,0x69,0x6f,0x6e,0x5f,0x70,0x61,0x74,0x68,0xa2,0x68,0x6f,0x70,0x74
	.byte 0x69,0x6f,0x6e,0x61,0x6c,0xf5,0x68,0x74,0x79,0x70,0x65,0x5f,0x72,0x65,0x66,0x70
	.byte 0x73,0x79,0x73,0x74,0x65,0x6d,0x2f,0x74,0x72,0x65,0x65,0x2f,0x70,0x61,0x74,0x68
	.byte 0x64,0x74,0x79,0x70,0x65,0x6b,0x73,0x79,0x73,0x74,0x65,0x6d,0x2f,0x74,0x79,0x70
	.byte 0x65,0x6c,0x63,0x6f,0x6e,0x74,0x65,0x6e,0x74,0x5f,0x68,0x61,0x73,0x68,0x58,0x21
	.byte 0x00,0xdd,0x23,0x02,0xc2,0x41,0xb7,0x5a,0x2f,0x41,0x2b,0x62,0x08,0xb0,0x14,0x07
	.byte 0x82,0xdc,0xc1,0x44,0x32,0x80,0xa2,0x7c,0x27,0xa5,0xba,0xa4,0xd6,0xc0,0x91,0x99
	.byte 0x35
.Ltb95:
	.byte 0xa3,0x64,0x64,0x61,0x74,0x61,0xa2,0x64,0x6e,0x61,0x6d,0x65,0x78,0x18,0x73,0x79
	.byte 0x73,0x74,0x65,0x6d,0x2f,0x68,0x61,0x6e,0x64,0x6c,0x65,0x72,0x2f,0x69,0x6e,0x74
	.byte 0x65,0x72,0x66,0x61,0x63,0x65,0x66,0x66,0x69,0x65,0x6c,0x64,0x73,0xa3,0x64,0x6e
	.byte 0x61,0x6d,0x65,0xa1,0x68,0x74,0x79,0x70,0x65,0x5f,0x72,0x65,0x66,0x70,0x70,0x72
	.byte 0x69,0x6d,0x69,0x74,0x69,0x76,0x65,0x2f,0x73,0x74,0x72,0x69,0x6e,0x67,0x67,0x70
	.byte 0x61,0x74,0x74,0x65,0x72,0x6e,0xa1,0x68,0x74,0x79,0x70,0x65,0x5f,0x72,0x65,0x66
	.byte 0x70,0x73,0x79,0x73,0x74,0x65,0x6d,0x2f,0x74,0x72,0x65,0x65,0x2f,0x70,0x61,0x74
	.byte 0x68,0x6a,0x6f,0x70,0x65,0x72,0x61,0x74,0x69,0x6f,0x6e,0x73,0xa1,0x66,0x6d,0x61
	.byte 0x70,0x5f,0x6f,0x66,0xa1,0x68,0x74,0x79,0x70,0x65,0x5f,0x72,0x65,0x66,0x78,0x1d
	.byte 0x73,0x79,0x73,0x74,0x65,0x6d,0x2f,0x68,0x61,0x6e,0x64,0x6c,0x65,0x72,0x2f,0x6f
	.byte 0x70,0x65,0x72,0x61,0x74,0x69,0x6f,0x6e,0x2d,0x73,0x70,0x65,0x63,0x64,0x74,0x79
	.byte 0x70,0x65,0x6b,0x73,0x79,0x73,0x74,0x65,0x6d,0x2f,0x74,0x79,0x70,0x65,0x6c,0x63
	.byte 0x6f,0x6e,0x74,0x65,0x6e,0x74,0x5f,0x68,0x61,0x73,0x68,0x58,0x21,0x00,0xa8,0xb9
	.byte 0xf0,0x3f,0x96,0x92,0xf9,0xb3,0x9a,0x10,0x40,0xdd,0x21,0x39,0xaf,0xcf,0x8a,0x49
	.byte 0xb3,0x74,0x67,0x19,0xae,0x56,0x81,0xa1,0xdb,0xd3,0x2f,0x7e,0x62,0x1a
.Ltb96:
	.byte 0xa3,0x64,0x64,0x61,0x74,0x61,0xa3,0x64,0x6e,0x61,0x6d,0x65,0x77,0x73,0x79,0x73
	.byte 0x74,0x65,0x6d,0x2f,0x68,0x61,0x6e,0x64,0x6c,0x65,0x72,0x2f,0x6d,0x61,0x6e,0x69
	.byte 0x66,0x65,0x73,0x74,0x66,0x66,0x69,0x65,0x6c,0x64,0x73,0xa6,0x64,0x6e,0x61,0x6d
	.byte 0x65,0xa1,0x68,0x74,0x79,0x70,0x65,0x5f,0x72,0x65,0x66,0x70,0x70,0x72,0x69,0x6d
	.byte 0x69,0x74,0x69,0x76,0x65,0x2f,0x73,0x74,0x72,0x69,0x6e,0x67,0x67,0x70,0x61,0x74
	.byte 0x74,0x65,0x72,0x6e,0xa1,0x68,0x74,0x79,0x70,0x65,0x5f,0x72,0x65,0x66,0x70,0x73
	.byte 0x79,0x73,0x74,0x65,0x6d,0x2f,0x74,0x72,0x65,0x65,0x2f,0x70,0x61,0x74,0x68,0x69
	.byte 0x6d,0x61,0x78,0x5f,0x73,0x63,0x6f,0x70,0x65,0xa2,0x68,0x61,0x72,0x72,0x61,0x79
	.byte 0x5f,0x6f,0x66,0xa1,0x68,0x74,0x79,0x70,0x65,0x5f,0x72,0x65,0x66,0x78,0x1d,0x73
	.byte 0x79,0x73,0x74,0x65,0x6d,0x2f,0x63,0x61,0x70,0x61,0x62,0x69,0x6c,0x69,0x74,0x79
	.byte 0x2f,0x67,0x72,0x61,0x6e,0x74,0x2d,0x65,0x6e,0x74,0x72,0x79,0x68,0x6f,0x70,0x74
	.byte 0x69,0x6f,0x6e,0x61,0x6c,0xf5,0x6a,0x6f,0x70,0x65,0x72,0x61,0x74,0x69,0x6f,0x6e
	.byte 0x73,0xa1,0x66,0x6d,0x61,0x70,0x5f,0x6f,0x66,0xa1,0x68,0x74,0x79,0x70,0x65,0x5f
	.byte 0x72,0x65,0x66,0x78,0x1d,0x73,0x79,0x73,0x74,0x65,0x6d,0x2f,0x68,0x61,0x6e,0x64
	.byte 0x6c,0x65,0x72,0x2f,0x6f,0x70,0x65,0x72,0x61,0x74,0x69,0x6f,0x6e,0x2d,0x73,0x70
	.byte 0x65,0x63,0x6e,0x69,0x6e,0x74,0x65,0x72,0x6e,0x61,0x6c,0x5f,0x73,0x63,0x6f,0x70
	.byte 0x65,0xa2,0x68,0x61,0x72,0x72,0x61,0x79,0x5f,0x6f,0x66,0xa1,0x68,0x74,0x79,0x70
	.byte 0x65,0x5f,0x72,0x65,0x66,0x78,0x1d,0x73,0x79,0x73,0x74,0x65,0x6d,0x2f,0x63,0x61
	.byte 0x70,0x61,0x62,0x69,0x6c,0x69,0x74,0x79,0x2f,0x67,0x72,0x61,0x6e,0x74,0x2d,0x65
	.byte 0x6e,0x74,0x72,0x79,0x68,0x6f,0x70,0x74,0x69,0x6f,0x6e,0x61,0x6c,0xf5,0x6f,0x65
	.byte 0x78,0x70,0x72,0x65,0x73,0x73,0x69,0x6f,0x6e,0x5f,0x70,0x61,0x74,0x68,0xa2,0x68
	.byte 0x6f,0x70,0x74,0x69,0x6f,0x6e,0x61,0x6c,0xf5,0x68,0x74,0x79,0x70,0x65,0x5f,0x72
	.byte 0x65,0x66,0x70,0x73,0x79,0x73,0x74,0x65,0x6d,0x2f,0x74,0x72,0x65,0x65,0x2f,0x70
	.byte 0x61,0x74,0x68,0x67,0x65,0x78,0x74,0x65,0x6e,0x64,0x73,0x78,0x18,0x73,0x79,0x73
	.byte 0x74,0x65,0x6d,0x2f,0x68,0x61,0x6e,0x64,0x6c,0x65,0x72,0x2f,0x69,0x6e,0x74,0x65
	.byte 0x72,0x66,0x61,0x63,0x65,0x64,0x74,0x79,0x70,0x65,0x6b,0x73,0x79,0x73,0x74,0x65
	.byte 0x6d,0x2f,0x74,0x79,0x70,0x65,0x6c,0x63,0x6f,0x6e,0x74,0x65,0x6e,0x74,0x5f,0x68
	.byte 0x61,0x73,0x68,0x58,0x21,0x00,0xca,0xe7,0xff,0x32,0xda,0xda,0x03,0x99,0x6a,0xaf
	.byte 0x05,0x68,0x2e,0xf7,0x41,0x37,0x46,0x60,0x6e,0x7c,0x31,0xba,0x47,0xe0,0x25,0xe9
	.byte 0xc2,0x6d,0x63,0xf1,0xe2,0xe7
.Ltb97:
	.byte 0xa3,0x64,0x64,0x61,0x74,0x61,0xa2,0x64,0x6e,0x61,0x6d,0x65,0x78,0x1d,0x73,0x79
	.byte 0x73,0x74,0x65,0x6d,0x2f,0x68,0x61,0x6e,0x64,0x6c,0x65,0x72,0x2f,0x6f,0x70,0x65
	.byte 0x72,0x61,0x74,0x69,0x6f,0x6e,0x2d,0x73,0x70,0x65,0x63,0x66,0x66,0x69,0x65,0x6c
	.byte 0x64,0x73,0xa2,0x6a,0x69,0x6e,0x70,0x75,0x74,0x5f,0x74,0x79,0x70,0x65,0xa2,0x68
	.byte 0x6f,0x70,0x74,0x69,0x6f,0x6e,0x61,0x6c,0xf5,0x68,0x74,0x79,0x70,0x65,0x5f,0x72
	.byte 0x65,0x66,0x70,0x73,0x79,0x73,0x74,0x65,0x6d,0x2f,0x74,0x79,0x70,0x65,0x2f,0x6e
	.byte 0x61,0x6d,0x65,0x6b,0x6f,0x75,0x74,0x70,0x75,0x74,0x5f,0x74,0x79,0x70,0x65,0xa2
	.byte 0x68,0x6f,0x70,0x74,0x69,0x6f,0x6e,0x61,0x6c,0xf5,0x68,0x74,0x79,0x70,0x65,0x5f
	.byte 0x72,0x65,0x66,0x70,0x73,0x79,0x73,0x74,0x65,0x6d,0x2f,0x74,0x79,0x70,0x65,0x2f
	.byte 0x6e,0x61,0x6d,0x65,0x64,0x74,0x79,0x70,0x65,0x6b,0x73,0x79,0x73,0x74,0x65,0x6d
	.byte 0x2f,0x74,0x79,0x70,0x65,0x6c,0x63,0x6f,0x6e,0x74,0x65,0x6e,0x74,0x5f,0x68,0x61
	.byte 0x73,0x68,0x58,0x21,0x00,0x60,0xc6,0xae,0x4d,0x8e,0x32,0x91,0xc0,0xeb,0xa0,0x9b
	.byte 0x50,0xa1,0x4c,0x46,0x79,0xd6,0xed,0x62,0x04,0x89,0x3f,0xbe,0xdc,0x4b,0x6b,0x01
	.byte 0x27,0xa7,0x4d,0xc3,0x2d
.Ltb98:
	.byte 0xa3,0x64,0x64,0x61,0x74,0x61,0xa2,0x64,0x6e,0x61,0x6d,0x65,0x78,0x1f,0x73,0x79
	.byte 0x73,0x74,0x65,0x6d,0x2f,0x68,0x61,0x6e,0x64,0x6c,0x65,0x72,0x2f,0x72,0x65,0x67
	.byte 0x69,0x73,0x74,0x65,0x72,0x2d,0x72,0x65,0x71,0x75,0x65,0x73,0x74,0x66,0x66,0x69
	.byte 0x65,0x6c,0x64,0x73,0xa3,0x65,0x74,0x79,0x70,0x65,0x73,0xa2,0x66,0x6d,0x61,0x70
	.byte 0x5f,0x6f,0x66,0xa1,0x68,0x74,0x79,0x70,0x65,0x5f,0x72,0x65,0x66,0x6b,0x73,0x79
	.byte 0x73,0x74,0x65,0x6d,0x2f,0x74,0x79,0x70,0x65,0x68,0x6f,0x70,0x74,0x69,0x6f,0x6e
	.byte 0x61,0x6c,0xf5,0x68,0x6d,0x61,0x6e,0x69,0x66,0x65,0x73,0x74,0xa1,0x68,0x74,0x79
	.byte 0x70,0x65,0x5f,0x72,0x65,0x66,0x77,0x73,0x79,0x73,0x74,0x65,0x6d,0x2f,0x68,0x61
	.byte 0x6e,0x64,0x6c,0x65,0x72,0x2f,0x6d,0x61,0x6e,0x69,0x66,0x65,0x73,0x74,0x6f,0x72
	.byte 0x65,0x71,0x75,0x65,0x73,0x74,0x65,0x64,0x5f,0x73,0x63,0x6f,0x70,0x65,0xa2,0x68
	.byte 0x61,0x72,0x72,0x61,0x79,0x5f,0x6f,0x66,0xa1,0x68,0x74,0x79,0x70,0x65,0x5f,0x72
	.byte 0x65,0x66,0x78,0x1d,0x73,0x79,0x73,0x74,0x65,0x6d,0x2f,0x63,0x61,0x70,0x61,0x62
	.byte 0x69,0x6c,0x69,0x74,0x79,0x2f,0x67,0x72,0x61,0x6e,0x74,0x2d,0x65,0x6e,0x74,0x72
	.byte 0x79,0x68,0x6f,0x70,0x74,0x69,0x6f,0x6e,0x61,0x6c,0xf5,0x64,0x74,0x79,0x70,0x65
	.byte 0x6b,0x73,0x79,0x73,0x74,0x65,0x6d,0x2f,0x74,0x79,0x70,0x65,0x6c,0x63,0x6f,0x6e
	.byte 0x74,0x65,0x6e,0x74,0x5f,0x68,0x61,0x73,0x68,0x58,0x21,0x00,0x63,0x84,0xeb,0x7c
	.byte 0x00,0xd0,0x6b,0xd2,0x2a,0x75,0x19,0x1a,0x65,0xa2,0xa0,0xcd,0x53,0x99,0x90,0xe1
	.byte 0x49,0x06,0x03,0x59,0x5d,0xdb,0x85,0xa7,0xf8,0xea,0x91,0x3e
.Ltb99:
	.byte 0xa3,0x64,0x64,0x61,0x74,0x61,0xa2,0x64,0x6e,0x61,0x6d,0x65,0x78,0x1e,0x73,0x79
	.byte 0x73,0x74,0x65,0x6d,0x2f,0x68,0x61,0x6e,0x64,0x6c,0x65,0x72,0x2f,0x72,0x65,0x67
	.byte 0x69,0x73,0x74,0x65,0x72,0x2d,0x72,0x65,0x73,0x75,0x6c,0x74,0x66,0x66,0x69,0x65
	.byte 0x6c,0x64,0x73,0xa2,0x65,0x67,0x72,0x61,0x6e,0x74,0xa1,0x68,0x74,0x79,0x70,0x65
	.byte 0x5f,0x72,0x65,0x66,0x77,0x73,0x79,0x73,0x74,0x65,0x6d,0x2f,0x63,0x61,0x70,0x61
	.byte 0x62,0x69,0x6c,0x69,0x74,0x79,0x2f,0x74,0x6f,0x6b,0x65,0x6e,0x67,0x70,0x61,0x74
	.byte 0x74,0x65,0x72,0x6e,0xa1,0x68,0x74,0x79,0x70,0x65,0x5f,0x72,0x65,0x66,0x70,0x73
	.byte 0x79,0x73,0x74,0x65,0x6d,0x2f,0x74,0x72,0x65,0x65,0x2f,0x70,0x61,0x74,0x68,0x64
	.byte 0x74,0x79,0x70,0x65,0x6b,0x73,0x79,0x73,0x74,0x65,0x6d,0x2f,0x74,0x79,0x70,0x65
	.byte 0x6c,0x63,0x6f,0x6e,0x74,0x65,0x6e,0x74,0x5f,0x68,0x61,0x73,0x68,0x58,0x21,0x00
	.byte 0xf4,0xe2,0x07,0x88,0xe4,0x37,0x53,0xf3,0x56,0x53,0x9f,0xfb,0xdd,0xb1,0x7d,0xa1
	.byte 0x96,0x71,0x7f,0x35,0xd0,0x4f,0x15,0x50,0x5b,0x1c,0x39,0x8b,0x77,0x60,0x7b,0x85
.Ltb100:
	.byte 0xa3,0x64,0x64,0x61,0x74,0x61,0xa4,0x64,0x6e,0x61,0x6d,0x65,0x6b,0x73,0x79,0x73
	.byte 0x74,0x65,0x6d,0x2f,0x68,0x61,0x73,0x68,0x66,0x66,0x69,0x65,0x6c,0x64,0x73,0xa2
	.byte 0x66,0x64,0x69,0x67,0x65,0x73,0x74,0xa1,0x68,0x74,0x79,0x70,0x65,0x5f,0x72,0x65
	.byte 0x66,0x6f,0x70,0x72,0x69,0x6d,0x69,0x74,0x69,0x76,0x65,0x2f,0x62,0x79,0x74,0x65
	.byte 0x73,0x6b,0x66,0x6f,0x72,0x6d,0x61,0x74,0x5f,0x63,0x6f,0x64,0x65,0xa2,0x68,0x74
	.byte 0x79,0x70,0x65,0x5f,0x72,0x65,0x66,0x6e,0x70,0x72,0x69,0x6d,0x69,0x74,0x69,0x76
	.byte 0x65,0x2f,0x75,0x69,0x6e,0x74,0x69,0x62,0x79,0x74,0x65,0x5f,0x73,0x69,0x7a,0x65
	.byte 0x01,0x66,0x6c,0x61,0x79,0x6f,0x75,0x74,0x82,0x6b,0x66,0x6f,0x72,0x6d,0x61,0x74
	.byte 0x5f,0x63,0x6f,0x64,0x65,0x66,0x64,0x69,0x67,0x65,0x73,0x74,0x67,0x65,0x78,0x74
	.byte 0x65,0x6e,0x64,0x73,0x6f,0x70,0x72,0x69,0x6d,0x69,0x74,0x69,0x76,0x65,0x2f,0x62
	.byte 0x79,0x74,0x65,0x73,0x64,0x74,0x79,0x70,0x65,0x6b,0x73,0x79,0x73,0x74,0x65,0x6d
	.byte 0x2f,0x74,0x79,0x70,0x65,0x6c,0x63,0x6f,0x6e,0x74,0x65,0x6e,0x74,0x5f,0x68,0x61
	.byte 0x73,0x68,0x58,0x21,0x00,0xcf,0x4d,0x3c,0x3a,0x47,0x50,0x6f,0x12,0x29,0xb6,0x40
	.byte 0x84,0x1e,0x25,0x98,0x62,0x15,0x0e,0xac,0xef,0xd4,0x32,0xe6,0x03,0x0b,0xf7,0x7a
	.byte 0x4b,0xe2,0xe6,0x67,0x1f
.Ltb101:
	.byte 0xa3,0x64,0x64,0x61,0x74,0x61,0xa2,0x64,0x6e,0x61,0x6d,0x65,0x6b,0x73,0x79,0x73
	.byte 0x74,0x65,0x6d,0x2f,0x6e,0x6f,0x74,0x65,0x66,0x66,0x69,0x65,0x6c,0x64,0x73,0xa2
	.byte 0x64,0x62,0x6f,0x64,0x79,0xa1,0x68,0x74,0x79,0x70,0x65,0x5f,0x72,0x65,0x66,0x70
	.byte 0x70,0x72,0x69,0x6d,0x69,0x74,0x69,0x76,0x65,0x2f,0x73,0x74,0x72,0x69,0x6e,0x67
	.byte 0x67,0x63,0x72,0x65,0x61,0x74,0x65,0x64,0xa1,0x68,0x74,0x79,0x70,0x65,0x5f,0x72
	.byte 0x65,0x66,0x6e,0x70,0x72,0x69,0x6d,0x69,0x74,0x69,0x76,0x65,0x2f,0x75,0x69,0x6e
	.byte 0x74,0x64,0x74,0x79,0x70,0x65,0x6b,0x73,0x79,0x73,0x74,0x65,0x6d,0x2f,0x74,0x79
	.byte 0x70,0x65,0x6c,0x63,0x6f,0x6e,0x74,0x65,0x6e,0x74,0x5f,0x68,0x61,0x73,0x68,0x58
	.byte 0x21,0x00,0xce,0x13,0xbd,0x9e,0xc0,0xf6,0x24,0x55,0xd0,0x36,0xb3,0x39,0x0b,0x0a
	.byte 0x7e,0x12,0x30,0x2f,0x7d,0x49,0x63,0x5d,0x53,0x7e,0x27,0xb5,0x1b,0xb1,0x79,0xc7
	.byte 0xcc,0x72
.Ltb102:
	.byte 0xa3,0x64,0x64,0x61,0x74,0x61,0xa2,0x64,0x6e,0x61,0x6d,0x65,0x6b,0x73,0x79,0x73
	.byte 0x74,0x65,0x6d,0x2f,0x70,0x65,0x65,0x72,0x66,0x66,0x69,0x65,0x6c,0x64,0x73,0xa3
	.byte 0x67,0x70,0x65,0x65,0x72,0x5f,0x69,0x64,0xa1,0x68,0x74,0x79,0x70,0x65,0x5f,0x72
	.byte 0x65,0x66,0x6e,0x73,0x79,0x73,0x74,0x65,0x6d,0x2f,0x70,0x65,0x65,0x72,0x2d,0x69
	.byte 0x64,0x68,0x6b,0x65,0x79,0x5f,0x74,0x79,0x70,0x65,0xa1,0x68,0x74,0x79,0x70,0x65
	.byte 0x5f,0x72,0x65,0x66,0x70,0x70,0x72,0x69,0x6d,0x69,0x74,0x69,0x76,0x65,0x2f,0x73
	.byte 0x74,0x72,0x69,0x6e,0x67,0x6a,0x70,0x75,0x62,0x6c,0x69,0x63,0x5f,0x6b,0x65,0x79
	.byte 0xa1,0x68,0x74,0x79,0x70,0x65,0x5f,0x72,0x65,0x66,0x6f,0x70,0x72,0x69,0x6d,0x69
	.byte 0x74,0x69,0x76,0x65,0x2f,0x62,0x79,0x74,0x65,0x73,0x64,0x74,0x79,0x70,0x65,0x6b
	.byte 0x73,0x79,0x73,0x74,0x65,0x6d,0x2f,0x74,0x79,0x70,0x65,0x6c,0x63,0x6f,0x6e,0x74
	.byte 0x65,0x6e,0x74,0x5f,0x68,0x61,0x73,0x68,0x58,0x21,0x00,0x47,0x77,0x2b,0x56,0xd5
	.byte 0x0b,0xaa,0x96,0xb9,0x9e,0x42,0xce,0xc8,0xdc,0x7d,0x63,0xa6,0x99,0xf8,0x74,0xff
	.byte 0x1e,0x71,0x06,0x22,0xc9,0x48,0xe9,0xed,0x2f,0xf3,0x22
.Ltb103:
	.byte 0xa3,0x64,0x64,0x61,0x74,0x61,0xa2,0x64,0x6e,0x61,0x6d,0x65,0x6e,0x73,0x79,0x73
	.byte 0x74,0x65,0x6d,0x2f,0x70,0x65,0x65,0x72,0x2d,0x69,0x64,0x67,0x65,0x78,0x74,0x65
	.byte 0x6e,0x64,0x73,0x70,0x70,0x72,0x69,0x6d,0x69,0x74,0x69,0x76,0x65,0x2f,0x73,0x74
	.byte 0x72,0x69,0x6e,0x67,0x64,0x74,0x79,0x70,0x65,0x6b,0x73,0x79,0x73,0x74,0x65,0x6d
	.byte 0x2f,0x74,0x79,0x70,0x65,0x6c,0x63,0x6f,0x6e,0x74,0x65,0x6e,0x74,0x5f,0x68,0x61
	.byte 0x73,0x68,0x58,0x21,0x00,0x1f,0x12,0x32,0x45,0x01,0xd4,0x21,0xab,0xaa,0x53,0xc3
	.byte 0x97,0x86,0x52,0x65,0x60,0xb9,0x4e,0xcd,0xed,0x1c,0x53,0x2b,0xdb,0xf4,0x2c,0x32
	.byte 0x2a,0x1c,0xc2,0x03,0xe0
.Ltb104:
	.byte 0xa3,0x64,0x64,0x61,0x74,0x61,0xa2,0x64,0x6e,0x61,0x6d,0x65,0x77,0x73,0x79,0x73
	.byte 0x74,0x65,0x6d,0x2f,0x70,0x65,0x65,0x72,0x2f,0x69,0x6e,0x62,0x6f,0x78,0x2d,0x72
	.byte 0x65,0x6c,0x61,0x79,0x66,0x66,0x69,0x65,0x6c,0x64,0x73,0xa2,0x66,0x72,0x65,0x6c
	.byte 0x61,0x79,0x73,0xa1,0x68,0x61,0x72,0x72,0x61,0x79,0x5f,0x6f,0x66,0xa1,0x68,0x74
	.byte 0x79,0x70,0x65,0x5f,0x72,0x65,0x66,0x78,0x1d,0x73,0x79,0x73,0x74,0x65,0x6d,0x2f
	.byte 0x70,0x65,0x65,0x72,0x2f,0x69,0x6e,0x62,0x6f,0x78,0x2d,0x72,0x65,0x6c,0x61,0x79
	.byte 0x2d,0x65,0x6e,0x74,0x72,0x79,0x6a,0x65,0x78,0x70,0x69,0x72,0x65,0x73,0x5f,0x61
	.byte 0x74,0xa2,0x68,0x6f,0x70,0x74,0x69,0x6f,0x6e,0x61,0x6c,0xf5,0x68,0x74,0x79,0x70
	.byte 0x65,0x5f,0x72,0x65,0x66,0x6e,0x70,0x72,0x69,0x6d,0x69,0x74,0x69,0x76,0x65,0x2f
	.byte 0x75,0x69,0x6e,0x74,0x64,0x74,0x79,0x70,0x65,0x6b,0x73,0x79,0x73,0x74,0x65,0x6d
	.byte 0x2f,0x74,0x79,0x70,0x65,0x6c,0x63,0x6f,0x6e,0x74,0x65,0x6e,0x74,0x5f,0x68,0x61
	.byte 0x73,0x68,0x58,0x21,0x00,0xb6,0x2c,0xdc,0x75,0xad,0x23,0x63,0x93,0x79,0x77,0x9f
	.byte 0x05,0x43,0xfa,0x9e,0xd7,0xd0,0x1c,0x10,0x6b,0xa4,0xd7,0xea,0x8c,0x6c,0x3c,0x57
	.byte 0x38,0xe6,0xf7,0x65,0x2c
.Ltb105:
	.byte 0xa3,0x64,0x64,0x61,0x74,0x61,0xa2,0x64,0x6e,0x61,0x6d,0x65,0x78,0x1d,0x73,0x79
	.byte 0x73,0x74,0x65,0x6d,0x2f,0x70,0x65,0x65,0x72,0x2f,0x69,0x6e,0x62,0x6f,0x78,0x2d
	.byte 0x72,0x65,0x6c,0x61,0x79,0x2d,0x65,0x6e,0x74,0x72,0x79,0x66,0x66,0x69,0x65,0x6c
	.byte 0x64,0x73,0xa3,0x65,0x72,0x65,0x6c,0x61,0x79,0xa1,0x68,0x74,0x79,0x70,0x65,0x5f
	.byte 0x72,0x65,0x66,0x6e,0x73,0x79,0x73,0x74,0x65,0x6d,0x2f,0x70,0x65,0x65,0x72,0x2d
	.byte 0x69,0x64,0x68,0x70,0x72,0x69,0x6f,0x72,0x69,0x74,0x79,0xa1,0x68,0x74,0x79,0x70
	.byte 0x65,0x5f,0x72,0x65,0x66,0x6e,0x70,0x72,0x69,0x6d,0x69,0x74,0x69,0x76,0x65,0x2f
	.byte 0x75,0x69,0x6e,0x74,0x69,0x6e,0x61,0x6d,0x65,0x73,0x70,0x61,0x63,0x65,0xa1,0x68
	.byte 0x74,0x79,0x70,0x65,0x5f,0x72,0x65,0x66,0x70,0x70,0x72,0x69,0x6d,0x69,0x74,0x69
	.byte 0x76,0x65,0x2f,0x73,0x74,0x72,0x69,0x6e,0x67,0x64,0x74,0x79,0x70,0x65,0x6b,0x73
	.byte 0x79,0x73,0x74,0x65,0x6d,0x2f,0x74,0x79,0x70,0x65,0x6c,0x63,0x6f,0x6e,0x74,0x65
	.byte 0x6e,0x74,0x5f,0x68,0x61,0x73,0x68,0x58,0x21,0x00,0x89,0x9b,0x09,0xa6,0x18,0xa4
	.byte 0x67,0x8e,0xc6,0x56,0xbe,0x0b,0xd5,0x9a,0x63,0xaa,0x19,0x04,0xd0,0x86,0x91,0x23
	.byte 0xfc,0xc3,0x89,0xb5,0x8d,0xbb,0xa7,0x15,0x51,0x07
.Ltb106:
	.byte 0xa3,0x64,0x64,0x61,0x74,0x61,0xa2,0x64,0x6e,0x61,0x6d,0x65,0x78,0x1a,0x73,0x79
	.byte 0x73,0x74,0x65,0x6d,0x2f,0x70,0x65,0x65,0x72,0x2f,0x70,0x75,0x62,0x6c,0x69,0x73
	.byte 0x68,0x65,0x64,0x2d,0x72,0x6f,0x6f,0x74,0x66,0x66,0x69,0x65,0x6c,0x64,0x73,0xa5
	.byte 0x63,0x73,0x65,0x71,0xa1,0x68,0x74,0x79,0x70,0x65,0x5f,0x72,0x65,0x66,0x6e,0x70
	.byte 0x72,0x69,0x6d,0x69,0x74,0x69,0x76,0x65,0x2f,0x75,0x69,0x6e,0x74,0x67,0x70,0x65
	.byte 0x65,0x72,0x5f,0x69,0x64,0xa1,0x68,0x74,0x79,0x70,0x65,0x5f,0x72,0x65,0x66,0x6e
	.byte 0x73,0x79,0x73,0x74,0x65,0x6d,0x2f,0x70,0x65,0x65,0x72,0x2d,0x69,0x64,0x69,0x72
	.byte 0x6f,0x6f,0x74,0x5f,0x68,0x61,0x73,0x68,0xa1,0x68,0x74,0x79,0x70,0x65,0x5f,0x72
	.byte 0x65,0x66,0x6b,0x73,0x79,0x73,0x74,0x65,0x6d,0x2f,0x68,0x61,0x73,0x68,0x6b,0x70
	.byte 0x72,0x65,0x64,0x65,0x63,0x65,0x73,0x73,0x6f,0x72,0xa2,0x68,0x6f,0x70,0x74,0x69
	.byte 0x6f,0x6e,0x61,0x6c,0xf5,0x68,0x74,0x79,0x70,0x65,0x5f,0x72,0x65,0x66,0x6b,0x73
	.byte 0x79,0x73,0x74,0x65,0x6d,0x2f,0x68,0x61,0x73,0x68,0x6c,0x70,0x75,0x62,0x6c,0x69
	.byte 0x73,0x68,0x65,0x64,0x5f,0x61,0x74,0xa1,0x68,0x74,0x79,0x70,0x65,0x5f,0x72,0x65
	.byte 0x66,0x6e,0x70,0x72,0x69,0x6d,0x69,0x74,0x69,0x76,0x65,0x2f,0x75,0x69,0x6e,0x74
	.byte 0x64,0x74,0x79,0x70,0x65,0x6b,0x73,0x79,0x73,0x74,0x65,0x6d,0x2f,0x74,0x79,0x70
	.byte 0x65,0x6c,0x63,0x6f,0x6e,0x74,0x65,0x6e,0x74,0x5f,0x68,0x61,0x73,0x68,0x58,0x21
	.byte 0x00,0x8d,0x1c,0xe2,0x15,0x72,0x66,0x5e,0xe9,0xda,0x3a,0xc9,0x4c,0xc1,0x07,0x50
	.byte 0x4f,0x13,0x85,0xa9,0x2e,0xf1,0x4c,0x2a,0x82,0x7c,0x34,0x14,0xb6,0x37,0x1e,0x5e
	.byte 0xe1
.Ltb107:
	.byte 0xa3,0x64,0x64,0x61,0x74,0x61,0xa2,0x64,0x6e,0x61,0x6d,0x65,0x78,0x1f,0x73,0x79
	.byte 0x73,0x74,0x65,0x6d,0x2f,0x70,0x65,0x65,0x72,0x2f,0x74,0x72,0x61,0x6e,0x73,0x70
	.byte 0x6f,0x72,0x74,0x2f,0x68,0x74,0x74,0x70,0x2d,0x70,0x6f,0x6c,0x6c,0x66,0x66,0x69
	.byte 0x65,0x6c,0x64,0x73,0xab,0x67,0x70,0x65,0x65,0x72,0x5f,0x69,0x64,0xa1,0x68,0x74
	.byte 0x79,0x70,0x65,0x5f,0x72,0x65,0x66,0x6e,0x73,0x79,0x73,0x74,0x65,0x6d,0x2f,0x70
	.byte 0x65,0x65,0x72,0x2d,0x69,0x64,0x68,0x63,0x61,0x70,0x5f,0x66,0x6c,0x6f,0x77,0xa2
	.byte 0x68,0x6f,0x70,0x74,0x69,0x6f,0x6e,0x61,0x6c,0xf5,0x68,0x74,0x79,0x70,0x65,0x5f
	.byte 0x72,0x65,0x66,0x70,0x70,0x72,0x69,0x6d,0x69,0x74,0x69,0x76,0x65,0x2f,0x73,0x74
	.byte 0x72,0x69,0x6e,0x67,0x68,0x65,0x6e,0x64,0x70,0x6f,0x69,0x6e,0x74,0xa1,0x68,0x74
	.byte 0x79,0x70,0x65,0x5f,0x72,0x65,0x66,0x78,0x1a,0x73,0x79,0x73,0x74,0x65,0x6d,0x2f
	.byte 0x73,0x75,0x62,0x73,0x74,0x69,0x74,0x75,0x74,0x65,0x2f,0x65,0x6e,0x64,0x70,0x6f
	.byte 0x69,0x6e,0x74,0x68,0x70,0x72,0x69,0x6f,0x72,0x69,0x74,0x79,0xa2,0x68,0x6f,0x70
	.byte 0x74,0x69,0x6f,0x6e,0x61,0x6c,0xf5,0x68,0x74,0x79,0x70,0x65,0x5f,0x72,0x65,0x66
	.byte 0x6e,0x70,0x72,0x69,0x6d,0x69,0x74,0x69,0x76,0x65,0x2f,0x75,0x69,0x6e,0x74,0x69
	.byte 0x66,0x72,0x65,0x73,0x68,0x6e,0x65,0x73,0x73,0xa2,0x68,0x6f,0x70,0x74,0x69,0x6f
	.byte 0x6e,0x61,0x6c,0xf5,0x68,0x74,0x79,0x70,0x65,0x5f,0x72,0x65,0x66,0x70,0x70,0x72
	.byte 0x69,0x6d,0x69,0x74,0x69,0x76,0x65,0x2f,0x73,0x74,0x72,0x69,0x6e,0x67,0x6d,0x61
	.byte 0x64,0x76,0x65,0x72,0x74,0x69,0x73,0x65,0x64,0x5f,0x61,0x74,0xa2,0x68,0x6f,0x70
	.byte 0x74,0x69,0x6f,0x6e,0x61,0x6c,0xf5,0x68,0x74,0x79,0x70,0x65,0x5f,0x72,0x65,0x66
	.byte 0x6e,0x70,0x72,0x69,0x6d,0x69,0x74,0x69,0x76,0x65,0x2f,0x75,0x69,0x6e,0x74,0x6d
	.byte 0x73,0x75,0x70,0x70,0x6f,0x72,0x74,0x65,0x64,0x5f,0x6f,0x70,0x73,0xa1,0x68,0x61
	.byte 0x72,0x72,0x61,0x79,0x5f,0x6f,0x66,0xa1,0x68,0x74,0x79,0x70,0x65,0x5f,0x72,0x65
	.byte 0x66,0x70,0x70,0x72,0x69,0x6d,0x69,0x74,0x69,0x76,0x65,0x2f,0x73,0x74,0x72,0x69
	.byte 0x6e,0x67,0x6e,0x6e,0x6f,0x6e,0x63,0x65,0x5f,0x72,0x65,0x71,0x75,0x69,0x72,0x65
	.byte 0x64,0xa1,0x68,0x74,0x79,0x70,0x65,0x5f,0x72,0x65,0x66,0x6e,0x70,0x72,0x69,0x6d
	.byte 0x69,0x74,0x69,0x76,0x65,0x2f,0x62,0x6f,0x6f,0x6c,0x6e,0x73,0x69,0x67,0x6e,0x65
	.byte 0x64,0x5f,0x70,0x6f,0x69,0x6e,0x74,0x65,0x72,0xa2,0x68,0x6f,0x70,0x74,0x69,0x6f
	.byte 0x6e,0x61,0x6c,0xf5,0x68,0x74,0x79,0x70,0x65,0x5f,0x72,0x65,0x66,0x70,0x70,0x72
	.byte 0x69,0x6d,0x69,0x74,0x69,0x76,0x65,0x2f,0x73,0x74,0x72,0x69,0x6e,0x67,0x6e,0x74
	.byte 0x72,0x61,0x6e,0x73,0x70,0x6f,0x72,0x74,0x5f,0x74,0x79,0x70,0x65,0xa1,0x68,0x74
	.byte 0x79,0x70,0x65,0x5f,0x72,0x65,0x66,0x70,0x70,0x72,0x69,0x6d,0x69,0x74,0x69,0x76
	.byte 0x65,0x2f,0x73,0x74,0x72,0x69,0x6e,0x67,0x70,0x70,0x6f,0x6c,0x6c,0x5f,0x69,0x6e
	.byte 0x74,0x65,0x72,0x76,0x61,0x6c,0x5f,0x6d,0x73,0xa2,0x68,0x6f,0x70,0x74,0x69,0x6f
	.byte 0x6e,0x61,0x6c,0xf5,0x68,0x74,0x79,0x70,0x65,0x5f,0x72,0x65,0x66,0x6e,0x70,0x72
	.byte 0x69,0x6d,0x69,0x74,0x69,0x76,0x65,0x2f,0x75,0x69,0x6e,0x74,0x64,0x74,0x79,0x70
	.byte 0x65,0x6b,0x73,0x79,0x73,0x74,0x65,0x6d,0x2f,0x74,0x79,0x70,0x65,0x6c,0x63,0x6f
	.byte 0x6e,0x74,0x65,0x6e,0x74,0x5f,0x68,0x61,0x73,0x68,0x58,0x21,0x00,0x11,0x85,0x98
	.byte 0x93,0x0c,0x4c,0x44,0x76,0x93,0x33,0x21,0xb6,0x39,0xc5,0x38,0x3b,0xf7,0x90,0x3c
	.byte 0xdd,0xd3,0x12,0x6a,0x00,0x1b,0xeb,0xf7,0xe4,0x54,0xc2,0xe5,0xdd
.Ltb108:
	.byte 0xa3,0x64,0x64,0x61,0x74,0x61,0xa2,0x64,0x6e,0x61,0x6d,0x65,0x78,0x24,0x73,0x79
	.byte 0x73,0x74,0x65,0x6d,0x2f,0x70,0x72,0x6f,0x74,0x6f,0x63,0x6f,0x6c,0x2f,0x63,0x6f
	.byte 0x6e,0x6e,0x65,0x63,0x74,0x2f,0x61,0x75,0x74,0x68,0x65,0x6e,0x74,0x69,0x63,0x61
	.byte 0x74,0x65,0x66,0x66,0x69,0x65,0x6c,0x64,0x73,0xa4,0x65,0x6e,0x6f,0x6e,0x63,0x65
	.byte 0xa1,0x68,0x74,0x79,0x70,0x65,0x5f,0x72,0x65,0x66,0x6f,0x70,0x72,0x69,0x6d,0x69
	.byte 0x74,0x69,0x76,0x65,0x2f,0x62,0x79,0x74,0x65,0x73,0x67,0x70,0x65,0x65,0x72,0x5f
	.byte 0x69,0x64,0xa1,0x68,0x74,0x79,0x70,0x65,0x5f,0x72,0x65,0x66,0x6e,0x73,0x79,0x73
	.byte 0x74,0x65,0x6d,0x2f,0x70,0x65,0x65,0x72,0x2d,0x69,0x64,0x68,0x6b,0x65,0x79,0x5f
	.byte 0x74,0x79,0x70,0x65,0xa1,0x68,0x74,0x79,0x70,0x65,0x5f,0x72,0x65,0x66,0x70,0x70
	.byte 0x72,0x69,0x6d,0x69,0x74,0x69,0x76,0x65,0x2f,0x73,0x74,0x72,0x69,0x6e,0x67,0x6a
	.byte 0x70,0x75,0x62,0x6c,0x69,0x63,0x5f,0x6b,0x65,0x79,0xa1,0x68,0x74,0x79,0x70,0x65
	.byte 0x5f,0x72,0x65,0x66,0x6f,0x70,0x72,0x69,0x6d,0x69,0x74,0x69,0x76,0x65,0x2f,0x62
	.byte 0x79,0x74,0x65,0x73,0x64,0x74,0x79,0x70,0x65,0x6b,0x73,0x79,0x73,0x74,0x65,0x6d
	.byte 0x2f,0x74,0x79,0x70,0x65,0x6c,0x63,0x6f,0x6e,0x74,0x65,0x6e,0x74,0x5f,0x68,0x61
	.byte 0x73,0x68,0x58,0x21,0x00,0x65,0x9b,0x82,0x53,0x42,0xb5,0x06,0x87,0x24,0xc0,0x21
	.byte 0x54,0xfc,0x8c,0x1d,0x3f,0xac,0x35,0xbf,0x2e,0x54,0xd9,0xf9,0xfe,0x00,0x61,0xc0
	.byte 0x57,0x19,0x77,0x46,0xb8
.Ltb109:
	.byte 0xa3,0x64,0x64,0x61,0x74,0x61,0xa2,0x64,0x6e,0x61,0x6d,0x65,0x78,0x1d,0x73,0x79
	.byte 0x73,0x74,0x65,0x6d,0x2f,0x70,0x72,0x6f,0x74,0x6f,0x63,0x6f,0x6c,0x2f,0x63,0x6f
	.byte 0x6e,0x6e,0x65,0x63,0x74,0x2f,0x68,0x65,0x6c,0x6c,0x6f,0x66,0x66,0x69,0x65,0x6c
	.byte 0x64,0x73,0xa8,0x65,0x6e,0x6f,0x6e,0x63,0x65,0xa1,0x68,0x74,0x79,0x70,0x65,0x5f
	.byte 0x72,0x65,0x66,0x6f,0x70,0x72,0x69,0x6d,0x69,0x74,0x69,0x76,0x65,0x2f,0x62,0x79
	.byte 0x74,0x65,0x73,0x67,0x70,0x65,0x65,0x72,0x5f,0x69,0x64,0xa1,0x68,0x74,0x79,0x70
	.byte 0x65,0x5f,0x72,0x65,0x66,0x6e,0x73,0x79,0x73,0x74,0x65,0x6d,0x2f,0x70,0x65,0x65
	.byte 0x72,0x2d,0x69,0x64,0x69,0x6b,0x65,0x79,0x5f,0x74,0x79,0x70,0x65,0x73,0xa2,0x68
	.byte 0x61,0x72,0x72,0x61,0x79,0x5f,0x6f,0x66,0xa1,0x68,0x74,0x79,0x70,0x65,0x5f,0x72
	.byte 0x65,0x66,0x70,0x70,0x72,0x69,0x6d,0x69,0x74,0x69,0x76,0x65,0x2f,0x73,0x74,0x72
	.byte 0x69,0x6e,0x67,0x68,0x6f,0x70,0x74,0x69,0x6f,0x6e,0x61,0x6c,0xf5,0x69,0x70,0x72
	.byte 0x6f,0x74,0x6f,0x63,0x6f,0x6c,0x73,0xa1,0x68,0x61,0x72,0x72,0x61,0x79,0x5f,0x6f
	.byte 0x66,0xa1,0x68,0x74,0x79,0x70,0x65,0x5f,0x72,0x65,0x66,0x70,0x70,0x72,0x69,0x6d
	.byte 0x69,0x74,0x69,0x76,0x65,0x2f,0x73,0x74,0x72,0x69,0x6e,0x67,0x69,0x74,0x69,0x6d
	.byte 0x65,0x73,0x74,0x61,0x6d,0x70,0xa1,0x68,0x74,0x79,0x70,0x65,0x5f,0x72,0x65,0x66
	.byte 0x6e,0x70,0x72,0x69,0x6d,0x69,0x74,0x69,0x76,0x65,0x2f,0x75,0x69,0x6e,0x74,0x6a
	.byte 0x65,0x6e,0x63,0x72,0x79,0x70,0x74,0x69,0x6f,0x6e,0xa2,0x68,0x61,0x72,0x72,0x61
	.byte 0x79,0x5f,0x6f,0x66,0xa1,0x68,0x74,0x79,0x70,0x65,0x5f,0x72,0x65,0x66,0x70,0x70
	.byte 0x72,0x69,0x6d,0x69,0x74,0x69,0x76,0x65,0x2f,0x73,0x74,0x72,0x69,0x6e,0x67,0x68
	.byte 0x6f,0x70,0x74,0x69,0x6f,0x6e,0x61,0x6c,0xf5,0x6b,0x63,0x6f,0x6d,0x70,0x72,0x65
	.byte 0x73,0x73,0x69,0x6f,0x6e,0xa2,0x68,0x61,0x72,0x72,0x61,0x79,0x5f,0x6f,0x66,0xa1
	.byte 0x68,0x74,0x79,0x70,0x65,0x5f,0x72,0x65,0x66,0x70,0x70,0x72,0x69,0x6d,0x69,0x74
	.byte 0x69,0x76,0x65,0x2f,0x73,0x74,0x72,0x69,0x6e,0x67,0x68,0x6f,0x70,0x74,0x69,0x6f
	.byte 0x6e,0x61,0x6c,0xf5,0x6c,0x68,0x61,0x73,0x68,0x5f,0x66,0x6f,0x72,0x6d,0x61,0x74
	.byte 0x73,0xa2,0x68,0x61,0x72,0x72,0x61,0x79,0x5f,0x6f,0x66,0xa1,0x68,0x74,0x79,0x70
	.byte 0x65,0x5f,0x72,0x65,0x66,0x70,0x70,0x72,0x69,0x6d,0x69,0x74,0x69,0x76,0x65,0x2f
	.byte 0x73,0x74,0x72,0x69,0x6e,0x67,0x68,0x6f,0x70,0x74,0x69,0x6f,0x6e,0x61,0x6c,0xf5
	.byte 0x64,0x74,0x79,0x70,0x65,0x6b,0x73,0x79,0x73,0x74,0x65,0x6d,0x2f,0x74,0x79,0x70
	.byte 0x65,0x6c,0x63,0x6f,0x6e,0x74,0x65,0x6e,0x74,0x5f,0x68,0x61,0x73,0x68,0x58,0x21
	.byte 0x00,0x5c,0x10,0x72,0x09,0xcf,0x62,0xa6,0xe3,0x36,0x8d,0xfd,0x35,0xbf,0xfe,0x4a
	.byte 0x92,0xef,0xeb,0x4c,0x50,0x6d,0x3b,0xe1,0x67,0xba,0x1f,0xf6,0xa8,0x50,0xe2,0x06
	.byte 0x20
.Ltb110:
	.byte 0xa3,0x64,0x64,0x61,0x74,0x61,0xa2,0x64,0x6e,0x61,0x6d,0x65,0x78,0x18,0x73,0x79
	.byte 0x73,0x74,0x65,0x6d,0x2f,0x70,0x72,0x6f,0x74,0x6f,0x63,0x6f,0x6c,0x2f,0x65,0x6e
	.byte 0x76,0x65,0x6c,0x6f,0x70,0x65,0x67,0x65,0x78,0x74,0x65,0x6e,0x64,0x73,0x6d,0x63
	.byte 0x6f,0x72,0x65,0x2f,0x65,0x6e,0x76,0x65,0x6c,0x6f,0x70,0x65,0x64,0x74,0x79,0x70
	.byte 0x65,0x6b,0x73,0x79,0x73,0x74,0x65,0x6d,0x2f,0x74,0x79,0x70,0x65,0x6c,0x63,0x6f
	.byte 0x6e,0x74,0x65,0x6e,0x74,0x5f,0x68,0x61,0x73,0x68,0x58,0x21,0x00,0x81,0x12,0xfd
	.byte 0xcb,0xde,0xb0,0xd7,0xc7,0x9d,0xd2,0x97,0x2d,0xdb,0x68,0x89,0x10,0x83,0x0e,0x8e
	.byte 0xba,0x89,0xd9,0xa4,0xde,0x78,0xfe,0x66,0x35,0x1a,0x7e,0x84,0xb8
.Ltb111:
	.byte 0xa3,0x64,0x64,0x61,0x74,0x61,0xa2,0x64,0x6e,0x61,0x6d,0x65,0x75,0x73,0x79,0x73
	.byte 0x74,0x65,0x6d,0x2f,0x70,0x72,0x6f,0x74,0x6f,0x63,0x6f,0x6c,0x2f,0x65,0x72,0x72
	.byte 0x6f,0x72,0x66,0x66,0x69,0x65,0x6c,0x64,0x73,0xa3,0x64,0x63,0x6f,0x64,0x65,0xa1
	.byte 0x68,0x74,0x79,0x70,0x65,0x5f,0x72,0x65,0x66,0x70,0x70,0x72,0x69,0x6d,0x69,0x74
	.byte 0x69,0x76,0x65,0x2f,0x73,0x74,0x72,0x69,0x6e,0x67,0x67,0x6d,0x65,0x73,0x73,0x61
	.byte 0x67,0x65,0xa2,0x68,0x6f,0x70,0x74,0x69,0x6f,0x6e,0x61,0x6c,0xf5,0x68,0x74,0x79
	.byte 0x70,0x65,0x5f,0x72,0x65,0x66,0x70,0x70,0x72,0x69,0x6d,0x69,0x74,0x69,0x76,0x65
	.byte 0x2f,0x73,0x74,0x72,0x69,0x6e,0x67,0x6f,0x72,0x65,0x6a,0x65,0x63,0x74,0x65,0x64
	.byte 0x5f,0x6d,0x61,0x72,0x6b,0x65,0x72,0xa2,0x68,0x6f,0x70,0x74,0x69,0x6f,0x6e,0x61
	.byte 0x6c,0xf5,0x68,0x74,0x79,0x70,0x65,0x5f,0x72,0x65,0x66,0x6b,0x73,0x79,0x73,0x74
	.byte 0x65,0x6d,0x2f,0x68,0x61,0x73,0x68,0x64,0x74,0x79,0x70,0x65,0x6b,0x73,0x79,0x73
	.byte 0x74,0x65,0x6d,0x2f,0x74,0x79,0x70,0x65,0x6c,0x63,0x6f,0x6e,0x74,0x65,0x6e,0x74
	.byte 0x5f,0x68,0x61,0x73,0x68,0x58,0x21,0x00,0x5b,0x20,0xc1,0x3a,0xf5,0x77,0xef,0xe9
	.byte 0x20,0x51,0x64,0xe9,0x80,0x85,0x8f,0xee,0x27,0xf1,0x5a,0x58,0x84,0xf1,0x5d,0x1b
	.byte 0x6b,0xb6,0x8b,0x02,0xf3,0x17,0x9e,0x5e
.Ltb112:
	.byte 0xa3,0x64,0x64,0x61,0x74,0x61,0xa2,0x64,0x6e,0x61,0x6d,0x65,0x77,0x73,0x79,0x73
	.byte 0x74,0x65,0x6d,0x2f,0x70,0x72,0x6f,0x74,0x6f,0x63,0x6f,0x6c,0x2f,0x65,0x78,0x65
	.byte 0x63,0x75,0x74,0x65,0x66,0x66,0x69,0x65,0x6c,0x64,0x73,0xab,0x63,0x75,0x72,0x69
	.byte 0xa1,0x68,0x74,0x79,0x70,0x65,0x5f,0x72,0x65,0x66,0x70,0x73,0x79,0x73,0x74,0x65
	.byte 0x6d,0x2f,0x74,0x72,0x65,0x65,0x2f,0x70,0x61,0x74,0x68,0x66,0x61,0x75,0x74,0x68
	.byte 0x6f,0x72,0xa2,0x68,0x6f,0x70,0x74,0x69,0x6f,0x6e,0x61,0x6c,0xf5,0x68,0x74,0x79
	.byte 0x70,0x65,0x5f,0x72,0x65,0x66,0x6b,0x73,0x79,0x73,0x74,0x65,0x6d,0x2f,0x68,0x61
	.byte 0x73,0x68,0x66,0x62,0x6f,0x75,0x6e,0x64,0x73,0xa2,0x68,0x6f,0x70,0x74,0x69,0x6f
	.byte 0x6e,0x61,0x6c,0xf5,0x68,0x74,0x79,0x70,0x65,0x5f,0x72,0x65,0x66,0x6d,0x73,0x79
	.byte 0x73,0x74,0x65,0x6d,0x2f,0x62,0x6f,0x75,0x6e,0x64,0x73,0x66,0x70,0x61,0x72,0x61
	.byte 0x6d,0x73,0xa1,0x68,0x74,0x79,0x70,0x65,0x5f,0x72,0x65,0x66,0x6b,0x63,0x6f,0x72
	.byte 0x65,0x2f,0x65,0x6e,0x74,0x69,0x74,0x79,0x68,0x72,0x65,0x73,0x6f,0x75,0x72,0x63
	.byte 0x65,0xa2,0x68,0x6f,0x70,0x74,0x69,0x6f,0x6e,0x61,0x6c,0xf5,0x68,0x74,0x79,0x70
	.byte 0x65,0x5f,0x72,0x65,0x66,0x78,0x1f,0x73,0x79,0x73,0x74,0x65,0x6d,0x2f,0x70,0x72
	.byte 0x6f,0x74,0x6f,0x63,0x6f,0x6c,0x2f,0x72,0x65,0x73,0x6f,0x75,0x72,0x63,0x65,0x2d
	.byte 0x74,0x61,0x72,0x67,0x65,0x74,0x69,0x6f,0x70,0x65,0x72,0x61,0x74,0x69,0x6f,0x6e
	.byte 0xa1,0x68,0x74,0x79,0x70,0x65,0x5f,0x72,0x65,0x66,0x70,0x70,0x72,0x69,0x6d,0x69
	.byte 0x74,0x69,0x76,0x65,0x2f,0x73,0x74,0x72,0x69,0x6e,0x67,0x6a,0x63,0x61,0x70,0x61
	.byte 0x62,0x69,0x6c,0x69,0x74,0x79,0xa2,0x68,0x6f,0x70,0x74,0x69,0x6f,0x6e,0x61,0x6c
	.byte 0xf5,0x68,0x74,0x79,0x70,0x65,0x5f,0x72,0x65,0x66,0x6b,0x73,0x79,0x73,0x74,0x65
	.byte 0x6d,0x2f,0x68,0x61,0x73,0x68,0x6a,0x64,0x65,0x6c,0x69,0x76,0x65,0x72,0x5f,0x74
	.byte 0x6f,0xa2,0x68,0x6f,0x70,0x74,0x69,0x6f,0x6e,0x61,0x6c,0xf5,0x68,0x74,0x79,0x70
	.byte 0x65,0x5f,0x72,0x65,0x66,0x74,0x73,0x79,0x73,0x74,0x65,0x6d,0x2f,0x64,0x65,0x6c
	.byte 0x69,0x76,0x65,0x72,0x79,0x2d,0x73,0x70,0x65,0x63,0x6a,0x72,0x65,0x71,0x75,0x65
	.byte 0x73,0x74,0x5f,0x69,0x64,0xa1,0x68,0x74,0x79,0x70,0x65,0x5f,0x72,0x65,0x66,0x70
	.byte 0x70,0x72,0x69,0x6d,0x69,0x74,0x69,0x76,0x65,0x2f,0x73,0x74,0x72,0x69,0x6e,0x67
	.byte 0x6d,0x64,0x65,0x6c,0x69,0x76,0x65,0x72,0x5f,0x74,0x6f,0x6b,0x65,0x6e,0xa2,0x68
	.byte 0x6f,0x70,0x74,0x69,0x6f,0x6e,0x61,0x6c,0xf5,0x68,0x74,0x79,0x70,0x65,0x5f,0x72
	.byte 0x65,0x66,0x6b,0x73,0x79,0x73,0x74,0x65,0x6d,0x2f,0x68,0x61,0x73,0x68,0x72,0x64
	.byte 0x75,0x72,0x61,0x62,0x69,0x6c,0x69,0x74,0x79,0x5f,0x72,0x65,0x71,0x75,0x65,0x73
	.byte 0x74,0xa2,0x68,0x6f,0x70,0x74,0x69,0x6f,0x6e,0x61,0x6c,0xf5,0x68,0x74,0x79,0x70
	.byte 0x65,0x5f,0x72,0x65,0x66,0x78,0x19,0x73,0x79,0x73,0x74,0x65,0x6d,0x2f,0x64,0x75
	.byte 0x72,0x61,0x62,0x69,0x6c,0x69,0x74,0x79,0x2d,0x72,0x65,0x71,0x75,0x65,0x73,0x74
	.byte 0x64,0x74,0x79,0x70,0x65,0x6b,0x73,0x79,0x73,0x74,0x65,0x6d,0x2f,0x74,0x79,0x70
	.byte 0x65,0x6c,0x63,0x6f,0x6e,0x74,0x65,0x6e,0x74,0x5f,0x68,0x61,0x73,0x68,0x58,0x21
	.byte 0x00,0x71,0xdd,0x32,0x07,0xbb,0x7b,0x55,0x06,0xb9,0x03,0xd6,0x08,0xe6,0xa4,0xce
	.byte 0x45,0xab,0x66,0x77,0x8e,0xff,0x62,0x3f,0xa1,0xfd,0x07,0xa8,0xed,0xb0,0x54,0xda
	.byte 0x77
.Ltb113:
	.byte 0xa3,0x64,0x64,0x61,0x74,0x61,0xa2,0x64,0x6e,0x61,0x6d,0x65,0x78,0x20,0x73,0x79
	.byte 0x73,0x74,0x65,0x6d,0x2f,0x70,0x72,0x6f,0x74,0x6f,0x63,0x6f,0x6c,0x2f,0x65,0x78
	.byte 0x65,0x63,0x75,0x74,0x65,0x2f,0x72,0x65,0x73,0x70,0x6f,0x6e,0x73,0x65,0x66,0x66
	.byte 0x69,0x65,0x6c,0x64,0x73,0xa4,0x66,0x72,0x65,0x73,0x75,0x6c,0x74,0xa1,0x68,0x74
	.byte 0x79,0x70,0x65,0x5f,0x72,0x65,0x66,0x6b,0x63,0x6f,0x72,0x65,0x2f,0x65,0x6e,0x74
	.byte 0x69,0x74,0x79,0x66,0x73,0x74,0x61,0x74,0x75,0x73,0xa1,0x68,0x74,0x79,0x70,0x65
	.byte 0x5f,0x72,0x65,0x66,0x6e,0x70,0x72,0x69,0x6d,0x69,0x74,0x69,0x76,0x65,0x2f,0x75
	.byte 0x69,0x6e,0x74,0x6a,0x64,0x75,0x72,0x61,0x62,0x69,0x6c,0x69,0x74,0x79,0xa2,0x68
	.byte 0x6f,0x70,0x74,0x69,0x6f,0x6e,0x61,0x6c,0xf5,0x68,0x74,0x79,0x70,0x65,0x5f,0x72
	.byte 0x65,0x66,0x78,0x18,0x73,0x79,0x73,0x74,0x65,0x6d,0x2f,0x64,0x75,0x72,0x61,0x62
	.byte 0x69,0x6c,0x69,0x74,0x79,0x2d,0x72,0x65,0x73,0x75,0x6c,0x74,0x6a,0x72,0x65,0x71
	.byte 0x75,0x65,0x73,0x74,0x5f,0x69,0x64,0xa1,0x68,0x74,0x79,0x70,0x65,0x5f,0x72,0x65
	.byte 0x66,0x70,0x70,0x72,0x69,0x6d,0x69,0x74,0x69,0x76,0x65,0x2f,0x73,0x74,0x72,0x69
	.byte 0x6e,0x67,0x64,0x74,0x79,0x70,0x65,0x6b,0x73,0x79,0x73,0x74,0x65,0x6d,0x2f,0x74
	.byte 0x79,0x70,0x65,0x6c,0x63,0x6f,0x6e,0x74,0x65,0x6e,0x74,0x5f,0x68,0x61,0x73,0x68
	.byte 0x58,0x21,0x00,0xab,0xb3,0x3f,0x58,0x11,0xfe,0xf2,0x2c,0x2e,0x8b,0xae,0xb9,0x61
	.byte 0x08,0x37,0x4c,0x2c,0x38,0xcc,0xef,0x80,0x13,0x68,0x14,0xcb,0xe5,0xe0,0x04,0x07
	.byte 0x1a,0x4e,0xb5
.Ltb114:
	.byte 0xa3,0x64,0x64,0x61,0x74,0x61,0xa2,0x64,0x6e,0x61,0x6d,0x65,0x78,0x1e,0x73,0x79
	.byte 0x73,0x74,0x65,0x6d,0x2f,0x70,0x72,0x6f,0x74,0x6f,0x63,0x6f,0x6c,0x2f,0x69,0x6e
	.byte 0x62,0x6f,0x78,0x2f,0x64,0x65,0x6c,0x69,0x76,0x65,0x72,0x79,0x66,0x66,0x69,0x65
	.byte 0x6c,0x64,0x73,0xa3,0x66,0x72,0x65,0x73,0x75,0x6c,0x74,0xa1,0x68,0x74,0x79,0x70
	.byte 0x65,0x5f,0x72,0x65,0x66,0x6b,0x63,0x6f,0x72,0x65,0x2f,0x65,0x6e,0x74,0x69,0x74
	.byte 0x79,0x66,0x73,0x74,0x61,0x74,0x75,0x73,0xa1,0x68,0x74,0x79,0x70,0x65,0x5f,0x72
	.byte 0x65,0x66,0x6e,0x70,0x72,0x69,0x6d,0x69,0x74,0x69,0x76,0x65,0x2f,0x75,0x69,0x6e
	.byte 0x74,0x73,0x6f,0x72,0x69,0x67,0x69,0x6e,0x61,0x6c,0x5f,0x72,0x65,0x71,0x75,0x65
	.byte 0x73,0x74,0x5f,0x69,0x64,0xa1,0x68,0x74,0x79,0x70,0x65,0x5f,0x72,0x65,0x66,0x70
	.byte 0x70,0x72,0x69,0x6d,0x69,0x74,0x69,0x76,0x65,0x2f,0x73,0x74,0x72,0x69,0x6e,0x67
	.byte 0x64,0x74,0x79,0x70,0x65,0x6b,0x73,0x79,0x73,0x74,0x65,0x6d,0x2f,0x74,0x79,0x70
	.byte 0x65,0x6c,0x63,0x6f,0x6e,0x74,0x65,0x6e,0x74,0x5f,0x68,0x61,0x73,0x68,0x58,0x21
	.byte 0x00,0x94,0xbf,0xdc,0x9c,0x8c,0xe9,0x15,0xc3,0xd0,0x38,0x80,0x2a,0x4c,0x86,0xc8
	.byte 0x7e,0xf2,0x71,0x0d,0xa6,0xf1,0x2f,0xd5,0x08,0x02,0xed,0x20,0x4b,0x83,0x68,0x38
	.byte 0x59
.Ltb115:
	.byte 0xa3,0x64,0x64,0x61,0x74,0x61,0xa2,0x64,0x6e,0x61,0x6d,0x65,0x78,0x22,0x73,0x79
	.byte 0x73,0x74,0x65,0x6d,0x2f,0x70,0x72,0x6f,0x74,0x6f,0x63,0x6f,0x6c,0x2f,0x69,0x6e
	.byte 0x62,0x6f,0x78,0x2f,0x6e,0x6f,0x74,0x69,0x66,0x69,0x63,0x61,0x74,0x69,0x6f,0x6e
	.byte 0x66,0x66,0x69,0x65,0x6c,0x64,0x73,0xa5,0x63,0x75,0x72,0x69,0xa1,0x68,0x74,0x79
	.byte 0x70,0x65,0x5f,0x72,0x65,0x66,0x70,0x73,0x79,0x73,0x74,0x65,0x6d,0x2f,0x74,0x72
	.byte 0x65,0x65,0x2f,0x70,0x61,0x74,0x68,0x64,0x68,0x61,0x73,0x68,0xa2,0x68,0x6f,0x70
	.byte 0x74,0x69,0x6f,0x6e,0x61,0x6c,0xf5,0x68,0x74,0x79,0x70,0x65,0x5f,0x72,0x65,0x66
	.byte 0x6b,0x73,0x79,0x73,0x74,0x65,0x6d,0x2f,0x68,0x61,0x73,0x68,0x65,0x65,0x76,0x65
	.byte 0x6e,0x74,0xa1,0x68,0x74,0x79,0x70,0x65,0x5f,0x72,0x65,0x66,0x70,0x70,0x72,0x69
	.byte 0x6d,0x69,0x74,0x69,0x76,0x65,0x2f,0x73,0x74,0x72,0x69,0x6e,0x67,0x6d,0x70,0x72
	.byte 0x65,0x76,0x69,0x6f,0x75,0x73,0x5f,0x68,0x61,0x73,0x68,0xa2,0x68,0x6f,0x70,0x74
	.byte 0x69,0x6f,0x6e,0x61,0x6c,0xf5,0x68,0x74,0x79,0x70,0x65,0x5f,0x72,0x65,0x66,0x6b
	.byte 0x73,0x79,0x73,0x74,0x65,0x6d,0x2f,0x68,0x61,0x73,0x68,0x6f,0x73,0x75,0x62,0x73
	.byte 0x63,0x72,0x69,0x70,0x74,0x69,0x6f,0x6e,0x5f,0x69,0x64,0xa1,0x68,0x74,0x79,0x70
	.byte 0x65,0x5f,0x72,0x65,0x66,0x70,0x70,0x72,0x69,0x6d,0x69,0x74,0x69,0x76,0x65,0x2f
	.byte 0x73,0x74,0x72,0x69,0x6e,0x67,0x64,0x74,0x79,0x70,0x65,0x6b,0x73,0x79,0x73,0x74
	.byte 0x65,0x6d,0x2f,0x74,0x79,0x70,0x65,0x6c,0x63,0x6f,0x6e,0x74,0x65,0x6e,0x74,0x5f
	.byte 0x68,0x61,0x73,0x68,0x58,0x21,0x00,0xbf,0x1d,0x2a,0xf4,0xdb,0xec,0x01,0x26,0xc8
	.byte 0x9b,0xf5,0xe1,0x2a,0x21,0xd7,0xca,0x52,0x34,0x15,0xce,0xd7,0xef,0x9e,0x11,0xf7
	.byte 0x36,0xee,0x2f,0x3f,0x36,0xa7,0x7d
.Ltb116:
	.byte 0xa3,0x64,0x64,0x61,0x74,0x61,0xa2,0x64,0x6e,0x61,0x6d,0x65,0x78,0x1f,0x73,0x79
	.byte 0x73,0x74,0x65,0x6d,0x2f,0x70,0x72,0x6f,0x74,0x6f,0x63,0x6f,0x6c,0x2f,0x72,0x65
	.byte 0x73,0x6f,0x75,0x72,0x63,0x65,0x2d,0x74,0x61,0x72,0x67,0x65,0x74,0x66,0x66,0x69
	.byte 0x65,0x6c,0x64,0x73,0xa2,0x67,0x65,0x78,0x63,0x6c,0x75,0x64,0x65,0xa2,0x68,0x61
	.byte 0x72,0x72,0x61,0x79,0x5f,0x6f,0x66,0xa1,0x68,0x74,0x79,0x70,0x65,0x5f,0x72,0x65
	.byte 0x66,0x70,0x73,0x79,0x73,0x74,0x65,0x6d,0x2f,0x74,0x72,0x65,0x65,0x2f,0x70,0x61
	.byte 0x74,0x68,0x68,0x6f,0x70,0x74,0x69,0x6f,0x6e,0x61,0x6c,0xf5,0x67,0x74,0x61,0x72
	.byte 0x67,0x65,0x74,0x73,0xa1,0x68,0x61,0x72,0x72,0x61,0x79,0x5f,0x6f,0x66,0xa1,0x68
	.byte 0x74,0x79,0x70,0x65,0x5f,0x72,0x65,0x66,0x70,0x73,0x79,0x73,0x74,0x65,0x6d,0x2f
	.byte 0x74,0x72,0x65,0x65,0x2f,0x70,0x61,0x74,0x68,0x64,0x74,0x79,0x70,0x65,0x6b,0x73
	.byte 0x79,0x73,0x74,0x65,0x6d,0x2f,0x74,0x79,0x70,0x65,0x6c,0x63,0x6f,0x6e,0x74,0x65
	.byte 0x6e,0x74,0x5f,0x68,0x61,0x73,0x68,0x58,0x21,0x00,0xdc,0xbd,0xa8,0x56,0x91,0xf9
	.byte 0xfe,0x9c,0x85,0x42,0x10,0x68,0xf4,0x69,0x78,0x94,0x16,0x9c,0x6f,0x14,0x19,0xda
	.byte 0x34,0x00,0x93,0xd6,0xe2,0xcd,0x6d,0x21,0x3e,0xbe
.Ltb117:
	.byte 0xa3,0x64,0x64,0x61,0x74,0x61,0xa2,0x64,0x6e,0x61,0x6d,0x65,0x77,0x73,0x79,0x73
	.byte 0x74,0x65,0x6d,0x2f,0x71,0x75,0x65,0x72,0x79,0x2f,0x61,0x6c,0x6c,0x6f,0x77,0x61
	.byte 0x6e,0x63,0x65,0x73,0x66,0x66,0x69,0x65,0x6c,0x64,0x73,0xa1,0x65,0x73,0x63,0x6f
	.byte 0x70,0x65,0xa2,0x68,0x6f,0x70,0x74,0x69,0x6f,0x6e,0x61,0x6c,0xf5,0x68,0x74,0x79
	.byte 0x70,0x65,0x5f,0x72,0x65,0x66,0x70,0x70,0x72,0x69,0x6d,0x69,0x74,0x69,0x76,0x65
	.byte 0x2f,0x73,0x74,0x72,0x69,0x6e,0x67,0x64,0x74,0x79,0x70,0x65,0x6b,0x73,0x79,0x73
	.byte 0x74,0x65,0x6d,0x2f,0x74,0x79,0x70,0x65,0x6c,0x63,0x6f,0x6e,0x74,0x65,0x6e,0x74
	.byte 0x5f,0x68,0x61,0x73,0x68,0x58,0x21,0x00,0xdd,0xc0,0x66,0x31,0xde,0xc1,0xf4,0x09
	.byte 0xcd,0xb5,0x24,0xee,0xec,0x33,0x4f,0x07,0x85,0x84,0x14,0xce,0x2d,0xcc,0xf7,0x42
	.byte 0xdc,0xc1,0x88,0x0e,0x29,0xaf,0x91,0x62
.Ltb118:
	.byte 0xa3,0x64,0x64,0x61,0x74,0x61,0xa2,0x64,0x6e,0x61,0x6d,0x65,0x78,0x18,0x73,0x79
	.byte 0x73,0x74,0x65,0x6d,0x2f,0x71,0x75,0x65,0x72,0x79,0x2f,0x63,0x6f,0x6e,0x73,0x74
	.byte 0x72,0x61,0x69,0x6e,0x74,0x73,0x66,0x66,0x69,0x65,0x6c,0x64,0x73,0xa2,0x6a,0x74
	.byte 0x79,0x70,0x65,0x5f,0x73,0x63,0x6f,0x70,0x65,0xa2,0x68,0x6f,0x70,0x74,0x69,0x6f
	.byte 0x6e,0x61,0x6c,0xf5,0x68,0x74,0x79,0x70,0x65,0x5f,0x72,0x65,0x66,0x78,0x1a,0x73
	.byte 0x79,0x73,0x74,0x65,0x6d,0x2f,0x63,0x61,0x70,0x61,0x62,0x69,0x6c,0x69,0x74,0x79
	.byte 0x2f,0x69,0x64,0x2d,0x73,0x63,0x6f,0x70,0x65,0x6b,0x6d,0x61,0x78,0x5f,0x72,0x65
	.byte 0x73,0x75,0x6c,0x74,0x73,0xa2,0x68,0x6f,0x70,0x74,0x69,0x6f,0x6e,0x61,0x6c,0xf5
	.byte 0x68,0x74,0x79,0x70,0x65,0x5f,0x72,0x65,0x66,0x6e,0x70,0x72,0x69,0x6d,0x69,0x74
	.byte 0x69,0x76,0x65,0x2f,0x75,0x69,0x6e,0x74,0x64,0x74,0x79,0x70,0x65,0x6b,0x73,0x79
	.byte 0x73,0x74,0x65,0x6d,0x2f,0x74,0x79,0x70,0x65,0x6c,0x63,0x6f,0x6e,0x74,0x65,0x6e
	.byte 0x74,0x5f,0x68,0x61,0x73,0x68,0x58,0x21,0x00,0xf7,0x47,0x39,0xdb,0xc6,0xa9,0x45
	.byte 0x8c,0xa2,0xc8,0xc9,0x80,0x14,0x64,0xe4,0x60,0x07,0x01,0x89,0xb6,0x41,0x3f,0xfb
	.byte 0x28,0x4a,0xf8,0xef,0x2b,0x85,0x2c,0x7c,0x3d
.Ltb119:
	.byte 0xa3,0x64,0x64,0x61,0x74,0x61,0xa2,0x64,0x6e,0x61,0x6d,0x65,0x77,0x73,0x79,0x73
	.byte 0x74,0x65,0x6d,0x2f,0x71,0x75,0x65,0x72,0x79,0x2f,0x65,0x78,0x70,0x72,0x65,0x73
	.byte 0x73,0x69,0x6f,0x6e,0x66,0x66,0x69,0x65,0x6c,0x64,0x73,0xaa,0x65,0x6c,0x69,0x6d
	.byte 0x69,0x74,0xa2,0x68,0x6f,0x70,0x74,0x69,0x6f,0x6e,0x61,0x6c,0xf5,0x68,0x74,0x79
	.byte 0x70,0x65,0x5f,0x72,0x65,0x66,0x6e,0x70,0x72,0x69,0x6d,0x69,0x74,0x69,0x76,0x65
	.byte 0x2f,0x75,0x69,0x6e,0x74,0x66,0x63,0x75,0x72,0x73,0x6f,0x72,0xa2,0x68,0x6f,0x70
	.byte 0x74,0x69,0x6f,0x6e,0x61,0x6c,0xf5,0x68,0x74,0x79,0x70,0x65,0x5f,0x72,0x65,0x66
	.byte 0x70,0x70,0x72,0x69,0x6d,0x69,0x74,0x69,0x76,0x65,0x2f,0x73,0x74,0x72,0x69,0x6e
	.byte 0x67,0x68,0x6f,0x72,0x64,0x65,0x72,0x5f,0x62,0x79,0xa2,0x68,0x6f,0x70,0x74,0x69
	.byte 0x6f,0x6e,0x61,0x6c,0xf5,0x68,0x74,0x79,0x70,0x65,0x5f,0x72,0x65,0x66,0x70,0x70
	.byte 0x72,0x69,0x6d,0x69,0x74,0x69,0x76,0x65,0x2f,0x73,0x74,0x72,0x69,0x6e,0x67,0x6a
	.byte 0x64,0x65,0x73,0x63,0x65,0x6e,0x64,0x69,0x6e,0x67,0xa2,0x68,0x6f,0x70,0x74,0x69
	.byte 0x6f,0x6e,0x61,0x6c,0xf5,0x68,0x74,0x79,0x70,0x65,0x5f,0x72,0x65,0x66,0x6e,0x70
	.byte 0x72,0x69,0x6d,0x69,0x74,0x69,0x76,0x65,0x2f,0x62,0x6f,0x6f,0x6c,0x6a,0x72,0x65
	.byte 0x66,0x5f,0x66,0x69,0x6c,0x74,0x65,0x72,0xa2,0x68,0x6f,0x70,0x74,0x69,0x6f,0x6e
	.byte 0x61,0x6c,0xf5,0x68,0x74,0x79,0x70,0x65,0x5f,0x72,0x65,0x66,0x6b,0x73,0x79,0x73
	.byte 0x74,0x65,0x6d,0x2f,0x68,0x61,0x73,0x68,0x6b,0x70,0x61,0x74,0x68,0x5f,0x66,0x69
	.byte 0x6c,0x74,0x65,0x72,0xa2,0x68,0x6f,0x70,0x74,0x69,0x6f,0x6e,0x61,0x6c,0xf5,0x68
	.byte 0x74,0x79,0x70,0x65,0x5f,0x72,0x65,0x66,0x70,0x73,0x79,0x73,0x74,0x65,0x6d,0x2f
	.byte 0x74,0x72,0x65,0x65,0x2f,0x70,0x61,0x74,0x68,0x6b,0x70,0x61,0x74,0x68,0x5f,0x70
	.byte 0x72,0x65,0x66,0x69,0x78,0xa2,0x68,0x6f,0x70,0x74,0x69,0x6f,0x6e,0x61,0x6c,0xf5
	.byte 0x68,0x74,0x79,0x70,0x65,0x5f,0x72,0x65,0x66,0x70,0x73,0x79,0x73,0x74,0x65,0x6d
	.byte 0x2f,0x74,0x72,0x65,0x65,0x2f,0x70,0x61,0x74,0x68,0x6b,0x74,0x79,0x70,0x65,0x5f
	.byte 0x66,0x69,0x6c,0x74,0x65,0x72,0xa2,0x68,0x6f,0x70,0x74,0x69,0x6f,0x6e,0x61,0x6c
	.byte 0xf5,0x68,0x74,0x79,0x70,0x65,0x5f,0x72,0x65,0x66,0x70,0x70,0x72,0x69,0x6d,0x69
	.byte 0x74,0x69,0x76,0x65,0x2f,0x73,0x74,0x72,0x69,0x6e,0x67,0x6d,0x66,0x69,0x65,0x6c
	.byte 0x64,0x5f,0x66,0x69,0x6c,0x74,0x65,0x72,0x73,0xa2,0x68,0x61,0x72,0x72,0x61,0x79
	.byte 0x5f,0x6f,0x66,0xa1,0x68,0x74,0x79,0x70,0x65,0x5f,0x72,0x65,0x66,0x78,0x1c,0x73
	.byte 0x79,0x73,0x74,0x65,0x6d,0x2f,0x71,0x75,0x65,0x72,0x79,0x2f,0x66,0x69,0x65,0x6c
	.byte 0x64,0x2d,0x70,0x72,0x65,0x64,0x69,0x63,0x61,0x74,0x65,0x68,0x6f,0x70,0x74,0x69
	.byte 0x6f,0x6e,0x61,0x6c,0xf5,0x70,0x69,0x6e,0x63,0x6c,0x75,0x64,0x65,0x5f,0x65,0x6e
	.byte 0x74,0x69,0x74,0x69,0x65,0x73,0xa2,0x68,0x6f,0x70,0x74,0x69,0x6f,0x6e,0x61,0x6c
	.byte 0xf5,0x68,0x74,0x79,0x70,0x65,0x5f,0x72,0x65,0x66,0x6e,0x70,0x72,0x69,0x6d,0x69
	.byte 0x74,0x69,0x76,0x65,0x2f,0x62,0x6f,0x6f,0x6c,0x64,0x74,0x79,0x70,0x65,0x6b,0x73
	.byte 0x79,0x73,0x74,0x65,0x6d,0x2f,0x74,0x79,0x70,0x65,0x6c,0x63,0x6f,0x6e,0x74,0x65
	.byte 0x6e,0x74,0x5f,0x68,0x61,0x73,0x68,0x58,0x21,0x00,0x0b,0xf6,0x76,0x61,0x06,0x83
	.byte 0x01,0x85,0xce,0x4a,0xaa,0x76,0x70,0xb4,0x2a,0xd4,0x43,0xea,0xd3,0x0f,0x72,0xaf
	.byte 0xf9,0x86,0xdc,0xaa,0xd8,0x36,0xe7,0x7d,0xc7,0x4a
.Ltb120:
	.byte 0xa3,0x64,0x64,0x61,0x74,0x61,0xa2,0x64,0x6e,0x61,0x6d,0x65,0x78,0x1c,0x73,0x79
	.byte 0x73,0x74,0x65,0x6d,0x2f,0x71,0x75,0x65,0x72,0x79,0x2f,0x66,0x69,0x65,0x6c,0x64
	.byte 0x2d,0x70,0x72,0x65,0x64,0x69,0x63,0x61,0x74,0x65,0x66,0x66,0x69,0x65,0x6c,0x64
	.byte 0x73,0xa3,0x65,0x66,0x69,0x65,0x6c,0x64,0xa1,0x68,0x74,0x79,0x70,0x65,0x5f,0x72
	.byte 0x65,0x66,0x70,0x70,0x72,0x69,0x6d,0x69,0x74,0x69,0x76,0x65,0x2f,0x73,0x74,0x72
	.byte 0x69,0x6e,0x67,0x65,0x76,0x61,0x6c,0x75,0x65,0xa2,0x68,0x6f,0x70,0x74,0x69,0x6f
	.byte 0x6e,0x61,0x6c,0xf5,0x68,0x74,0x79,0x70,0x65,0x5f,0x72,0x65,0x66,0x6d,0x70,0x72
	.byte 0x69,0x6d,0x69,0x74,0x69,0x76,0x65,0x2f,0x61,0x6e,0x79,0x68,0x6f,0x70,0x65,0x72
	.byte 0x61,0x74,0x6f,0x72,0xa1,0x68,0x74,0x79,0x70,0x65,0x5f,0x72,0x65,0x66,0x70,0x70
	.byte 0x72,0x69,0x6d,0x69,0x74,0x69,0x76,0x65,0x2f,0x73,0x74,0x72,0x69,0x6e,0x67,0x64
	.byte 0x74,0x79,0x70,0x65,0x6b,0x73,0x79,0x73,0x74,0x65,0x6d,0x2f,0x74,0x79,0x70,0x65
	.byte 0x6c,0x63,0x6f,0x6e,0x74,0x65,0x6e,0x74,0x5f,0x68,0x61,0x73,0x68,0x58,0x21,0x00
	.byte 0x9a,0x7d,0xf9,0x69,0xda,0x10,0x50,0xf4,0x9a,0xe4,0x59,0x2e,0xd9,0x58,0x37,0xdc
	.byte 0x46,0x89,0xf9,0xee,0xbb,0x17,0x3e,0x20,0xf3,0x85,0x14,0x5b,0x88,0xab,0x58,0x85
.Ltb121:
	.byte 0xa3,0x64,0x64,0x61,0x74,0x61,0xa2,0x64,0x6e,0x61,0x6d,0x65,0x78,0x19,0x73,0x79
	.byte 0x73,0x74,0x65,0x6d,0x2f,0x71,0x75,0x65,0x72,0x79,0x2f,0x69,0x6e,0x64,0x65,0x78
	.byte 0x2d,0x63,0x6f,0x6e,0x66,0x69,0x67,0x66,0x66,0x69,0x65,0x6c,0x64,0x73,0xa2,0x66
	.byte 0x66,0x69,0x65,0x6c,0x64,0x73,0xa1,0x68,0x61,0x72,0x72,0x61,0x79,0x5f,0x6f,0x66
	.byte 0xa1,0x68,0x74,0x79,0x70,0x65,0x5f,0x72,0x65,0x66,0x70,0x70,0x72,0x69,0x6d,0x69
	.byte 0x74,0x69,0x76,0x65,0x2f,0x73,0x74,0x72,0x69,0x6e,0x67,0x69,0x74,0x79,0x70,0x65
	.byte 0x5f,0x6e,0x61,0x6d,0x65,0xa1,0x68,0x74,0x79,0x70,0x65,0x5f,0x72,0x65,0x66,0x70
	.byte 0x73,0x79,0x73,0x74,0x65,0x6d,0x2f,0x74,0x79,0x70,0x65,0x2f,0x6e,0x61,0x6d,0x65
	.byte 0x64,0x74,0x79,0x70,0x65,0x6b,0x73,0x79,0x73,0x74,0x65,0x6d,0x2f,0x74,0x79,0x70
	.byte 0x65,0x6c,0x63,0x6f,0x6e,0x74,0x65,0x6e,0x74,0x5f,0x68,0x61,0x73,0x68,0x58,0x21
	.byte 0x00,0x06,0xee,0x99,0xf3,0x47,0xe4,0xd9,0xe4,0x09,0x2b,0x9a,0xf1,0x91,0xa9,0x4e
	.byte 0x74,0x01,0xc3,0xb4,0xfe,0xf1,0x61,0x25,0x43,0x30,0x0c,0xbd,0xab,0x8b,0x58,0xc5
	.byte 0x7f
.Ltb122:
	.byte 0xa3,0x64,0x64,0x61,0x74,0x61,0xa2,0x64,0x6e,0x61,0x6d,0x65,0x72,0x73,0x79,0x73
	.byte 0x74,0x65,0x6d,0x2f,0x71,0x75,0x65,0x72,0x79,0x2f,0x6d,0x61,0x74,0x63,0x68,0x66
	.byte 0x66,0x69,0x65,0x6c,0x64,0x73,0xa3,0x64,0x68,0x61,0x73,0x68,0xa1,0x68,0x74,0x79
	.byte 0x70,0x65,0x5f,0x72,0x65,0x66,0x6b,0x73,0x79,0x73,0x74,0x65,0x6d,0x2f,0x68,0x61
	.byte 0x73,0x68,0x64,0x70,0x61,0x74,0x68,0xa2,0x68,0x6f,0x70,0x74,0x69,0x6f,0x6e,0x61
	.byte 0x6c,0xf5,0x68,0x74,0x79,0x70,0x65,0x5f,0x72,0x65,0x66,0x70,0x73,0x79,0x73,0x74
	.byte 0x65,0x6d,0x2f,0x74,0x72,0x65,0x65,0x2f,0x70,0x61,0x74,0x68,0x64,0x74,0x79,0x70
	.byte 0x65,0xa1,0x68,0x74,0x79,0x70,0x65,0x5f,0x72,0x65,0x66,0x70,0x73,0x79,0x73,0x74
	.byte 0x65,0x6d,0x2f,0x74,0x79,0x70,0x65,0x2f,0x6e,0x61,0x6d,0x65,0x64,0x74,0x79,0x70
	.byte 0x65,0x6b,0x73,0x79,0x73,0x74,0x65,0x6d,0x2f,0x74,0x79,0x70,0x65,0x6c,0x63,0x6f
	.byte 0x6e,0x74,0x65,0x6e,0x74,0x5f,0x68,0x61,0x73,0x68,0x58,0x21,0x00,0x75,0x49,0xe3
	.byte 0x20,0x4d,0x73,0x7d,0xb1,0x10,0xc7,0xb8,0x63,0x14,0x54,0xac,0x30,0xac,0x57,0xe5
	.byte 0xb5,0x2f,0x5a,0x08,0x58,0xc4,0xd4,0xa1,0xce,0xde,0x0c,0x1e,0xb8
.Ltb123:
	.byte 0xa3,0x64,0x64,0x61,0x74,0x61,0xa2,0x64,0x6e,0x61,0x6d,0x65,0x73,0x73,0x79,0x73
	.byte 0x74,0x65,0x6d,0x2f,0x71,0x75,0x65,0x72,0x79,0x2f,0x72,0x65,0x73,0x75,0x6c,0x74
	.byte 0x66,0x66,0x69,0x65,0x6c,0x64,0x73,0xa4,0x65,0x74,0x6f,0x74,0x61,0x6c,0xa1,0x68
	.byte 0x74,0x79,0x70,0x65,0x5f,0x72,0x65,0x66,0x6e,0x70,0x72,0x69,0x6d,0x69,0x74,0x69
	.byte 0x76,0x65,0x2f,0x75,0x69,0x6e,0x74,0x66,0x63,0x75,0x72,0x73,0x6f,0x72,0xa2,0x68
	.byte 0x6f,0x70,0x74,0x69,0x6f,0x6e,0x61,0x6c,0xf5,0x68,0x74,0x79,0x70,0x65,0x5f,0x72
	.byte 0x65,0x66,0x70,0x70,0x72,0x69,0x6d,0x69,0x74,0x69,0x76,0x65,0x2f,0x73,0x74,0x72
	.byte 0x69,0x6e,0x67,0x67,0x6d,0x61,0x74,0x63,0x68,0x65,0x73,0xa1,0x68,0x61,0x72,0x72
	.byte 0x61,0x79,0x5f,0x6f,0x66,0xa1,0x68,0x74,0x79,0x70,0x65,0x5f,0x72,0x65,0x66,0x72
	.byte 0x73,0x79,0x73,0x74,0x65,0x6d,0x2f,0x71,0x75,0x65,0x72,0x79,0x2f,0x6d,0x61,0x74
	.byte 0x63,0x68,0x68,0x68,0x61,0x73,0x5f,0x6d,0x6f,0x72,0x65,0xa1,0x68,0x74,0x79,0x70
	.byte 0x65,0x5f,0x72,0x65,0x66,0x6e,0x70,0x72,0x69,0x6d,0x69,0x74,0x69,0x76,0x65,0x2f
	.byte 0x62,0x6f,0x6f,0x6c,0x64,0x74,0x79,0x70,0x65,0x6b,0x73,0x79,0x73,0x74,0x65,0x6d
	.byte 0x2f,0x74,0x79,0x70,0x65,0x6c,0x63,0x6f,0x6e,0x74,0x65,0x6e,0x74,0x5f,0x68,0x61
	.byte 0x73,0x68,0x58,0x21,0x00,0x57,0xeb,0xa6,0xd4,0x8d,0x2d,0x27,0xa1,0x5e,0x07,0xd1
	.byte 0xe6,0x61,0x2f,0xf0,0x91,0xc0,0xce,0xba,0x9f,0x85,0x43,0x21,0x7a,0x0e,0x0b,0x5d
	.byte 0x41,0x19,0x16,0x17,0x43
.Ltb124:
	.byte 0xa3,0x64,0x64,0x61,0x74,0x61,0xa2,0x64,0x6e,0x61,0x6d,0x65,0x77,0x73,0x79,0x73
	.byte 0x74,0x65,0x6d,0x2f,0x72,0x65,0x67,0x69,0x73,0x74,0x72,0x79,0x2f,0x62,0x69,0x6e
	.byte 0x64,0x69,0x6e,0x67,0x66,0x66,0x69,0x65,0x6c,0x64,0x73,0xa9,0x63,0x74,0x74,0x6c
	.byte 0xa2,0x68,0x6f,0x70,0x74,0x69,0x6f,0x6e,0x61,0x6c,0xf5,0x68,0x74,0x79,0x70,0x65
	.byte 0x5f,0x72,0x65,0x66,0x6e,0x70,0x72,0x69,0x6d,0x69,0x74,0x69,0x76,0x65,0x2f,0x75
	.byte 0x69,0x6e,0x74,0x64,0x6b,0x69,0x6e,0x64,0xa1,0x68,0x74,0x79,0x70,0x65,0x5f,0x72
	.byte 0x65,0x66,0x70,0x70,0x72,0x69,0x6d,0x69,0x74,0x69,0x76,0x65,0x2f,0x73,0x74,0x72
	.byte 0x69,0x6e,0x67,0x64,0x6e,0x61,0x6d,0x65,0xa1,0x68,0x74,0x79,0x70,0x65,0x5f,0x72
	.byte 0x65,0x66,0x70,0x70,0x72,0x69,0x6d,0x69,0x74,0x69,0x76,0x65,0x2f,0x73,0x74,0x72
	.byte 0x69,0x6e,0x67,0x68,0x6d,0x65,0x74,0x61,0x64,0x61,0x74,0x61,0xa2,0x66,0x6d,0x61
	.byte 0x70,0x5f,0x6f,0x66,0xa1,0x68,0x74,0x79,0x70,0x65,0x5f,0x72,0x65,0x66,0x6d,0x70
	.byte 0x72,0x69,0x6d,0x69,0x74,0x69,0x76,0x65,0x2f,0x61,0x6e,0x79,0x68,0x6f,0x70,0x74
	.byte 0x69,0x6f,0x6e,0x61,0x6c,0xf5,0x69,0x69,0x73,0x73,0x75,0x65,0x64,0x5f,0x61,0x74
	.byte 0xa1,0x68,0x74,0x79,0x70,0x65,0x5f,0x72,0x65,0x66,0x6e,0x70,0x72,0x69,0x6d,0x69
	.byte 0x74,0x69,0x76,0x65,0x2f,0x75,0x69,0x6e,0x74,0x6a,0x73,0x75,0x70,0x65,0x72,0x73
	.byte 0x65,0x64,0x65,0x73,0xa2,0x68,0x6f,0x70,0x74,0x69,0x6f,0x6e,0x61,0x6c,0xf5,0x68
	.byte 0x74,0x79,0x70,0x65,0x5f,0x72,0x65,0x66,0x6b,0x73,0x79,0x73,0x74,0x65,0x6d,0x2f
	.byte 0x68,0x61,0x73,0x68,0x6a,0x74,0x72,0x61,0x6e,0x73,0x70,0x6f,0x72,0x74,0x73,0xa2
	.byte 0x68,0x61,0x72,0x72,0x61,0x79,0x5f,0x6f,0x66,0xa1,0x68,0x74,0x79,0x70,0x65,0x5f
	.byte 0x72,0x65,0x66,0x6b,0x73,0x79,0x73,0x74,0x65,0x6d,0x2f,0x68,0x61,0x73,0x68,0x68
	.byte 0x6f,0x70,0x74,0x69,0x6f,0x6e,0x61,0x6c,0xf5,0x6e,0x74,0x61,0x72,0x67,0x65,0x74
	.byte 0x5f,0x70,0x65,0x65,0x72,0x5f,0x69,0x64,0xa1,0x68,0x74,0x79,0x70,0x65,0x5f,0x72
	.byte 0x65,0x66,0x6e,0x73,0x79,0x73,0x74,0x65,0x6d,0x2f,0x70,0x65,0x65,0x72,0x2d,0x69
	.byte 0x64,0x72,0x69,0x73,0x73,0x75,0x65,0x72,0x5f,0x61,0x74,0x74,0x65,0x73,0x74,0x61
	.byte 0x74,0x69,0x6f,0x6e,0xa2,0x68,0x6f,0x70,0x74,0x69,0x6f,0x6e,0x61,0x6c,0xf5,0x68
	.byte 0x74,0x79,0x70,0x65,0x5f,0x72,0x65,0x66,0x6b,0x73,0x79,0x73,0x74,0x65,0x6d,0x2f
	.byte 0x68,0x61,0x73,0x68,0x64,0x74,0x79,0x70,0x65,0x6b,0x73,0x79,0x73,0x74,0x65,0x6d
	.byte 0x2f,0x74,0x79,0x70,0x65,0x6c,0x63,0x6f,0x6e,0x74,0x65,0x6e,0x74,0x5f,0x68,0x61
	.byte 0x73,0x68,0x58,0x21,0x00,0x2f,0x71,0xb6,0xab,0xfe,0x5e,0x8c,0x64,0x40,0x70,0x60
	.byte 0x2a,0x30,0xb3,0x3a,0x71,0xc1,0x3e,0x74,0x12,0x63,0x94,0x4b,0x89,0x6d,0x3e,0xfa
	.byte 0xee,0x22,0x5b,0x86,0x5d
.Ltb125:
	.byte 0xa3,0x64,0x64,0x61,0x74,0x61,0xa2,0x64,0x6e,0x61,0x6d,0x65,0x78,0x1e,0x73,0x79
	.byte 0x73,0x74,0x65,0x6d,0x2f,0x72,0x65,0x67,0x69,0x73,0x74,0x72,0x79,0x2f,0x64,0x69
	.byte 0x73,0x70,0x61,0x74,0x63,0x68,0x2d,0x65,0x6e,0x74,0x72,0x79,0x66,0x66,0x69,0x65
	.byte 0x6c,0x64,0x73,0xa2,0x67,0x70,0x61,0x74,0x74,0x65,0x72,0x6e,0xa1,0x68,0x74,0x79
	.byte 0x70,0x65,0x5f,0x72,0x65,0x66,0x70,0x70,0x72,0x69,0x6d,0x69,0x74,0x69,0x76,0x65
	.byte 0x2f,0x73,0x74,0x72,0x69,0x6e,0x67,0x6d,0x62,0x61,0x63,0x6b,0x65,0x6e,0x64,0x5f
	.byte 0x6b,0x69,0x6e,0x64,0x73,0xa1,0x68,0x61,0x72,0x72,0x61,0x79,0x5f,0x6f,0x66,0xa1
	.byte 0x68,0x74,0x79,0x70,0x65,0x5f,0x72,0x65,0x66,0x70,0x70,0x72,0x69,0x6d,0x69,0x74
	.byte 0x69,0x76,0x65,0x2f,0x73,0x74,0x72,0x69,0x6e,0x67,0x64,0x74,0x79,0x70,0x65,0x6b
	.byte 0x73,0x79,0x73,0x74,0x65,0x6d,0x2f,0x74,0x79,0x70,0x65,0x6c,0x63,0x6f,0x6e,0x74
	.byte 0x65,0x6e,0x74,0x5f,0x68,0x61,0x73,0x68,0x58,0x21,0x00,0x06,0x66,0xa6,0x6e,0xbd
	.byte 0xfb,0x62,0x4a,0x8d,0x40,0xe3,0xe0,0xe4,0xce,0x52,0x10,0xe0,0x44,0x3d,0xa2,0xac
	.byte 0x8d,0x48,0xdd,0x12,0x4f,0x99,0x67,0x7b,0x4e,0x32,0x93
.Ltb126:
	.byte 0xa3,0x64,0x64,0x61,0x74,0x61,0xa2,0x64,0x6e,0x61,0x6d,0x65,0x78,0x28,0x73,0x79
	.byte 0x73,0x74,0x65,0x6d,0x2f,0x72,0x65,0x67,0x69,0x73,0x74,0x72,0x79,0x2f,0x69,0x6e
	.byte 0x76,0x61,0x6c,0x69,0x64,0x61,0x74,0x65,0x2d,0x63,0x61,0x63,0x68,0x65,0x2d,0x72
	.byte 0x65,0x71,0x75,0x65,0x73,0x74,0x66,0x66,0x69,0x65,0x6c,0x64,0x73,0xa1,0x64,0x6e
	.byte 0x61,0x6d,0x65,0xa2,0x68,0x6f,0x70,0x74,0x69,0x6f,0x6e,0x61,0x6c,0xf5,0x68,0x74
	.byte 0x79,0x70,0x65,0x5f,0x72,0x65,0x66,0x70,0x70,0x72,0x69,0x6d,0x69,0x74,0x69,0x76
	.byte 0x65,0x2f,0x73,0x74,0x72,0x69,0x6e,0x67,0x64,0x74,0x79,0x70,0x65,0x6b,0x73,0x79
	.byte 0x73,0x74,0x65,0x6d,0x2f,0x74,0x79,0x70,0x65,0x6c,0x63,0x6f,0x6e,0x74,0x65,0x6e
	.byte 0x74,0x5f,0x68,0x61,0x73,0x68,0x58,0x21,0x00,0x5c,0x87,0x35,0x5c,0x42,0xa2,0xef
	.byte 0xc6,0xf7,0xc0,0x83,0x49,0x11,0x4b,0xb0,0x19,0x08,0x31,0x26,0xb2,0x00,0xb4,0x6b
	.byte 0xe7,0xb2,0xd4,0xb6,0x3f,0x68,0xe7,0x84,0xa5
.Ltb127:
	.byte 0xa3,0x64,0x64,0x61,0x74,0x61,0xa2,0x64,0x6e,0x61,0x6d,0x65,0x78,0x1d,0x73,0x79
	.byte 0x73,0x74,0x65,0x6d,0x2f,0x72,0x65,0x67,0x69,0x73,0x74,0x72,0x79,0x2f,0x69,0x73
	.byte 0x73,0x75,0x65,0x72,0x2d,0x70,0x6f,0x6c,0x69,0x63,0x79,0x66,0x66,0x69,0x65,0x6c
	.byte 0x64,0x73,0xa4,0x64,0x6d,0x6f,0x64,0x65,0xa1,0x68,0x74,0x79,0x70,0x65,0x5f,0x72
	.byte 0x65,0x66,0x70,0x70,0x72,0x69,0x6d,0x69,0x74,0x69,0x76,0x65,0x2f,0x73,0x74,0x72
	.byte 0x69,0x6e,0x67,0x69,0x61,0x6c,0x6c,0x6f,0x77,0x6c,0x69,0x73,0x74,0xa2,0x68,0x61
	.byte 0x72,0x72,0x61,0x79,0x5f,0x6f,0x66,0xa1,0x68,0x74,0x79,0x70,0x65,0x5f,0x72,0x65
	.byte 0x66,0x6e,0x73,0x79,0x73,0x74,0x65,0x6d,0x2f,0x70,0x65,0x65,0x72,0x2d,0x69,0x64
	.byte 0x68,0x6f,0x70,0x74,0x69,0x6f,0x6e,0x61,0x6c,0xf5,0x6b,0x64,0x65,0x66,0x61,0x75
	.byte 0x6c,0x74,0x5f,0x74,0x74,0x6c,0xa2,0x68,0x6f,0x70,0x74,0x69,0x6f,0x6e,0x61,0x6c
	.byte 0xf5,0x68,0x74,0x79,0x70,0x65,0x5f,0x72,0x65,0x66,0x6e,0x70,0x72,0x69,0x6d,0x69
	.byte 0x74,0x69,0x76,0x65,0x2f,0x75,0x69,0x6e,0x74,0x70,0x6e,0x61,0x6d,0x65,0x5f,0x63
	.byte 0x6f,0x6e,0x73,0x74,0x72,0x61,0x69,0x6e,0x74,0x73,0xa2,0x68,0x6f,0x70,0x74,0x69
	.byte 0x6f,0x6e,0x61,0x6c,0xf5,0x68,0x74,0x79,0x70,0x65,0x5f,0x72,0x65,0x66,0x70,0x70
	.byte 0x72,0x69,0x6d,0x69,0x74,0x69,0x76,0x65,0x2f,0x73,0x74,0x72,0x69,0x6e,0x67,0x64
	.byte 0x74,0x79,0x70,0x65,0x6b,0x73,0x79,0x73,0x74,0x65,0x6d,0x2f,0x74,0x79,0x70,0x65
	.byte 0x6c,0x63,0x6f,0x6e,0x74,0x65,0x6e,0x74,0x5f,0x68,0x61,0x73,0x68,0x58,0x21,0x00
	.byte 0x43,0xb6,0x4e,0x35,0x1e,0x4b,0xdb,0x0c,0x58,0x76,0xde,0xfe,0x5d,0x8d,0xd4,0xbc
	.byte 0xdf,0x76,0x78,0xd5,0x59,0x6a,0x64,0x85,0xba,0x17,0x73,0x2e,0x7e,0xac,0xb3,0x5d
.Ltb128:
	.byte 0xa3,0x64,0x64,0x61,0x74,0x61,0xa2,0x64,0x6e,0x61,0x6d,0x65,0x78,0x21,0x73,0x79
	.byte 0x73,0x74,0x65,0x6d,0x2f,0x72,0x65,0x67,0x69,0x73,0x74,0x72,0x79,0x2f,0x6c,0x6f
	.byte 0x63,0x61,0x6c,0x2d,0x6e,0x61,0x6d,0x65,0x2d,0x63,0x6f,0x6e,0x66,0x69,0x67,0x66
	.byte 0x66,0x69,0x65,0x6c,0x64,0x73,0xa3,0x6e,0x64,0x65,0x66,0x61,0x75,0x6c,0x74,0x5f
	.byte 0x70,0x69,0x6e,0x6e,0x65,0x64,0xa1,0x68,0x74,0x79,0x70,0x65,0x5f,0x72,0x65,0x66
	.byte 0x6e,0x70,0x72,0x69,0x6d,0x69,0x74,0x69,0x76,0x65,0x2f,0x62,0x6f,0x6f,0x6c,0x6f
	.byte 0x61,0x6c,0x6c,0x6f,0x77,0x5f,0x73,0x75,0x70,0x65,0x72,0x73,0x65,0x64,0x65,0xa1
	.byte 0x68,0x74,0x79,0x70,0x65,0x5f,0x72,0x65,0x66,0x6e,0x70,0x72,0x69,0x6d,0x69,0x74
	.byte 0x69,0x76,0x65,0x2f,0x62,0x6f,0x6f,0x6c,0x72,0x63,0x61,0x73,0x65,0x5f,0x6e,0x6f
	.byte 0x72,0x6d,0x61,0x6c,0x69,0x7a,0x61,0x74,0x69,0x6f,0x6e,0xa1,0x68,0x74,0x79,0x70
	.byte 0x65,0x5f,0x72,0x65,0x66,0x70,0x70,0x72,0x69,0x6d,0x69,0x74,0x69,0x76,0x65,0x2f
	.byte 0x73,0x74,0x72,0x69,0x6e,0x67,0x64,0x74,0x79,0x70,0x65,0x6b,0x73,0x79,0x73,0x74
	.byte 0x65,0x6d,0x2f,0x74,0x79,0x70,0x65,0x6c,0x63,0x6f,0x6e,0x74,0x65,0x6e,0x74,0x5f
	.byte 0x68,0x61,0x73,0x68,0x58,0x21,0x00,0x73,0x54,0x7c,0x34,0x8a,0x8c,0x23,0x6e,0x8c
	.byte 0x48,0x52,0x56,0xf5,0xf4,0xc9,0xf5,0x1f,0x96,0xce,0xe9,0xfd,0xa4,0xb7,0xfe,0xed
	.byte 0xb8,0xa7,0x8b,0xf7,0x65,0x8c,0x15
.Ltb129:
	.byte 0xa3,0x64,0x64,0x61,0x74,0x61,0xa2,0x64,0x6e,0x61,0x6d,0x65,0x78,0x27,0x73,0x79
	.byte 0x73,0x74,0x65,0x6d,0x2f,0x72,0x65,0x67,0x69,0x73,0x74,0x72,0x79,0x2f,0x6c,0x6f
	.byte 0x63,0x61,0x6c,0x2d,0x6e,0x61,0x6d,0x65,0x2f,0x62,0x69,0x6e,0x64,0x2d,0x72,0x65
	.byte 0x71,0x75,0x65,0x73,0x74,0x66,0x66,0x69,0x65,0x6c,0x64,0x73,0xa4,0x64,0x6e,0x61
	.byte 0x6d,0x65,0xa1,0x68,0x74,0x79,0x70,0x65,0x5f,0x72,0x65,0x66,0x70,0x70,0x72,0x69
	.byte 0x6d,0x69,0x74,0x69,0x76,0x65,0x2f,0x73,0x74,0x72,0x69,0x6e,0x67,0x65,0x6e,0x6f
	.byte 0x74,0x65,0x73,0xa2,0x68,0x6f,0x70,0x74,0x69,0x6f,0x6e,0x61,0x6c,0xf5,0x68,0x74
	.byte 0x79,0x70,0x65,0x5f,0x72,0x65,0x66,0x70,0x70,0x72,0x69,0x6d,0x69,0x74,0x69,0x76
	.byte 0x65,0x2f,0x73,0x74,0x72,0x69,0x6e,0x67,0x6a,0x74,0x72,0x61,0x6e,0x73,0x70,0x6f
	.byte 0x72,0x74,0x73,0xa2,0x68,0x61,0x72,0x72,0x61,0x79,0x5f,0x6f,0x66,0xa1,0x68,0x74
	.byte 0x79,0x70,0x65,0x5f,0x72,0x65,0x66,0x6b,0x73,0x79,0x73,0x74,0x65,0x6d,0x2f,0x68
	.byte 0x61,0x73,0x68,0x68,0x6f,0x70,0x74,0x69,0x6f,0x6e,0x61,0x6c,0xf5,0x6e,0x74,0x61
	.byte 0x72,0x67,0x65,0x74,0x5f,0x70,0x65,0x65,0x72,0x5f,0x69,0x64,0xa1,0x68,0x74,0x79
	.byte 0x70,0x65,0x5f,0x72,0x65,0x66,0x6e,0x73,0x79,0x73,0x74,0x65,0x6d,0x2f,0x70,0x65
	.byte 0x65,0x72,0x2d,0x69,0x64,0x64,0x74,0x79,0x70,0x65,0x6b,0x73,0x79,0x73,0x74,0x65
	.byte 0x6d,0x2f,0x74,0x79,0x70,0x65,0x6c,0x63,0x6f,0x6e,0x74,0x65,0x6e,0x74,0x5f,0x68
	.byte 0x61,0x73,0x68,0x58,0x21,0x00,0x6f,0x88,0xbe,0x67,0x32,0xec,0x16,0xb0,0x31,0x0e
	.byte 0xf9,0xcd,0xda,0xa4,0x64,0xd7,0xc2,0xdf,0x3a,0xa5,0x55,0x7f,0xb6,0x33,0x17,0xe0
	.byte 0x3e,0x63,0x40,0x91,0x65,0x78
.Ltb130:
	.byte 0xa3,0x64,0x64,0x61,0x74,0x61,0xa2,0x64,0x6e,0x61,0x6d,0x65,0x78,0x26,0x73,0x79
	.byte 0x73,0x74,0x65,0x6d,0x2f,0x72,0x65,0x67,0x69,0x73,0x74,0x72,0x79,0x2f,0x6c,0x6f
	.byte 0x63,0x61,0x6c,0x2d,0x6e,0x61,0x6d,0x65,0x2f,0x62,0x69,0x6e,0x64,0x2d,0x72,0x65
	.byte 0x73,0x75,0x6c,0x74,0x66,0x66,0x69,0x65,0x6c,0x64,0x73,0xa1,0x6c,0x62,0x69,0x6e
	.byte 0x64,0x69,0x6e,0x67,0x5f,0x68,0x61,0x73,0x68,0xa1,0x68,0x74,0x79,0x70,0x65,0x5f
	.byte 0x72,0x65,0x66,0x6b,0x73,0x79,0x73,0x74,0x65,0x6d,0x2f,0x68,0x61,0x73,0x68,0x64
	.byte 0x74,0x79,0x70,0x65,0x6b,0x73,0x79,0x73,0x74,0x65,0x6d,0x2f,0x74,0x79,0x70,0x65
	.byte 0x6c,0x63,0x6f,0x6e,0x74,0x65,0x6e,0x74,0x5f,0x68,0x61,0x73,0x68,0x58,0x21,0x00
	.byte 0xa3,0x54,0xa2,0xe0,0xee,0xdb,0x0f,0x1a,0x2d,0x08,0x95,0xc8,0xba,0x25,0x5c,0x56
	.byte 0xac,0x14,0xf3,0xac,0x65,0xe3,0xdc,0x1a,0xed,0xf3,0xe9,0x12,0x9b,0xab,0xc2,0xa2
.Ltb131:
	.byte 0xa3,0x64,0x64,0x61,0x74,0x61,0xa2,0x64,0x6e,0x61,0x6d,0x65,0x78,0x25,0x73,0x79
	.byte 0x73,0x74,0x65,0x6d,0x2f,0x72,0x65,0x67,0x69,0x73,0x74,0x72,0x79,0x2f,0x6c,0x6f
	.byte 0x63,0x61,0x6c,0x2d,0x6e,0x61,0x6d,0x65,0x2f,0x6c,0x69,0x73,0x74,0x2d,0x65,0x6e
	.byte 0x74,0x72,0x79,0x66,0x66,0x69,0x65,0x6c,0x64,0x73,0xa5,0x64,0x68,0x61,0x73,0x68
	.byte 0xa1,0x68,0x74,0x79,0x70,0x65,0x5f,0x72,0x65,0x66,0x6b,0x73,0x79,0x73,0x74,0x65
	.byte 0x6d,0x2f,0x68,0x61,0x73,0x68,0x64,0x6e,0x61,0x6d,0x65,0xa1,0x68,0x74,0x79,0x70
	.byte 0x65,0x5f,0x72,0x65,0x66,0x70,0x70,0x72,0x69,0x6d,0x69,0x74,0x69,0x76,0x65,0x2f
	.byte 0x73,0x74,0x72,0x69,0x6e,0x67,0x65,0x6e,0x6f,0x74,0x65,0x73,0xa2,0x68,0x6f,0x70
	.byte 0x74,0x69,0x6f,0x6e,0x61,0x6c,0xf5,0x68,0x74,0x79,0x70,0x65,0x5f,0x72,0x65,0x66
	.byte 0x70,0x70,0x72,0x69,0x6d,0x69,0x74,0x69,0x76,0x65,0x2f,0x73,0x74,0x72,0x69,0x6e
	.byte 0x67,0x66,0x70,0x69,0x6e,0x6e,0x65,0x64,0xa1,0x68,0x74,0x79,0x70,0x65,0x5f,0x72
	.byte 0x65,0x66,0x6e,0x70,0x72,0x69,0x6d,0x69,0x74,0x69,0x76,0x65,0x2f,0x62,0x6f,0x6f
	.byte 0x6c,0x6e,0x74,0x61,0x72,0x67,0x65,0x74,0x5f,0x70,0x65,0x65,0x72,0x5f,0x69,0x64
	.byte 0xa1,0x68,0x74,0x79,0x70,0x65,0x5f,0x72,0x65,0x66,0x6e,0x73,0x79,0x73,0x74,0x65
	.byte 0x6d,0x2f,0x70,0x65,0x65,0x72,0x2d,0x69,0x64,0x64,0x74,0x79,0x70,0x65,0x6b,0x73
	.byte 0x79,0x73,0x74,0x65,0x6d,0x2f,0x74,0x79,0x70,0x65,0x6c,0x63,0x6f,0x6e,0x74,0x65
	.byte 0x6e,0x74,0x5f,0x68,0x61,0x73,0x68,0x58,0x21,0x00,0x35,0x1d,0x1d,0x38,0x0d,0xa4
	.byte 0x8f,0x41,0x22,0xc2,0x0d,0xc4,0x46,0x3e,0x33,0x75,0xcc,0xda,0x3c,0x9b,0x57,0x4d
	.byte 0x1f,0x4c,0xab,0x3f,0x4e,0x85,0x7e,0x40,0x62,0xce
.Ltb132:
	.byte 0xa3,0x64,0x64,0x61,0x74,0x61,0xa2,0x64,0x6e,0x61,0x6d,0x65,0x78,0x27,0x73,0x79
	.byte 0x73,0x74,0x65,0x6d,0x2f,0x72,0x65,0x67,0x69,0x73,0x74,0x72,0x79,0x2f,0x6c,0x6f
	.byte 0x63,0x61,0x6c,0x2d,0x6e,0x61,0x6d,0x65,0x2f,0x6c,0x69,0x73,0x74,0x2d,0x72,0x65
	.byte 0x71,0x75,0x65,0x73,0x74,0x66,0x66,0x69,0x65,0x6c,0x64,0x73,0xa1,0x66,0x66,0x69
	.byte 0x6c,0x74,0x65,0x72,0xa2,0x66,0x6d,0x61,0x70,0x5f,0x6f,0x66,0xa1,0x68,0x74,0x79
	.byte 0x70,0x65,0x5f,0x72,0x65,0x66,0x6d,0x70,0x72,0x69,0x6d,0x69,0x74,0x69,0x76,0x65
	.byte 0x2f,0x61,0x6e,0x79,0x68,0x6f,0x70,0x74,0x69,0x6f,0x6e,0x61,0x6c,0xf5,0x64,0x74
	.byte 0x79,0x70,0x65,0x6b,0x73,0x79,0x73,0x74,0x65,0x6d,0x2f,0x74,0x79,0x70,0x65,0x6c
	.byte 0x63,0x6f,0x6e,0x74,0x65,0x6e,0x74,0x5f,0x68,0x61,0x73,0x68,0x58,0x21,0x00,0x37
	.byte 0xf6,0xcf,0x2a,0x6d,0xdb,0x05,0x53,0xc3,0x07,0xc8,0xa2,0x7f,0x16,0x96,0x0c,0xae
	.byte 0xbf,0xc3,0x78,0xea,0x9d,0x77,0x5a,0xeb,0x62,0x54,0xcc,0x00,0x34,0xf5,0x12
.Ltb133:
	.byte 0xa3,0x64,0x64,0x61,0x74,0x61,0xa2,0x64,0x6e,0x61,0x6d,0x65,0x78,0x26,0x73,0x79
	.byte 0x73,0x74,0x65,0x6d,0x2f,0x72,0x65,0x67,0x69,0x73,0x74,0x72,0x79,0x2f,0x6c,0x6f
	.byte 0x63,0x61,0x6c,0x2d,0x6e,0x61,0x6d,0x65,0x2f,0x6c,0x69,0x73,0x74,0x2d,0x72,0x65
	.byte 0x73,0x75,0x6c,0x74,0x66,0x66,0x69,0x65,0x6c,0x64,0x73,0xa1,0x67,0x65,0x6e,0x74
	.byte 0x72,0x69,0x65,0x73,0xa1,0x68,0x61,0x72,0x72,0x61,0x79,0x5f,0x6f,0x66,0xa1,0x68
	.byte 0x74,0x79,0x70,0x65,0x5f,0x72,0x65,0x66,0x78,0x25,0x73,0x79,0x73,0x74,0x65,0x6d
	.byte 0x2f,0x72,0x65,0x67,0x69,0x73,0x74,0x72,0x79,0x2f,0x6c,0x6f,0x63,0x61,0x6c,0x2d
	.byte 0x6e,0x61,0x6d,0x65,0x2f,0x6c,0x69,0x73,0x74,0x2d,0x65,0x6e,0x74,0x72,0x79,0x64
	.byte 0x74,0x79,0x70,0x65,0x6b,0x73,0x79,0x73,0x74,0x65,0x6d,0x2f,0x74,0x79,0x70,0x65
	.byte 0x6c,0x63,0x6f,0x6e,0x74,0x65,0x6e,0x74,0x5f,0x68,0x61,0x73,0x68,0x58,0x21,0x00
	.byte 0x13,0xe2,0xa7,0x93,0x97,0x7c,0x01,0x08,0xf3,0x4d,0xa6,0x13,0x82,0x77,0xec,0xf5
	.byte 0x4b,0x19,0xfa,0x75,0x5d,0xd9,0xd4,0x81,0x1f,0x7a,0xd6,0x72,0x09,0x31,0x91,0x72
.Ltb134:
	.byte 0xa3,0x64,0x64,0x61,0x74,0x61,0xa2,0x64,0x6e,0x61,0x6d,0x65,0x78,0x29,0x73,0x79
	.byte 0x73,0x74,0x65,0x6d,0x2f,0x72,0x65,0x67,0x69,0x73,0x74,0x72,0x79,0x2f,0x6c,0x6f
	.byte 0x63,0x61,0x6c,0x2d,0x6e,0x61,0x6d,0x65,0x2f,0x75,0x6e,0x62,0x69,0x6e,0x64,0x2d
	.byte 0x72,0x65,0x71,0x75,0x65,0x73,0x74,0x66,0x66,0x69,0x65,0x6c,0x64,0x73,0xa1,0x64
	.byte 0x6e,0x61,0x6d,0x65,0xa1,0x68,0x74,0x79,0x70,0x65,0x5f,0x72,0x65,0x66,0x70,0x70
	.byte 0x72,0x69,0x6d,0x69,0x74,0x69,0x76,0x65,0x2f,0x73,0x74,0x72,0x69,0x6e,0x67,0x64
	.byte 0x74,0x79,0x70,0x65,0x6b,0x73,0x79,0x73,0x74,0x65,0x6d,0x2f,0x74,0x79,0x70,0x65
	.byte 0x6c,0x63,0x6f,0x6e,0x74,0x65,0x6e,0x74,0x5f,0x68,0x61,0x73,0x68,0x58,0x21,0x00
	.byte 0xb1,0x61,0xd2,0xc5,0xc4,0xe3,0x68,0xa0,0x86,0x58,0x90,0x8f,0x25,0x52,0x72,0xea
	.byte 0x3e,0x34,0xf5,0x99,0x88,0x69,0x7a,0x58,0x5e,0x69,0xf7,0xf1,0x12,0x8a,0x7d,0xb5
.Ltb135:
	.byte 0xa3,0x64,0x64,0x61,0x74,0x61,0xa2,0x64,0x6e,0x61,0x6d,0x65,0x78,0x34,0x73,0x79
	.byte 0x73,0x74,0x65,0x6d,0x2f,0x72,0x65,0x67,0x69,0x73,0x74,0x72,0x79,0x2f,0x6c,0x6f
	.byte 0x63,0x61,0x6c,0x2d,0x6e,0x61,0x6d,0x65,0x2f,0x75,0x70,0x64,0x61,0x74,0x65,0x2d
	.byte 0x74,0x72,0x61,0x6e,0x73,0x70,0x6f,0x72,0x74,0x73,0x2d,0x72,0x65,0x71,0x75,0x65
	.byte 0x73,0x74,0x66,0x66,0x69,0x65,0x6c,0x64,0x73,0xa2,0x64,0x6e,0x61,0x6d,0x65,0xa1
	.byte 0x68,0x74,0x79,0x70,0x65,0x5f,0x72,0x65,0x66,0x70,0x70,0x72,0x69,0x6d,0x69,0x74
	.byte 0x69,0x76,0x65,0x2f,0x73,0x74,0x72,0x69,0x6e,0x67,0x6a,0x74,0x72,0x61,0x6e,0x73
	.byte 0x70,0x6f,0x72,0x74,0x73,0xa1,0x68,0x61,0x72,0x72,0x61,0x79,0x5f,0x6f,0x66,0xa1
	.byte 0x68,0x74,0x79,0x70,0x65,0x5f,0x72,0x65,0x66,0x6b,0x73,0x79,0x73,0x74,0x65,0x6d
	.byte 0x2f,0x68,0x61,0x73,0x68,0x64,0x74,0x79,0x70,0x65,0x6b,0x73,0x79,0x73,0x74,0x65
	.byte 0x6d,0x2f,0x74,0x79,0x70,0x65,0x6c,0x63,0x6f,0x6e,0x74,0x65,0x6e,0x74,0x5f,0x68
	.byte 0x61,0x73,0x68,0x58,0x21,0x00,0x12,0xed,0xe3,0x8f,0xf3,0xce,0xdd,0x8f,0x61,0xd7
	.byte 0x87,0x25,0xb5,0x7f,0x71,0x5d,0x92,0xc2,0x2b,0xae,0xa5,0x6b,0x8c,0x3c,0x2d,0x48
	.byte 0x9d,0xdd,0x53,0x84,0xb1,0x1b
.Ltb136:
	.byte 0xa3,0x64,0x64,0x61,0x74,0x61,0xa2,0x64,0x6e,0x61,0x6d,0x65,0x78,0x1c,0x73,0x79
	.byte 0x73,0x74,0x65,0x6d,0x2f,0x72,0x65,0x67,0x69,0x73,0x74,0x72,0x79,0x2f,0x70,0x69
	.byte 0x6e,0x6e,0x65,0x64,0x2d,0x65,0x6e,0x74,0x72,0x79,0x66,0x66,0x69,0x65,0x6c,0x64
	.byte 0x73,0xa3,0x64,0x6e,0x61,0x6d,0x65,0xa1,0x68,0x74,0x79,0x70,0x65,0x5f,0x72,0x65
	.byte 0x66,0x70,0x70,0x72,0x69,0x6d,0x69,0x74,0x69,0x76,0x65,0x2f,0x73,0x74,0x72,0x69
	.byte 0x6e,0x67,0x66,0x72,0x65,0x61,0x73,0x6f,0x6e,0xa2,0x68,0x6f,0x70,0x74,0x69,0x6f
	.byte 0x6e,0x61,0x6c,0xf5,0x68,0x74,0x79,0x70,0x65,0x5f,0x72,0x65,0x66,0x70,0x70,0x72
	.byte 0x69,0x6d,0x69,0x74,0x69,0x76,0x65,0x2f,0x73,0x74,0x72,0x69,0x6e,0x67,0x6e,0x74
	.byte 0x61,0x72,0x67,0x65,0x74,0x5f,0x70,0x65,0x65,0x72,0x5f,0x69,0x64,0xa1,0x68,0x74
	.byte 0x79,0x70,0x65,0x5f,0x72,0x65,0x66,0x6e,0x73,0x79,0x73,0x74,0x65,0x6d,0x2f,0x70
	.byte 0x65,0x65,0x72,0x2d,0x69,0x64,0x64,0x74,0x79,0x70,0x65,0x6b,0x73,0x79,0x73,0x74
	.byte 0x65,0x6d,0x2f,0x74,0x79,0x70,0x65,0x6c,0x63,0x6f,0x6e,0x74,0x65,0x6e,0x74,0x5f
	.byte 0x68,0x61,0x73,0x68,0x58,0x21,0x00,0x7f,0x9b,0x33,0xd6,0x2f,0x6d,0xc3,0x2a,0x53
	.byte 0x6a,0xaf,0xae,0x9c,0x5a,0x93,0x8d,0x0c,0x13,0xcb,0xa2,0x3f,0xa4,0x0b,0x6b,0xfa
	.byte 0x8c,0x10,0x11,0xb3,0x0b,0x0d,0xd0
.Ltb137:
	.byte 0xa3,0x64,0x64,0x61,0x74,0x61,0xa2,0x64,0x6e,0x61,0x6d,0x65,0x78,0x20,0x73,0x79
	.byte 0x73,0x74,0x65,0x6d,0x2f,0x72,0x65,0x67,0x69,0x73,0x74,0x72,0x79,0x2f,0x72,0x65
	.byte 0x67,0x69,0x73,0x74,0x65,0x72,0x2d,0x72,0x65,0x71,0x75,0x65,0x73,0x74,0x66,0x66
	.byte 0x69,0x65,0x6c,0x64,0x73,0xa6,0x64,0x6e,0x61,0x6d,0x65,0xa1,0x68,0x74,0x79,0x70
	.byte 0x65,0x5f,0x72,0x65,0x66,0x70,0x70,0x72,0x69,0x6d,0x69,0x74,0x69,0x76,0x65,0x2f
	.byte 0x73,0x74,0x72,0x69,0x6e,0x67,0x65,0x6e,0x6f,0x6e,0x63,0x65,0xa1,0x68,0x74,0x79
	.byte 0x70,0x65,0x5f,0x72,0x65,0x66,0x6f,0x70,0x72,0x69,0x6d,0x69,0x74,0x69,0x76,0x65
	.byte 0x2f,0x62,0x79,0x74,0x65,0x73,0x69,0x69,0x73,0x73,0x75,0x65,0x64,0x5f,0x61,0x74
	.byte 0xa1,0x68,0x74,0x79,0x70,0x65,0x5f,0x72,0x65,0x66,0x6e,0x70,0x72,0x69,0x6d,0x69
	.byte 0x74,0x69,0x76,0x65,0x2f,0x75,0x69,0x6e,0x74,0x6a,0x74,0x72,0x61,0x6e,0x73,0x70
	.byte 0x6f,0x72,0x74,0x73,0xa2,0x68,0x61,0x72,0x72,0x61,0x79,0x5f,0x6f,0x66,0xa1,0x68
	.byte 0x74,0x79,0x70,0x65,0x5f,0x72,0x65,0x66,0x6b,0x73,0x79,0x73,0x74,0x65,0x6d,0x2f
	.byte 0x68,0x61,0x73,0x68,0x68,0x6f,0x70,0x74,0x69,0x6f,0x6e,0x61,0x6c,0xf5,0x6d,0x72
	.byte 0x65,0x71,0x75,0x65,0x73,0x74,0x65,0x64,0x5f,0x74,0x74,0x6c,0xa2,0x68,0x6f,0x70
	.byte 0x74,0x69,0x6f,0x6e,0x61,0x6c,0xf5,0x68,0x74,0x79,0x70,0x65,0x5f,0x72,0x65,0x66
	.byte 0x6e,0x70,0x72,0x69,0x6d,0x69,0x74,0x69,0x76,0x65,0x2f,0x75,0x69,0x6e,0x74,0x6e
	.byte 0x74,0x61,0x72,0x67,0x65,0x74,0x5f,0x70,0x65,0x65,0x72,0x5f,0x69,0x64,0xa1,0x68
	.byte 0x74,0x79,0x70,0x65,0x5f,0x72,0x65,0x66,0x6e,0x73,0x79,0x73,0x74,0x65,0x6d,0x2f
	.byte 0x70,0x65,0x65,0x72,0x2d,0x69,0x64,0x64,0x74,0x79,0x70,0x65,0x6b,0x73,0x79,0x73
	.byte 0x74,0x65,0x6d,0x2f,0x74,0x79,0x70,0x65,0x6c,0x63,0x6f,0x6e,0x74,0x65,0x6e,0x74
	.byte 0x5f,0x68,0x61,0x73,0x68,0x58,0x21,0x00,0x70,0x24,0xb2,0x12,0x25,0xb6,0xeb,0xbb
	.byte 0x3f,0xd7,0x8f,0x44,0xc0,0xfa,0xc4,0xe7,0x5a,0xeb,0x3c,0x77,0x32,0xf7,0x16,0x60
	.byte 0xf7,0xb7,0x9a,0x8d,0x8d,0xa2,0xb0,0x85
.Ltb138:
	.byte 0xa3,0x64,0x64,0x61,0x74,0x61,0xa2,0x64,0x6e,0x61,0x6d,0x65,0x78,0x1d,0x73,0x79
	.byte 0x73,0x74,0x65,0x6d,0x2f,0x72,0x65,0x67,0x69,0x73,0x74,0x72,0x79,0x2f,0x72,0x65
	.byte 0x6e,0x65,0x77,0x2d,0x72,0x65,0x71,0x75,0x65,0x73,0x74,0x66,0x66,0x69,0x65,0x6c
	.byte 0x64,0x73,0xa4,0x63,0x74,0x74,0x6c,0xa2,0x68,0x6f,0x70,0x74,0x69,0x6f,0x6e,0x61
	.byte 0x6c,0xf5,0x68,0x74,0x79,0x70,0x65,0x5f,0x72,0x65,0x66,0x6e,0x70,0x72,0x69,0x6d
	.byte 0x69,0x74,0x69,0x76,0x65,0x2f,0x75,0x69,0x6e,0x74,0x65,0x6e,0x6f,0x6e,0x63,0x65
	.byte 0xa2,0x68,0x6f,0x70,0x74,0x69,0x6f,0x6e,0x61,0x6c,0xf5,0x68,0x74,0x79,0x70,0x65
	.byte 0x5f,0x72,0x65,0x66,0x6f,0x70,0x72,0x69,0x6d,0x69,0x74,0x69,0x76,0x65,0x2f,0x62
	.byte 0x79,0x74,0x65,0x73,0x69,0x69,0x73,0x73,0x75,0x65,0x64,0x5f,0x61,0x74,0xa2,0x68
	.byte 0x6f,0x70,0x74,0x69,0x6f,0x6e,0x61,0x6c,0xf5,0x68,0x74,0x79,0x70,0x65,0x5f,0x72
	.byte 0x65,0x66,0x6e,0x70,0x72,0x69,0x6d,0x69,0x74,0x69,0x76,0x65,0x2f,0x75,0x69,0x6e
	.byte 0x74,0x6c,0x62,0x69,0x6e,0x64,0x69,0x6e,0x67,0x5f,0x68,0x61,0x73,0x68,0xa1,0x68
	.byte 0x74,0x79,0x70,0x65,0x5f,0x72,0x65,0x66,0x6b,0x73,0x79,0x73,0x74,0x65,0x6d,0x2f
	.byte 0x68,0x61,0x73,0x68,0x64,0x74,0x79,0x70,0x65,0x6b,0x73,0x79,0x73,0x74,0x65,0x6d
	.byte 0x2f,0x74,0x79,0x70,0x65,0x6c,0x63,0x6f,0x6e,0x74,0x65,0x6e,0x74,0x5f,0x68,0x61
	.byte 0x73,0x68,0x58,0x21,0x00,0x64,0x37,0x61,0x80,0xc0,0x23,0x3d,0x99,0xfc,0xf8,0x2a
	.byte 0x30,0xbd,0xee,0xf0,0xdc,0xbe,0xd5,0xde,0x4c,0x4d,0xdb,0xc0,0xb2,0xc1,0x75,0x4c
	.byte 0x15,0x50,0x83,0xcb,0x5a
.Ltb139:
	.byte 0xa3,0x64,0x64,0x61,0x74,0x61,0xa2,0x64,0x6e,0x61,0x6d,0x65,0x78,0x1e,0x73,0x79
	.byte 0x73,0x74,0x65,0x6d,0x2f,0x72,0x65,0x67,0x69,0x73,0x74,0x72,0x79,0x2f,0x72,0x65
	.byte 0x73,0x6f,0x6c,0x75,0x74,0x69,0x6f,0x6e,0x2d,0x6c,0x6f,0x67,0x66,0x66,0x69,0x65
	.byte 0x6c,0x64,0x73,0xa8,0x63,0x73,0x65,0x71,0xa1,0x68,0x74,0x79,0x70,0x65,0x5f,0x72
	.byte 0x65,0x66,0x6e,0x70,0x72,0x69,0x6d,0x69,0x74,0x69,0x76,0x65,0x2f,0x75,0x69,0x6e
	.byte 0x74,0x64,0x6e,0x61,0x6d,0x65,0xa1,0x68,0x74,0x79,0x70,0x65,0x5f,0x72,0x65,0x66
	.byte 0x70,0x70,0x72,0x69,0x6d,0x69,0x74,0x69,0x76,0x65,0x2f,0x73,0x74,0x72,0x69,0x6e
	.byte 0x67,0x66,0x72,0x65,0x61,0x73,0x6f,0x6e,0xa2,0x68,0x6f,0x70,0x74,0x69,0x6f,0x6e
	.byte 0x61,0x6c,0xf5,0x68,0x74,0x79,0x70,0x65,0x5f,0x72,0x65,0x66,0x70,0x70,0x72,0x69
	.byte 0x6d,0x69,0x74,0x69,0x76,0x65,0x2f,0x73,0x74,0x72,0x69,0x6e,0x67,0x66,0x73,0x74
	.byte 0x61,0x74,0x75,0x73,0xa1,0x68,0x74,0x79,0x70,0x65,0x5f,0x72,0x65,0x66,0x70,0x70
	.byte 0x72,0x69,0x6d,0x69,0x74,0x69,0x76,0x65,0x2f,0x73,0x74,0x72,0x69,0x6e,0x67,0x67
	.byte 0x62,0x69,0x6e,0x64,0x69,0x6e,0x67,0xa2,0x68,0x6f,0x70,0x74,0x69,0x6f,0x6e,0x61
	.byte 0x6c,0xf5,0x68,0x74,0x79,0x70,0x65,0x5f,0x72,0x65,0x66,0x6b,0x73,0x79,0x73,0x74
	.byte 0x65,0x6d,0x2f,0x68,0x61,0x73,0x68,0x6a,0x62,0x61,0x63,0x6b,0x65,0x6e,0x64,0x5f
	.byte 0x69,0x64,0xa2,0x68,0x6f,0x70,0x74,0x69,0x6f,0x6e,0x61,0x6c,0xf5,0x68,0x74,0x79
	.byte 0x70,0x65,0x5f,0x72,0x65,0x66,0x70,0x70,0x72,0x69,0x6d,0x69,0x74,0x69,0x76,0x65
	.byte 0x2f,0x73,0x74,0x72,0x69,0x6e,0x67,0x6c,0x61,0x74,0x74,0x65,0x6d,0x70,0x74,0x65
	.byte 0x64,0x5f,0x61,0x74,0xa1,0x68,0x74,0x79,0x70,0x65,0x5f,0x72,0x65,0x66,0x6e,0x70
	.byte 0x72,0x69,0x6d,0x69,0x74,0x69,0x76,0x65,0x2f,0x75,0x69,0x6e,0x74,0x75,0x69,0x73
	.byte 0x5f,0x66,0x61,0x6c,0x6c,0x62,0x61,0x63,0x6b,0x5f,0x72,0x65,0x72,0x65,0x73,0x6f
	.byte 0x6c,0x76,0x65,0xa2,0x68,0x6f,0x70,0x74,0x69,0x6f,0x6e,0x61,0x6c,0xf5,0x68,0x74
	.byte 0x79,0x70,0x65,0x5f,0x72,0x65,0x66,0x6e,0x70,0x72,0x69,0x6d,0x69,0x74,0x69,0x76
	.byte 0x65,0x2f,0x62,0x6f,0x6f,0x6c,0x64,0x74,0x79,0x70,0x65,0x6b,0x73,0x79,0x73,0x74
	.byte 0x65,0x6d,0x2f,0x74,0x79,0x70,0x65,0x6c,0x63,0x6f,0x6e,0x74,0x65,0x6e,0x74,0x5f
	.byte 0x68,0x61,0x73,0x68,0x58,0x21,0x00,0x33,0x7e,0x02,0xab,0x06,0xf4,0xa5,0xd2,0x0c
	.byte 0xc3,0x39,0x82,0xf3,0xa3,0x96,0xeb,0xb1,0x15,0xe6,0xc5,0x72,0xa3,0x7c,0xb9,0x55
	.byte 0xfa,0x5f,0xd1,0x96,0xce,0x54,0x0a
.Ltb140:
	.byte 0xa3,0x64,0x64,0x61,0x74,0x61,0xa2,0x64,0x6e,0x61,0x6d,0x65,0x78,0x21,0x73,0x79
	.byte 0x73,0x74,0x65,0x6d,0x2f,0x72,0x65,0x67,0x69,0x73,0x74,0x72,0x79,0x2f,0x72,0x65
	.byte 0x73,0x6f,0x6c,0x75,0x74,0x69,0x6f,0x6e,0x2d,0x72,0x65,0x73,0x75,0x6c,0x74,0x66
	.byte 0x66,0x69,0x65,0x6c,0x64,0x73,0xa9,0x63,0x74,0x74,0x6c,0xa2,0x68,0x6f,0x70,0x74
	.byte 0x69,0x6f,0x6e,0x61,0x6c,0xf5,0x68,0x74,0x79,0x70,0x65,0x5f,0x72,0x65,0x66,0x6e
	.byte 0x70,0x72,0x69,0x6d,0x69,0x74,0x69,0x76,0x65,0x2f,0x75,0x69,0x6e,0x74,0x66,0x73
	.byte 0x74,0x61,0x74,0x75,0x73,0xa1,0x68,0x74,0x79,0x70,0x65,0x5f,0x72,0x65,0x66,0x70
	.byte 0x70,0x72,0x69,0x6d,0x69,0x74,0x69,0x76,0x65,0x2f,0x73,0x74,0x72,0x69,0x6e,0x67
	.byte 0x67,0x62,0x69,0x6e,0x64,0x69,0x6e,0x67,0xa2,0x68,0x6f,0x70,0x74,0x69,0x6f,0x6e
	.byte 0x61,0x6c,0xf5,0x68,0x74,0x79,0x70,0x65,0x5f,0x72,0x65,0x66,0x6b,0x73,0x79,0x73
	.byte 0x74,0x65,0x6d,0x2f,0x68,0x61,0x73,0x68,0x67,0x6e,0x65,0x67,0x5f,0x74,0x74,0x6c
	.byte 0xa2,0x68,0x6f,0x70,0x74,0x69,0x6f,0x6e,0x61,0x6c,0xf5,0x68,0x74,0x79,0x70,0x65
	.byte 0x5f,0x72,0x65,0x66,0x6e,0x70,0x72,0x69,0x6d,0x69,0x74,0x69,0x76,0x65,0x2f,0x75
	.byte 0x69,0x6e,0x74,0x67,0x70,0x65,0x65,0x72,0x5f,0x69,0x64,0xa2,0x68,0x6f,0x70,0x74
	.byte 0x69,0x6f,0x6e,0x61,0x6c,0xf5,0x68,0x74,0x79,0x70,0x65,0x5f,0x72,0x65,0x66,0x6e
	.byte 0x73,0x79,0x73,0x74,0x65,0x6d,0x2f,0x70,0x65,0x65,0x72,0x2d,0x69,0x64,0x6a,0x62
	.byte 0x61,0x63,0x6b,0x65,0x6e,0x64,0x5f,0x69,0x64,0xa2,0x68,0x6f,0x70,0x74,0x69,0x6f
	.byte 0x6e,0x61,0x6c,0xf5,0x68,0x74,0x79,0x70,0x65,0x5f,0x72,0x65,0x66,0x70,0x70,0x72
	.byte 0x69,0x6d,0x69,0x74,0x69,0x76,0x65,0x2f,0x73,0x74,0x72,0x69,0x6e,0x67,0x6a,0x74
	.byte 0x72,0x61,0x6e,0x73,0x70,0x6f,0x72,0x74,0x73,0xa2,0x68,0x61,0x72,0x72,0x61,0x79
	.byte 0x5f,0x6f,0x66,0xa1,0x68,0x74,0x79,0x70,0x65,0x5f,0x72,0x65,0x66,0x6b,0x73,0x79
	.byte 0x73,0x74,0x65,0x6d,0x2f,0x68,0x61,0x73,0x68,0x68,0x6f,0x70,0x74,0x69,0x6f,0x6e
	.byte 0x61,0x6c,0xf5,0x6c,0x61,0x74,0x74,0x65,0x73,0x74,0x61,0x74,0x69,0x6f,0x6e,0x73
	.byte 0xa2,0x68,0x61,0x72,0x72,0x61,0x79,0x5f,0x6f,0x66,0xa1,0x68,0x74,0x79,0x70,0x65
	.byte 0x5f,0x72,0x65,0x66,0x6b,0x73,0x79,0x73,0x74,0x65,0x6d,0x2f,0x68,0x61,0x73,0x68
	.byte 0x68,0x6f,0x70,0x74,0x69,0x6f,0x6e,0x61,0x6c,0xf5,0x6c,0x74,0x72,0x75,0x73,0x74
	.byte 0x5f,0x61,0x6e,0x63,0x68,0x6f,0x72,0xa2,0x68,0x6f,0x70,0x74,0x69,0x6f,0x6e,0x61
	.byte 0x6c,0xf5,0x68,0x74,0x79,0x70,0x65,0x5f,0x72,0x65,0x66,0x70,0x70,0x72,0x69,0x6d
	.byte 0x69,0x74,0x69,0x76,0x65,0x2f,0x73,0x74,0x72,0x69,0x6e,0x67,0x64,0x74,0x79,0x70
	.byte 0x65,0x6b,0x73,0x79,0x73,0x74,0x65,0x6d,0x2f,0x74,0x79,0x70,0x65,0x6c,0x63,0x6f
	.byte 0x6e,0x74,0x65,0x6e,0x74,0x5f,0x68,0x61,0x73,0x68,0x58,0x21,0x00,0x99,0x98,0xfd
	.byte 0x20,0x19,0x67,0x10,0xa6,0xa5,0x37,0x63,0x22,0xb7,0x17,0x7b,0x16,0x5c,0x74,0x5f
	.byte 0x9d,0xbc,0x23,0x3d,0x78,0xd2,0x29,0x17,0xae,0x4d,0x38,0x0b,0xac
.Ltb141:
	.byte 0xa3,0x64,0x64,0x61,0x74,0x61,0xa2,0x64,0x6e,0x61,0x6d,0x65,0x78,0x1f,0x73,0x79
	.byte 0x73,0x74,0x65,0x6d,0x2f,0x72,0x65,0x67,0x69,0x73,0x74,0x72,0x79,0x2f,0x72,0x65
	.byte 0x73,0x6f,0x6c,0x76,0x65,0x2d,0x72,0x65,0x71,0x75,0x65,0x73,0x74,0x66,0x66,0x69
	.byte 0x65,0x6c,0x64,0x73,0xa2,0x64,0x6e,0x61,0x6d,0x65,0xa1,0x68,0x74,0x79,0x70,0x65
	.byte 0x5f,0x72,0x65,0x66,0x70,0x70,0x72,0x69,0x6d,0x69,0x74,0x69,0x76,0x65,0x2f,0x73
	.byte 0x74,0x72,0x69,0x6e,0x67,0x65,0x68,0x69,0x6e,0x74,0x73,0xa2,0x66,0x6d,0x61,0x70
	.byte 0x5f,0x6f,0x66,0xa1,0x68,0x74,0x79,0x70,0x65,0x5f,0x72,0x65,0x66,0x6d,0x70,0x72
	.byte 0x69,0x6d,0x69,0x74,0x69,0x76,0x65,0x2f,0x61,0x6e,0x79,0x68,0x6f,0x70,0x74,0x69
	.byte 0x6f,0x6e,0x61,0x6c,0xf5,0x64,0x74,0x79,0x70,0x65,0x6b,0x73,0x79,0x73,0x74,0x65
	.byte 0x6d,0x2f,0x74,0x79,0x70,0x65,0x6c,0x63,0x6f,0x6e,0x74,0x65,0x6e,0x74,0x5f,0x68
	.byte 0x61,0x73,0x68,0x58,0x21,0x00,0x7d,0xcf,0xae,0xf6,0xa7,0xce,0x6f,0x84,0xb9,0xe2
	.byte 0x2d,0x9f,0xa0,0xdc,0x32,0x16,0xf8,0x60,0x18,0xed,0xb2,0x1b,0x6d,0x02,0xda,0xf4
	.byte 0x96,0xb2,0xff,0x30,0x5c,0xe0
.Ltb142:
	.byte 0xa3,0x64,0x64,0x61,0x74,0x61,0xa2,0x64,0x6e,0x61,0x6d,0x65,0x78,0x24,0x73,0x79
	.byte 0x73,0x74,0x65,0x6d,0x2f,0x72,0x65,0x67,0x69,0x73,0x74,0x72,0x79,0x2f,0x72,0x65
	.byte 0x73,0x6f,0x6c,0x76,0x65,0x72,0x2d,0x63,0x68,0x61,0x69,0x6e,0x2d,0x65,0x6e,0x74
	.byte 0x72,0x79,0x66,0x66,0x69,0x65,0x6c,0x64,0x73,0xa5,0x65,0x68,0x69,0x6e,0x74,0x73
	.byte 0xa2,0x66,0x6d,0x61,0x70,0x5f,0x6f,0x66,0xa1,0x68,0x74,0x79,0x70,0x65,0x5f,0x72
	.byte 0x65,0x66,0x6d,0x70,0x72,0x69,0x6d,0x69,0x74,0x69,0x76,0x65,0x2f,0x61,0x6e,0x79
	.byte 0x68,0x6f,0x70,0x74,0x69,0x6f,0x6e,0x61,0x6c,0xf5,0x68,0x70,0x72,0x69,0x6f,0x72
	.byte 0x69,0x74,0x79,0xa1,0x68,0x74,0x79,0x70,0x65,0x5f,0x72,0x65,0x66,0x6e,0x70,0x72
	.byte 0x69,0x6d,0x69,0x74,0x69,0x76,0x65,0x2f,0x75,0x69,0x6e,0x74,0x6a,0x62,0x61,0x63
	.byte 0x6b,0x65,0x6e,0x64,0x5f,0x69,0x64,0xa1,0x68,0x74,0x79,0x70,0x65,0x5f,0x72,0x65
	.byte 0x66,0x70,0x70,0x72,0x69,0x6d,0x69,0x74,0x69,0x76,0x65,0x2f,0x73,0x74,0x72,0x69
	.byte 0x6e,0x67,0x6c,0x62,0x61,0x63,0x6b,0x65,0x6e,0x64,0x5f,0x6b,0x69,0x6e,0x64,0xa1
	.byte 0x68,0x74,0x79,0x70,0x65,0x5f,0x72,0x65,0x66,0x70,0x70,0x72,0x69,0x6d,0x69,0x74
	.byte 0x69,0x76,0x65,0x2f,0x73,0x74,0x72,0x69,0x6e,0x67,0x76,0x61,0x63,0x63,0x65,0x70
	.byte 0x74,0x65,0x64,0x5f,0x74,0x72,0x75,0x73,0x74,0x5f,0x61,0x6e,0x63,0x68,0x6f,0x72
	.byte 0x73,0xa2,0x68,0x61,0x72,0x72,0x61,0x79,0x5f,0x6f,0x66,0xa1,0x68,0x74,0x79,0x70
	.byte 0x65,0x5f,0x72,0x65,0x66,0x70,0x70,0x72,0x69,0x6d,0x69,0x74,0x69,0x76,0x65,0x2f
	.byte 0x73,0x74,0x72,0x69,0x6e,0x67,0x68,0x6f,0x70,0x74,0x69,0x6f,0x6e,0x61,0x6c,0xf5
	.byte 0x64,0x74,0x79,0x70,0x65,0x6b,0x73,0x79,0x73,0x74,0x65,0x6d,0x2f,0x74,0x79,0x70
	.byte 0x65,0x6c,0x63,0x6f,0x6e,0x74,0x65,0x6e,0x74,0x5f,0x68,0x61,0x73,0x68,0x58,0x21
	.byte 0x00,0x93,0x25,0xc7,0x28,0x01,0xa8,0xa0,0x18,0x46,0x4f,0x8b,0xe0,0x5b,0xae,0xf0
	.byte 0xa5,0xc3,0xe0,0xfd,0xec,0xa7,0x2f,0xca,0xad,0x9a,0x73,0x9b,0xbd,0xe9,0xb6,0xa9
	.byte 0x65
.Ltb143:
	.byte 0xa3,0x64,0x64,0x61,0x74,0x61,0xa2,0x64,0x6e,0x61,0x6d,0x65,0x78,0x1f,0x73,0x79
	.byte 0x73,0x74,0x65,0x6d,0x2f,0x72,0x65,0x67,0x69,0x73,0x74,0x72,0x79,0x2f,0x72,0x65
	.byte 0x73,0x6f,0x6c,0x76,0x65,0x72,0x2d,0x63,0x6f,0x6e,0x66,0x69,0x67,0x66,0x66,0x69
	.byte 0x65,0x6c,0x64,0x73,0xa5,0x6e,0x6c,0x6f,0x67,0x5f,0x63,0x61,0x63,0x68,0x65,0x5f
	.byte 0x68,0x69,0x74,0x73,0xa2,0x68,0x6f,0x70,0x74,0x69,0x6f,0x6e,0x61,0x6c,0xf5,0x68
	.byte 0x74,0x79,0x70,0x65,0x5f,0x72,0x65,0x66,0x6e,0x70,0x72,0x69,0x6d,0x69,0x74,0x69
	.byte 0x76,0x65,0x2f,0x62,0x6f,0x6f,0x6c,0x6e,0x72,0x65,0x73,0x6f,0x6c,0x76,0x65,0x72
	.byte 0x5f,0x63,0x68,0x61,0x69,0x6e,0xa1,0x68,0x61,0x72,0x72,0x61,0x79,0x5f,0x6f,0x66
	.byte 0xa1,0x68,0x74,0x79,0x70,0x65,0x5f,0x72,0x65,0x66,0x78,0x24,0x73,0x79,0x73,0x74
	.byte 0x65,0x6d,0x2f,0x72,0x65,0x67,0x69,0x73,0x74,0x72,0x79,0x2f,0x72,0x65,0x73,0x6f
	.byte 0x6c,0x76,0x65,0x72,0x2d,0x63,0x68,0x61,0x69,0x6e,0x2d,0x65,0x6e,0x74,0x72,0x79
	.byte 0x6f,0x70,0x69,0x6e,0x6e,0x65,0x64,0x5f,0x62,0x69,0x6e,0x64,0x69,0x6e,0x67,0x73
	.byte 0xa2,0x68,0x61,0x72,0x72,0x61,0x79,0x5f,0x6f,0x66,0xa1,0x68,0x74,0x79,0x70,0x65
	.byte 0x5f,0x72,0x65,0x66,0x78,0x1c,0x73,0x79,0x73,0x74,0x65,0x6d,0x2f,0x72,0x65,0x67
	.byte 0x69,0x73,0x74,0x72,0x79,0x2f,0x70,0x69,0x6e,0x6e,0x65,0x64,0x2d,0x65,0x6e,0x74
	.byte 0x72,0x79,0x68,0x6f,0x70,0x74,0x69,0x6f,0x6e,0x61,0x6c,0xf5,0x74,0x6e,0x61,0x6d
	.byte 0x65,0x5f,0x66,0x6f,0x72,0x6d,0x61,0x74,0x5f,0x64,0x69,0x73,0x70,0x61,0x74,0x63
	.byte 0x68,0xa2,0x68,0x61,0x72,0x72,0x61,0x79,0x5f,0x6f,0x66,0xa1,0x68,0x74,0x79,0x70
	.byte 0x65,0x5f,0x72,0x65,0x66,0x78,0x1e,0x73,0x79,0x73,0x74,0x65,0x6d,0x2f,0x72,0x65
	.byte 0x67,0x69,0x73,0x74,0x72,0x79,0x2f,0x64,0x69,0x73,0x70,0x61,0x74,0x63,0x68,0x2d
	.byte 0x65,0x6e,0x74,0x72,0x79,0x68,0x6f,0x70,0x74,0x69,0x6f,0x6e,0x61,0x6c,0xf5,0x77
	.byte 0x72,0x65,0x73,0x6f,0x6c,0x75,0x74,0x69,0x6f,0x6e,0x5f,0x6c,0x6f,0x67,0x5f,0x63
	.byte 0x61,0x70,0x61,0x63,0x69,0x74,0x79,0xa2,0x68,0x6f,0x70,0x74,0x69,0x6f,0x6e,0x61
	.byte 0x6c,0xf5,0x68,0x74,0x79,0x70,0x65,0x5f,0x72,0x65,0x66,0x6e,0x70,0x72,0x69,0x6d
	.byte 0x69,0x74,0x69,0x76,0x65,0x2f,0x75,0x69,0x6e,0x74,0x64,0x74,0x79,0x70,0x65,0x6b
	.byte 0x73,0x79,0x73,0x74,0x65,0x6d,0x2f,0x74,0x79,0x70,0x65,0x6c,0x63,0x6f,0x6e,0x74
	.byte 0x65,0x6e,0x74,0x5f,0x68,0x61,0x73,0x68,0x58,0x21,0x00,0x44,0x52,0x16,0xd7,0xcb
	.byte 0xab,0x1f,0x35,0x39,0x6c,0xd4,0x96,0x4a,0x99,0x69,0xdf,0xfd,0xfe,0x85,0xfa,0x80
	.byte 0x31,0xcf,0x40,0xbe,0x48,0x74,0x2b,0xbd,0xe0,0x65,0x8b
.Ltb144:
	.byte 0xa3,0x64,0x64,0x61,0x74,0x61,0xa2,0x64,0x6e,0x61,0x6d,0x65,0x78,0x1a,0x73,0x79
	.byte 0x73,0x74,0x65,0x6d,0x2f,0x72,0x65,0x67,0x69,0x73,0x74,0x72,0x79,0x2f,0x72,0x65
	.byte 0x76,0x6f,0x63,0x61,0x74,0x69,0x6f,0x6e,0x66,0x66,0x69,0x65,0x6c,0x64,0x73,0xa3
	.byte 0x66,0x72,0x65,0x61,0x73,0x6f,0x6e,0xa2,0x68,0x6f,0x70,0x74,0x69,0x6f,0x6e,0x61
	.byte 0x6c,0xf5,0x68,0x74,0x79,0x70,0x65,0x5f,0x72,0x65,0x66,0x70,0x70,0x72,0x69,0x6d
	.byte 0x69,0x74,0x69,0x76,0x65,0x2f,0x73,0x74,0x72,0x69,0x6e,0x67,0x67,0x72,0x65,0x76
	.byte 0x6f,0x6b,0x65,0x73,0xa1,0x68,0x74,0x79,0x70,0x65,0x5f,0x72,0x65,0x66,0x6b,0x73
	.byte 0x79,0x73,0x74,0x65,0x6d,0x2f,0x68,0x61,0x73,0x68,0x6a,0x72,0x65,0x76,0x6f,0x6b
	.byte 0x65,0x64,0x5f,0x61,0x74,0xa1,0x68,0x74,0x79,0x70,0x65,0x5f,0x72,0x65,0x66,0x6e
	.byte 0x70,0x72,0x69,0x6d,0x69,0x74,0x69,0x76,0x65,0x2f,0x75,0x69,0x6e,0x74,0x64,0x74
	.byte 0x79,0x70,0x65,0x6b,0x73,0x79,0x73,0x74,0x65,0x6d,0x2f,0x74,0x79,0x70,0x65,0x6c
	.byte 0x63,0x6f,0x6e,0x74,0x65,0x6e,0x74,0x5f,0x68,0x61,0x73,0x68,0x58,0x21,0x00,0xe9
	.byte 0x2b,0x18,0x6f,0x64,0xb5,0x13,0xc2,0x49,0x7d,0x99,0xa1,0xa3,0x5a,0xfb,0x1d,0x31
	.byte 0xad,0xbe,0xc6,0x45,0x19,0x89,0xc3,0xb2,0x68,0xd0,0x3f,0xcc,0x10,0x1a,0x30
.Ltb145:
	.byte 0xa3,0x64,0x64,0x61,0x74,0x61,0xa2,0x64,0x6e,0x61,0x6d,0x65,0x78,0x1e,0x73,0x79
	.byte 0x73,0x74,0x65,0x6d,0x2f,0x72,0x65,0x67,0x69,0x73,0x74,0x72,0x79,0x2f,0x72,0x65
	.byte 0x76,0x6f,0x6b,0x65,0x2d,0x72,0x65,0x71,0x75,0x65,0x73,0x74,0x66,0x66,0x69,0x65
	.byte 0x6c,0x64,0x73,0xa2,0x66,0x72,0x65,0x61,0x73,0x6f,0x6e,0xa2,0x68,0x6f,0x70,0x74
	.byte 0x69,0x6f,0x6e,0x61,0x6c,0xf5,0x68,0x74,0x79,0x70,0x65,0x5f,0x72,0x65,0x66,0x70
	.byte 0x70,0x72,0x69,0x6d,0x69,0x74,0x69,0x76,0x65,0x2f,0x73,0x74,0x72,0x69,0x6e,0x67
	.byte 0x6c,0x62,0x69,0x6e,0x64,0x69,0x6e,0x67,0x5f,0x68,0x61,0x73,0x68,0xa1,0x68,0x74
	.byte 0x79,0x70,0x65,0x5f,0x72,0x65,0x66,0x6b,0x73,0x79,0x73,0x74,0x65,0x6d,0x2f,0x68
	.byte 0x61,0x73,0x68,0x64,0x74,0x79,0x70,0x65,0x6b,0x73,0x79,0x73,0x74,0x65,0x6d,0x2f
	.byte 0x74,0x79,0x70,0x65,0x6c,0x63,0x6f,0x6e,0x74,0x65,0x6e,0x74,0x5f,0x68,0x61,0x73
	.byte 0x68,0x58,0x21,0x00,0x7b,0x11,0x43,0x46,0xd7,0xc9,0x9a,0xf1,0x0a,0xf8,0x8e,0xf1
	.byte 0xd8,0xde,0x66,0xd9,0x5b,0x51,0x68,0x4c,0xbe,0x54,0xf1,0xc7,0x81,0x71,0xdc,0x91
	.byte 0x14,0x7d,0xd5,0x38
.Ltb146:
	.byte 0xa3,0x64,0x64,0x61,0x74,0x61,0xa2,0x64,0x6e,0x61,0x6d,0x65,0x76,0x73,0x79,0x73
	.byte 0x74,0x65,0x6d,0x2f,0x72,0x65,0x6c,0x61,0x79,0x2f,0x61,0x64,0x76,0x65,0x72,0x74
	.byte 0x69,0x73,0x65,0x66,0x66,0x69,0x65,0x6c,0x64,0x73,0xa5,0x65,0x6d,0x6f,0x64,0x65
	.byte 0x73,0xa1,0x68,0x61,0x72,0x72,0x61,0x79,0x5f,0x6f,0x66,0xa1,0x68,0x74,0x79,0x70
	.byte 0x65,0x5f,0x72,0x65,0x66,0x70,0x70,0x72,0x69,0x6d,0x69,0x74,0x69,0x76,0x65,0x2f
	.byte 0x73,0x74,0x72,0x69,0x6e,0x67,0x66,0x6c,0x69,0x6d,0x69,0x74,0x73,0xa1,0x68,0x74
	.byte 0x79,0x70,0x65,0x5f,0x72,0x65,0x66,0x78,0x1d,0x73,0x79,0x73,0x74,0x65,0x6d,0x2f
	.byte 0x72,0x65,0x6c,0x61,0x79,0x2f,0x61,0x64,0x76,0x65,0x72,0x74,0x69,0x73,0x65,0x2d
	.byte 0x6c,0x69,0x6d,0x69,0x74,0x73,0x69,0x65,0x6e,0x64,0x70,0x6f,0x69,0x6e,0x74,0x73
	.byte 0xa1,0x68,0x61,0x72,0x72,0x61,0x79,0x5f,0x6f,0x66,0xa1,0x68,0x74,0x79,0x70,0x65
	.byte 0x5f,0x72,0x65,0x66,0x6d,0x70,0x72,0x69,0x6d,0x69,0x74,0x69,0x76,0x65,0x2f,0x61
	.byte 0x6e,0x79,0x6a,0x65,0x78,0x70,0x69,0x72,0x65,0x73,0x5f,0x61,0x74,0xa2,0x68,0x6f
	.byte 0x70,0x74,0x69,0x6f,0x6e,0x61,0x6c,0xf5,0x68,0x74,0x79,0x70,0x65,0x5f,0x72,0x65
	.byte 0x66,0x6e,0x70,0x72,0x69,0x6d,0x69,0x74,0x69,0x76,0x65,0x2f,0x75,0x69,0x6e,0x74
	.byte 0x6d,0x63,0x61,0x70,0x73,0x5f,0x72,0x65,0x71,0x75,0x69,0x72,0x65,0x64,0xa1,0x68
	.byte 0x61,0x72,0x72,0x61,0x79,0x5f,0x6f,0x66,0xa1,0x68,0x74,0x79,0x70,0x65,0x5f,0x72
	.byte 0x65,0x66,0x70,0x70,0x72,0x69,0x6d,0x69,0x74,0x69,0x76,0x65,0x2f,0x73,0x74,0x72
	.byte 0x69,0x6e,0x67,0x64,0x74,0x79,0x70,0x65,0x6b,0x73,0x79,0x73,0x74,0x65,0x6d,0x2f
	.byte 0x74,0x79,0x70,0x65,0x6c,0x63,0x6f,0x6e,0x74,0x65,0x6e,0x74,0x5f,0x68,0x61,0x73
	.byte 0x68,0x58,0x21,0x00,0x7a,0xf1,0x64,0x09,0x45,0xe9,0x55,0x08,0xc4,0xd3,0x8d,0x93
	.byte 0xde,0x0b,0xee,0xbc,0xb8,0x10,0xc6,0xb8,0x0f,0xf0,0x5c,0xce,0x35,0x64,0x0c,0xb0
	.byte 0x52,0x46,0x9b,0x9a
.Ltb147:
	.byte 0xa3,0x64,0x64,0x61,0x74,0x61,0xa2,0x64,0x6e,0x61,0x6d,0x65,0x78,0x1d,0x73,0x79
	.byte 0x73,0x74,0x65,0x6d,0x2f,0x72,0x65,0x6c,0x61,0x79,0x2f,0x61,0x64,0x76,0x65,0x72
	.byte 0x74,0x69,0x73,0x65,0x2d,0x6c,0x69,0x6d,0x69,0x74,0x73,0x66,0x66,0x69,0x65,0x6c
	.byte 0x64,0x73,0xa3,0x71,0x6d,0x61,0x78,0x5f,0x65,0x6e,0x76,0x65,0x6c,0x6f,0x70,0x65
	.byte 0x5f,0x73,0x69,0x7a,0x65,0xa2,0x68,0x6f,0x70,0x74,0x69,0x6f,0x6e,0x61,0x6c,0xf5
	.byte 0x68,0x74,0x79,0x70,0x65,0x5f,0x72,0x65,0x66,0x6e,0x70,0x72,0x69,0x6d,0x69,0x74
	.byte 0x69,0x76,0x65,0x2f,0x75,0x69,0x6e,0x74,0x71,0x6d,0x61,0x78,0x5f,0x73,0x74,0x6f
	.byte 0x72,0x61,0x67,0x65,0x5f,0x62,0x79,0x74,0x65,0x73,0xa2,0x68,0x6f,0x70,0x74,0x69
	.byte 0x6f,0x6e,0x61,0x6c,0xf5,0x68,0x74,0x79,0x70,0x65,0x5f,0x72,0x65,0x66,0x6e,0x70
	.byte 0x72,0x69,0x6d,0x69,0x74,0x69,0x76,0x65,0x2f,0x75,0x69,0x6e,0x74,0x72,0x66,0x6f
	.byte 0x72,0x77,0x61,0x72,0x64,0x5f,0x72,0x61,0x74,0x65,0x5f,0x6c,0x69,0x6d,0x69,0x74
	.byte 0xa2,0x68,0x6f,0x70,0x74,0x69,0x6f,0x6e,0x61,0x6c,0xf5,0x68,0x74,0x79,0x70,0x65
	.byte 0x5f,0x72,0x65,0x66,0x6e,0x70,0x72,0x69,0x6d,0x69,0x74,0x69,0x76,0x65,0x2f,0x75
	.byte 0x69,0x6e,0x74,0x64,0x74,0x79,0x70,0x65,0x6b,0x73,0x79,0x73,0x74,0x65,0x6d,0x2f
	.byte 0x74,0x79,0x70,0x65,0x6c,0x63,0x6f,0x6e,0x74,0x65,0x6e,0x74,0x5f,0x68,0x61,0x73
	.byte 0x68,0x58,0x21,0x00,0x9d,0x02,0xac,0x83,0xdf,0xa8,0x7a,0x78,0x82,0x2d,0x01,0x51
	.byte 0x19,0xa2,0xa8,0xa0,0x31,0x62,0x5c,0x24,0xfd,0x01,0xe1,0xd6,0x5e,0xce,0x97,0xc3
	.byte 0xf4,0xef,0x17,0x2c
.Ltb148:
	.byte 0xa3,0x64,0x64,0x61,0x74,0x61,0xa2,0x64,0x6e,0x61,0x6d,0x65,0x78,0x1c,0x73,0x79
	.byte 0x73,0x74,0x65,0x6d,0x2f,0x72,0x65,0x6c,0x61,0x79,0x2f,0x66,0x6f,0x72,0x77,0x61
	.byte 0x72,0x64,0x2d,0x72,0x65,0x71,0x75,0x65,0x73,0x74,0x66,0x66,0x69,0x65,0x6c,0x64
	.byte 0x73,0xa5,0x65,0x72,0x6f,0x75,0x74,0x65,0xa2,0x68,0x61,0x72,0x72,0x61,0x79,0x5f
	.byte 0x6f,0x66,0xa1,0x68,0x74,0x79,0x70,0x65,0x5f,0x72,0x65,0x66,0x70,0x70,0x72,0x69
	.byte 0x6d,0x69,0x74,0x69,0x76,0x65,0x2f,0x73,0x74,0x72,0x69,0x6e,0x67,0x68,0x6f,0x70
	.byte 0x74,0x69,0x6f,0x6e,0x61,0x6c,0xf5,0x68,0x6e,0x65,0x78,0x74,0x5f,0x68,0x6f,0x70
	.byte 0xa2,0x68,0x6f,0x70,0x74,0x69,0x6f,0x6e,0x61,0x6c,0xf5,0x68,0x74,0x79,0x70,0x65
	.byte 0x5f,0x72,0x65,0x66,0x6e,0x73,0x79,0x73,0x74,0x65,0x6d,0x2f,0x70,0x65,0x65,0x72
	.byte 0x2d,0x69,0x64,0x68,0x74,0x74,0x6c,0x5f,0x68,0x6f,0x70,0x73,0xa1,0x68,0x74,0x79
	.byte 0x70,0x65,0x5f,0x72,0x65,0x66,0x6e,0x70,0x72,0x69,0x6d,0x69,0x74,0x69,0x76,0x65
	.byte 0x2f,0x75,0x69,0x6e,0x74,0x6b,0x64,0x65,0x73,0x74,0x69,0x6e,0x61,0x74,0x69,0x6f
	.byte 0x6e,0xa1,0x68,0x74,0x79,0x70,0x65,0x5f,0x72,0x65,0x66,0x6e,0x73,0x79,0x73,0x74
	.byte 0x65,0x6d,0x2f,0x70,0x65,0x65,0x72,0x2d,0x69,0x64,0x6e,0x65,0x6e,0x76,0x65,0x6c
	.byte 0x6f,0x70,0x65,0x5f,0x69,0x6e,0x6e,0x65,0x72,0xa1,0x68,0x74,0x79,0x70,0x65,0x5f
	.byte 0x72,0x65,0x66,0x6b,0x73,0x79,0x73,0x74,0x65,0x6d,0x2f,0x68,0x61,0x73,0x68,0x64
	.byte 0x74,0x79,0x70,0x65,0x6b,0x73,0x79,0x73,0x74,0x65,0x6d,0x2f,0x74,0x79,0x70,0x65
	.byte 0x6c,0x63,0x6f,0x6e,0x74,0x65,0x6e,0x74,0x5f,0x68,0x61,0x73,0x68,0x58,0x21,0x00
	.byte 0x7b,0x20,0x6a,0x0e,0xea,0xd2,0x90,0x52,0x5e,0xe3,0xfb,0xae,0xc4,0x0b,0x41,0x06
	.byte 0x7a,0x60,0xe8,0xa9,0xdb,0x5d,0x21,0xef,0x68,0x68,0xd2,0xe3,0xf0,0xa8,0xf1,0xfd
.Ltb149:
	.byte 0xa3,0x64,0x64,0x61,0x74,0x61,0xa2,0x64,0x6e,0x61,0x6d,0x65,0x78,0x1b,0x73,0x79
	.byte 0x73,0x74,0x65,0x6d,0x2f,0x72,0x65,0x6c,0x61,0x79,0x2f,0x66,0x6f,0x72,0x77,0x61
	.byte 0x72,0x64,0x2d,0x72,0x65,0x73,0x75,0x6c,0x74,0x66,0x66,0x69,0x65,0x6c,0x64,0x73
	.byte 0xa3,0x66,0x73,0x74,0x61,0x74,0x75,0x73,0xa1,0x68,0x74,0x79,0x70,0x65,0x5f,0x72
	.byte 0x65,0x66,0x70,0x70,0x72,0x69,0x6d,0x69,0x74,0x69,0x76,0x65,0x2f,0x73,0x74,0x72
	.byte 0x69,0x6e,0x67,0x68,0x6e,0x65,0x78,0x74,0x5f,0x68,0x6f,0x70,0xa2,0x68,0x6f,0x70
	.byte 0x74,0x69,0x6f,0x6e,0x61,0x6c,0xf5,0x68,0x74,0x79,0x70,0x65,0x5f,0x72,0x65,0x66
	.byte 0x6e,0x73,0x79,0x73,0x74,0x65,0x6d,0x2f,0x70,0x65,0x65,0x72,0x2d,0x69,0x64,0x69
	.byte 0x73,0x74,0x6f,0x72,0x65,0x64,0x5f,0x61,0x74,0xa2,0x68,0x6f,0x70,0x74,0x69,0x6f
	.byte 0x6e,0x61,0x6c,0xf5,0x68,0x74,0x79,0x70,0x65,0x5f,0x72,0x65,0x66,0x70,0x70,0x72
	.byte 0x69,0x6d,0x69,0x74,0x69,0x76,0x65,0x2f,0x73,0x74,0x72,0x69,0x6e,0x67,0x64,0x74
	.byte 0x79,0x70,0x65,0x6b,0x73,0x79,0x73,0x74,0x65,0x6d,0x2f,0x74,0x79,0x70,0x65,0x6c
	.byte 0x63,0x6f,0x6e,0x74,0x65,0x6e,0x74,0x5f,0x68,0x61,0x73,0x68,0x58,0x21,0x00,0x12
	.byte 0xa8,0xdf,0x03,0xe9,0x11,0x02,0xe9,0xf7,0xea,0x3d,0x38,0x0a,0x1d,0x4a,0x5f,0x94
	.byte 0x6f,0x10,0xf9,0xf5,0x0d,0x2e,0x20,0x58,0x47,0xdf,0xce,0x6e,0xb4,0x32,0x98
.Ltb150:
	.byte 0xa3,0x64,0x64,0x61,0x74,0x61,0xa2,0x64,0x6e,0x61,0x6d,0x65,0x78,0x19,0x73,0x79
	.byte 0x73,0x74,0x65,0x6d,0x2f,0x72,0x65,0x6c,0x61,0x79,0x2f,0x70,0x6f,0x6c,0x6c,0x2d
	.byte 0x72,0x65,0x71,0x75,0x65,0x73,0x74,0x66,0x66,0x69,0x65,0x6c,0x64,0x73,0xa3,0x65
	.byte 0x6c,0x69,0x6d,0x69,0x74,0xa2,0x68,0x6f,0x70,0x74,0x69,0x6f,0x6e,0x61,0x6c,0xf5
	.byte 0x68,0x74,0x79,0x70,0x65,0x5f,0x72,0x65,0x66,0x6e,0x70,0x72,0x69,0x6d,0x69,0x74
	.byte 0x69,0x76,0x65,0x2f,0x75,0x69,0x6e,0x74,0x65,0x73,0x69,0x6e,0x63,0x65,0xa2,0x68
	.byte 0x6f,0x70,0x74,0x69,0x6f,0x6e,0x61,0x6c,0xf5,0x68,0x74,0x79,0x70,0x65,0x5f,0x72
	.byte 0x65,0x66,0x6d,0x70,0x72,0x69,0x6d,0x69,0x74,0x69,0x76,0x65,0x2f,0x61,0x6e,0x79
	.byte 0x69,0x6e,0x61,0x6d,0x65,0x73,0x70,0x61,0x63,0x65,0xa1,0x68,0x74,0x79,0x70,0x65
	.byte 0x5f,0x72,0x65,0x66,0x70,0x70,0x72,0x69,0x6d,0x69,0x74,0x69,0x76,0x65,0x2f,0x73
	.byte 0x74,0x72,0x69,0x6e,0x67,0x64,0x74,0x79,0x70,0x65,0x6b,0x73,0x79,0x73,0x74,0x65
	.byte 0x6d,0x2f,0x74,0x79,0x70,0x65,0x6c,0x63,0x6f,0x6e,0x74,0x65,0x6e,0x74,0x5f,0x68
	.byte 0x61,0x73,0x68,0x58,0x21,0x00,0x4a,0x4e,0x62,0x5d,0x16,0x0f,0x75,0x13,0x5f,0x4b
	.byte 0x67,0x5a,0x39,0xdc,0x38,0x49,0xcc,0xfd,0x2d,0x21,0x00,0xf3,0x6e,0xbd,0x44,0x27
	.byte 0xfa,0x49,0xd7,0xbb,0x60,0xc0
.Ltb151:
	.byte 0xa3,0x64,0x64,0x61,0x74,0x61,0xa2,0x64,0x6e,0x61,0x6d,0x65,0x78,0x18,0x73,0x79
	.byte 0x73,0x74,0x65,0x6d,0x2f,0x72,0x65,0x6c,0x61,0x79,0x2f,0x70,0x6f,0x6c,0x6c,0x2d
	.byte 0x72,0x65,0x73,0x75,0x6c,0x74,0x66,0x66,0x69,0x65,0x6c,0x64,0x73,0xa3,0x66,0x63
	.byte 0x75,0x72,0x73,0x6f,0x72,0xa1,0x68,0x74,0x79,0x70,0x65,0x5f,0x72,0x65,0x66,0x6d
	.byte 0x70,0x72,0x69,0x6d,0x69,0x74,0x69,0x76,0x65,0x2f,0x61,0x6e,0x79,0x67,0x65,0x6e
	.byte 0x74,0x72,0x69,0x65,0x73,0xa1,0x68,0x61,0x72,0x72,0x61,0x79,0x5f,0x6f,0x66,0xa1
	.byte 0x68,0x74,0x79,0x70,0x65,0x5f,0x72,0x65,0x66,0x6b,0x73,0x79,0x73,0x74,0x65,0x6d
	.byte 0x2f,0x68,0x61,0x73,0x68,0x68,0x68,0x61,0x73,0x5f,0x6d,0x6f,0x72,0x65,0xa1,0x68
	.byte 0x74,0x79,0x70,0x65,0x5f,0x72,0x65,0x66,0x6e,0x70,0x72,0x69,0x6d,0x69,0x74,0x69
	.byte 0x76,0x65,0x2f,0x62,0x6f,0x6f,0x6c,0x64,0x74,0x79,0x70,0x65,0x6b,0x73,0x79,0x73
	.byte 0x74,0x65,0x6d,0x2f,0x74,0x79,0x70,0x65,0x6c,0x63,0x6f,0x6e,0x74,0x65,0x6e,0x74
	.byte 0x5f,0x68,0x61,0x73,0x68,0x58,0x21,0x00,0x9c,0x78,0x32,0x21,0x74,0x76,0x6f,0x72
	.byte 0x37,0xf5,0x86,0x9b,0x59,0x0a,0xa5,0x40,0xd9,0xad,0x18,0x14,0x96,0x51,0x01,0x84
	.byte 0x6b,0xe2,0x77,0x0a,0xd4,0xda,0x6a,0xaa
.Ltb152:
	.byte 0xa3,0x64,0x64,0x61,0x74,0x61,0xa2,0x64,0x6e,0x61,0x6d,0x65,0x77,0x73,0x79,0x73
	.byte 0x74,0x65,0x6d,0x2f,0x72,0x65,0x6c,0x61,0x79,0x2f,0x70,0x75,0x74,0x2d,0x72,0x65
	.byte 0x73,0x75,0x6c,0x74,0x66,0x66,0x69,0x65,0x6c,0x64,0x73,0xa4,0x66,0x73,0x74,0x61
	.byte 0x74,0x75,0x73,0xa1,0x68,0x74,0x79,0x70,0x65,0x5f,0x72,0x65,0x66,0x70,0x70,0x72
	.byte 0x69,0x6d,0x69,0x74,0x69,0x76,0x65,0x2f,0x73,0x74,0x72,0x69,0x6e,0x67,0x69,0x73
	.byte 0x74,0x6f,0x72,0x65,0x64,0x5f,0x61,0x74,0xa1,0x68,0x74,0x79,0x70,0x65,0x5f,0x72
	.byte 0x65,0x66,0x70,0x70,0x72,0x69,0x6d,0x69,0x74,0x69,0x76,0x65,0x2f,0x73,0x74,0x72
	.byte 0x69,0x6e,0x67,0x6a,0x65,0x6e,0x74,0x72,0x79,0x5f,0x68,0x61,0x73,0x68,0xa1,0x68
	.byte 0x74,0x79,0x70,0x65,0x5f,0x72,0x65,0x66,0x6b,0x73,0x79,0x73,0x74,0x65,0x6d,0x2f
	.byte 0x68,0x61,0x73,0x68,0x6a,0x65,0x78,0x70,0x69,0x72,0x65,0x73,0x5f,0x61,0x74,0xa2
	.byte 0x68,0x6f,0x70,0x74,0x69,0x6f,0x6e,0x61,0x6c,0xf5,0x68,0x74,0x79,0x70,0x65,0x5f
	.byte 0x72,0x65,0x66,0x6e,0x70,0x72,0x69,0x6d,0x69,0x74,0x69,0x76,0x65,0x2f,0x75,0x69
	.byte 0x6e,0x74,0x64,0x74,0x79,0x70,0x65,0x6b,0x73,0x79,0x73,0x74,0x65,0x6d,0x2f,0x74
	.byte 0x79,0x70,0x65,0x6c,0x63,0x6f,0x6e,0x74,0x65,0x6e,0x74,0x5f,0x68,0x61,0x73,0x68
	.byte 0x58,0x21,0x00,0xd5,0x84,0xb9,0x11,0xfb,0xa2,0xe0,0xf4,0xfd,0x5d,0x4c,0x3d,0x10
	.byte 0x17,0xc0,0x31,0x36,0x51,0x17,0xa7,0xbf,0x81,0x2c,0x5a,0xe4,0xcd,0x1d,0x9a,0x29
	.byte 0xf4,0xdc,0x17
.Ltb153:
	.byte 0xa3,0x64,0x64,0x61,0x74,0x61,0xa2,0x64,0x6e,0x61,0x6d,0x65,0x78,0x18,0x73,0x79
	.byte 0x73,0x74,0x65,0x6d,0x2f,0x72,0x65,0x6c,0x61,0x79,0x2f,0x73,0x74,0x6f,0x72,0x65
	.byte 0x2d,0x65,0x6e,0x74,0x72,0x79,0x66,0x66,0x69,0x65,0x6c,0x64,0x73,0xa4,0x66,0x70
	.byte 0x75,0x74,0x5f,0x62,0x79,0xa1,0x68,0x74,0x79,0x70,0x65,0x5f,0x72,0x65,0x66,0x6e
	.byte 0x73,0x79,0x73,0x74,0x65,0x6d,0x2f,0x70,0x65,0x65,0x72,0x2d,0x69,0x64,0x69,0x6e
	.byte 0x61,0x6d,0x65,0x73,0x70,0x61,0x63,0x65,0xa1,0x68,0x74,0x79,0x70,0x65,0x5f,0x72
	.byte 0x65,0x66,0x70,0x70,0x72,0x69,0x6d,0x69,0x74,0x69,0x76,0x65,0x2f,0x73,0x74,0x72
	.byte 0x69,0x6e,0x67,0x6a,0x65,0x78,0x70,0x69,0x72,0x65,0x73,0x5f,0x61,0x74,0xa2,0x68
	.byte 0x6f,0x70,0x74,0x69,0x6f,0x6e,0x61,0x6c,0xf5,0x68,0x74,0x79,0x70,0x65,0x5f,0x72
	.byte 0x65,0x66,0x6e,0x70,0x72,0x69,0x6d,0x69,0x74,0x69,0x76,0x65,0x2f,0x75,0x69,0x6e
	.byte 0x74,0x6e,0x65,0x6e,0x76,0x65,0x6c,0x6f,0x70,0x65,0x5f,0x69,0x6e,0x6e,0x65,0x72
	.byte 0xa1,0x68,0x74,0x79,0x70,0x65,0x5f,0x72,0x65,0x66,0x6b,0x73,0x79,0x73,0x74,0x65
	.byte 0x6d,0x2f,0x68,0x61,0x73,0x68,0x64,0x74,0x79,0x70,0x65,0x6b,0x73,0x79,0x73,0x74
	.byte 0x65,0x6d,0x2f,0x74,0x79,0x70,0x65,0x6c,0x63,0x6f,0x6e,0x74,0x65,0x6e,0x74,0x5f
	.byte 0x68,0x61,0x73,0x68,0x58,0x21,0x00,0xfa,0xc3,0xd8,0x96,0xed,0x84,0xda,0xda,0xa5
	.byte 0x9a,0xd4,0xb4,0x2f,0x7c,0x35,0xd9,0x49,0x4f,0x06,0x34,0x7a,0x7c,0xbb,0x6a,0xe5
	.byte 0x6b,0xe5,0xbf,0x25,0x26,0x95,0x0d
.Ltb154:
	.byte 0xa3,0x64,0x64,0x61,0x74,0x61,0xa2,0x64,0x6e,0x61,0x6d,0x65,0x76,0x73,0x79,0x73
	.byte 0x74,0x65,0x6d,0x2f,0x72,0x65,0x73,0x6f,0x75,0x72,0x63,0x65,0x2d,0x6c,0x69,0x6d
	.byte 0x69,0x74,0x73,0x66,0x66,0x69,0x65,0x6c,0x64,0x73,0xa3,0x67,0x6d,0x61,0x78,0x5f
	.byte 0x74,0x74,0x6c,0xa2,0x68,0x6f,0x70,0x74,0x69,0x6f,0x6e,0x61,0x6c,0xf5,0x68,0x74
	.byte 0x79,0x70,0x65,0x5f,0x72,0x65,0x66,0x6e,0x70,0x72,0x69,0x6d,0x69,0x74,0x69,0x76
	.byte 0x65,0x2f,0x75,0x69,0x6e,0x74,0x6a,0x6d,0x61,0x78,0x5f,0x62,0x75,0x64,0x67,0x65
	.byte 0x74,0xa2,0x68,0x6f,0x70,0x74,0x69,0x6f,0x6e,0x61,0x6c,0xf5,0x68,0x74,0x79,0x70
	.byte 0x65,0x5f,0x72,0x65,0x66,0x6e,0x70,0x72,0x69,0x6d,0x69,0x74,0x69,0x76,0x65,0x2f
	.byte 0x75,0x69,0x6e,0x74,0x72,0x6d,0x61,0x78,0x5f,0x76,0x69,0x73,0x69,0x74,0x65,0x64
	.byte 0x5f,0x6c,0x65,0x6e,0x67,0x74,0x68,0xa2,0x68,0x6f,0x70,0x74,0x69,0x6f,0x6e,0x61
	.byte 0x6c,0xf5,0x68,0x74,0x79,0x70,0x65,0x5f,0x72,0x65,0x66,0x6e,0x70,0x72,0x69,0x6d
	.byte 0x69,0x74,0x69,0x76,0x65,0x2f,0x75,0x69,0x6e,0x74,0x64,0x74,0x79,0x70,0x65,0x6b
	.byte 0x73,0x79,0x73,0x74,0x65,0x6d,0x2f,0x74,0x79,0x70,0x65,0x6c,0x63,0x6f,0x6e,0x74
	.byte 0x65,0x6e,0x74,0x5f,0x68,0x61,0x73,0x68,0x58,0x21,0x00,0xa5,0x06,0xc5,0x5b,0xda
	.byte 0x1d,0xf6,0x01,0x29,0x0c,0x11,0x70,0x0a,0x2b,0x63,0x21,0xf3,0x03,0x2e,0xc6,0xf0
	.byte 0xdc,0xbd,0xed,0x64,0xb8,0x2c,0xfe,0xda,0x60,0x8b,0xd1
.Ltb155:
	.byte 0xa3,0x64,0x64,0x61,0x74,0x61,0xa2,0x64,0x6e,0x61,0x6d,0x65,0x6c,0x73,0x79,0x73
	.byte 0x74,0x65,0x6d,0x2f,0x72,0x6f,0x75,0x74,0x65,0x66,0x66,0x69,0x65,0x6c,0x64,0x73
	.byte 0xa5,0x63,0x76,0x69,0x61,0xa2,0x68,0x6f,0x70,0x74,0x69,0x6f,0x6e,0x61,0x6c,0xf5
	.byte 0x68,0x74,0x79,0x70,0x65,0x5f,0x72,0x65,0x66,0x6e,0x73,0x79,0x73,0x74,0x65,0x6d
	.byte 0x2f,0x70,0x65,0x65,0x72,0x2d,0x69,0x64,0x65,0x6d,0x61,0x74,0x63,0x68,0xa1,0x68
	.byte 0x74,0x79,0x70,0x65,0x5f,0x72,0x65,0x66,0x70,0x70,0x72,0x69,0x6d,0x69,0x74,0x69
	.byte 0x76,0x65,0x2f,0x73,0x74,0x72,0x69,0x6e,0x67,0x66,0x61,0x63,0x74,0x69,0x6f,0x6e
	.byte 0xa1,0x68,0x74,0x79,0x70,0x65,0x5f,0x72,0x65,0x66,0x70,0x70,0x72,0x69,0x6d,0x69
	.byte 0x74,0x69,0x76,0x65,0x2f,0x73,0x74,0x72,0x69,0x6e,0x67,0x66,0x6d,0x65,0x74,0x72
	.byte 0x69,0x63,0xa2,0x68,0x6f,0x70,0x74,0x69,0x6f,0x6e,0x61,0x6c,0xf5,0x68,0x74,0x79
	.byte 0x70,0x65,0x5f,0x72,0x65,0x66,0x6e,0x70,0x72,0x69,0x6d,0x69,0x74,0x69,0x76,0x65
	.byte 0x2f,0x75,0x69,0x6e,0x74,0x6a,0x65,0x78,0x70,0x69,0x72,0x65,0x73,0x5f,0x61,0x74
	.byte 0xa2,0x68,0x6f,0x70,0x74,0x69,0x6f,0x6e,0x61,0x6c,0xf5,0x68,0x74,0x79,0x70,0x65
	.byte 0x5f,0x72,0x65,0x66,0x6e,0x70,0x72,0x69,0x6d,0x69,0x74,0x69,0x76,0x65,0x2f,0x75
	.byte 0x69,0x6e,0x74,0x64,0x74,0x79,0x70,0x65,0x6b,0x73,0x79,0x73,0x74,0x65,0x6d,0x2f
	.byte 0x74,0x79,0x70,0x65,0x6c,0x63,0x6f,0x6e,0x74,0x65,0x6e,0x74,0x5f,0x68,0x61,0x73
	.byte 0x68,0x58,0x21,0x00,0x6d,0xcf,0xd5,0x50,0x5d,0xd4,0xe4,0x91,0x48,0xae,0x5c,0x47
	.byte 0xd5,0xa6,0x39,0x27,0x7f,0xc9,0x3b,0x01,0xe2,0x17,0xb9,0xb6,0xfc,0xf7,0x3f,0x22
	.byte 0xa0,0x70,0x24,0x38
.Ltb156:
	.byte 0xa3,0x64,0x64,0x61,0x74,0x61,0xa2,0x64,0x6e,0x61,0x6d,0x65,0x70,0x73,0x79,0x73
	.byte 0x74,0x65,0x6d,0x2f,0x73,0x69,0x67,0x6e,0x61,0x74,0x75,0x72,0x65,0x66,0x66,0x69
	.byte 0x65,0x6c,0x64,0x73,0xa4,0x66,0x73,0x69,0x67,0x6e,0x65,0x72,0xa1,0x68,0x74,0x79
	.byte 0x70,0x65,0x5f,0x72,0x65,0x66,0x6b,0x73,0x79,0x73,0x74,0x65,0x6d,0x2f,0x68,0x61
	.byte 0x73,0x68,0x66,0x74,0x61,0x72,0x67,0x65,0x74,0xa1,0x68,0x74,0x79,0x70,0x65,0x5f
	.byte 0x72,0x65,0x66,0x6b,0x73,0x79,0x73,0x74,0x65,0x6d,0x2f,0x68,0x61,0x73,0x68,0x69
	.byte 0x61,0x6c,0x67,0x6f,0x72,0x69,0x74,0x68,0x6d,0xa1,0x68,0x74,0x79,0x70,0x65,0x5f
	.byte 0x72,0x65,0x66,0x70,0x70,0x72,0x69,0x6d,0x69,0x74,0x69,0x76,0x65,0x2f,0x73,0x74
	.byte 0x72,0x69,0x6e,0x67,0x69,0x73,0x69,0x67,0x6e,0x61,0x74,0x75,0x72,0x65,0xa1,0x68
	.byte 0x74,0x79,0x70,0x65,0x5f,0x72,0x65,0x66,0x6f,0x70,0x72,0x69,0x6d,0x69,0x74,0x69
	.byte 0x76,0x65,0x2f,0x62,0x79,0x74,0x65,0x73,0x64,0x74,0x79,0x70,0x65,0x6b,0x73,0x79
	.byte 0x73,0x74,0x65,0x6d,0x2f,0x74,0x79,0x70,0x65,0x6c,0x63,0x6f,0x6e,0x74,0x65,0x6e
	.byte 0x74,0x5f,0x68,0x61,0x73,0x68,0x58,0x21,0x00,0xa1,0x5f,0x82,0xc8,0x32,0x79,0xa6
	.byte 0xa9,0x82,0xd2,0x36,0xb4,0xc8,0x48,0xf6,0x2b,0xa5,0xaf,0x6e,0x25,0xf2,0x37,0x9f
	.byte 0xa9,0xb7,0x69,0xea,0xfd,0x18,0x04,0x70,0x24
.Ltb157:
	.byte 0xa3,0x64,0x64,0x61,0x74,0x61,0xa2,0x64,0x6e,0x61,0x6d,0x65,0x73,0x73,0x79,0x73
	.byte 0x74,0x65,0x6d,0x2f,0x73,0x75,0x62,0x73,0x63,0x72,0x69,0x70,0x74,0x69,0x6f,0x6e
	.byte 0x66,0x66,0x69,0x65,0x6c,0x64,0x73,0xaa,0x66,0x65,0x76,0x65,0x6e,0x74,0x73,0xa1
	.byte 0x68,0x61,0x72,0x72,0x61,0x79,0x5f,0x6f,0x66,0xa1,0x68,0x74,0x79,0x70,0x65,0x5f
	.byte 0x72,0x65,0x66,0x70,0x70,0x72,0x69,0x6d,0x69,0x74,0x69,0x76,0x65,0x2f,0x73,0x74
	.byte 0x72,0x69,0x6e,0x67,0x66,0x6c,0x69,0x6d,0x69,0x74,0x73,0xa2,0x68,0x6f,0x70,0x74
	.byte 0x69,0x6f,0x6e,0x61,0x6c,0xf5,0x68,0x74,0x79,0x70,0x65,0x5f,0x72,0x65,0x66,0x78
	.byte 0x1a,0x73,0x79,0x73,0x74,0x65,0x6d,0x2f,0x73,0x75,0x62,0x73,0x63,0x72,0x69,0x70
	.byte 0x74,0x69,0x6f,0x6e,0x2f,0x6c,0x69,0x6d,0x69,0x74,0x73,0x67,0x70,0x61,0x74,0x74
	.byte 0x65,0x72,0x6e,0xa1,0x68,0x74,0x79,0x70,0x65,0x5f,0x72,0x65,0x66,0x70,0x73,0x79
	.byte 0x73,0x74,0x65,0x6d,0x2f,0x74,0x72,0x65,0x65,0x2f,0x70,0x61,0x74,0x68,0x6a,0x63
	.byte 0x72,0x65,0x61,0x74,0x65,0x64,0x5f,0x61,0x74,0xa1,0x68,0x74,0x79,0x70,0x65,0x5f
	.byte 0x72,0x65,0x66,0x6e,0x70,0x72,0x69,0x6d,0x69,0x74,0x69,0x76,0x65,0x2f,0x75,0x69
	.byte 0x6e,0x74,0x6b,0x64,0x65,0x6c,0x69,0x76,0x65,0x72,0x5f,0x75,0x72,0x69,0xa1,0x68
	.byte 0x74,0x79,0x70,0x65,0x5f,0x72,0x65,0x66,0x70,0x73,0x79,0x73,0x74,0x65,0x6d,0x2f
	.byte 0x74,0x72,0x65,0x65,0x2f,0x70,0x61,0x74,0x68,0x6d,0x64,0x65,0x6c,0x69,0x76,0x65
	.byte 0x72,0x5f,0x74,0x6f,0x6b,0x65,0x6e,0xa1,0x68,0x74,0x79,0x70,0x65,0x5f,0x72,0x65
	.byte 0x66,0x6b,0x73,0x79,0x73,0x74,0x65,0x6d,0x2f,0x68,0x61,0x73,0x68,0x6f,0x69,0x6e
	.byte 0x63,0x6c,0x75,0x64,0x65,0x5f,0x70,0x61,0x79,0x6c,0x6f,0x61,0x64,0xa2,0x68,0x6f
	.byte 0x70,0x74,0x69,0x6f,0x6e,0x61,0x6c,0xf5,0x68,0x74,0x79,0x70,0x65,0x5f,0x72,0x65
	.byte 0x66,0x6e,0x70,0x72,0x69,0x6d,0x69,0x74,0x69,0x76,0x65,0x2f,0x62,0x6f,0x6f,0x6c
	.byte 0x6f,0x73,0x75,0x62,0x73,0x63,0x72,0x69,0x70,0x74,0x69,0x6f,0x6e,0x5f,0x69,0x64
	.byte 0xa1,0x68,0x74,0x79,0x70,0x65,0x5f,0x72,0x65,0x66,0x70,0x70,0x72,0x69,0x6d,0x69
	.byte 0x74,0x69,0x76,0x65,0x2f,0x73,0x74,0x72,0x69,0x6e,0x67,0x71,0x64,0x65,0x6c,0x69
	.byte 0x76,0x65,0x72,0x5f,0x6f,0x70,0x65,0x72,0x61,0x74,0x69,0x6f,0x6e,0xa1,0x68,0x74
	.byte 0x79,0x70,0x65,0x5f,0x72,0x65,0x66,0x70,0x70,0x72,0x69,0x6d,0x69,0x74,0x69,0x76
	.byte 0x65,0x2f,0x73,0x74,0x72,0x69,0x6e,0x67,0x73,0x73,0x75,0x62,0x73,0x63,0x72,0x69
	.byte 0x62,0x65,0x72,0x5f,0x69,0x64,0x65,0x6e,0x74,0x69,0x74,0x79,0xa1,0x68,0x74,0x79
	.byte 0x70,0x65,0x5f,0x72,0x65,0x66,0x6b,0x73,0x79,0x73,0x74,0x65,0x6d,0x2f,0x68,0x61
	.byte 0x73,0x68,0x64,0x74,0x79,0x70,0x65,0x6b,0x73,0x79,0x73,0x74,0x65,0x6d,0x2f,0x74
	.byte 0x79,0x70,0x65,0x6c,0x63,0x6f,0x6e,0x74,0x65,0x6e,0x74,0x5f,0x68,0x61,0x73,0x68
	.byte 0x58,0x21,0x00,0xb8,0xe2,0xf7,0x5d,0x43,0x8a,0x3d,0x70,0x1f,0x7a,0xe5,0xc9,0x34
	.byte 0x19,0x41,0x62,0xa9,0x82,0x2e,0x85,0x58,0x92,0x31,0xfd,0x77,0x62,0x7b,0x93,0xfa
	.byte 0x14,0x9e,0xd9
.Ltb158:
	.byte 0xa3,0x64,0x64,0x61,0x74,0x61,0xa2,0x64,0x6e,0x61,0x6d,0x65,0x78,0x1a,0x73,0x79
	.byte 0x73,0x74,0x65,0x6d,0x2f,0x73,0x75,0x62,0x73,0x63,0x72,0x69,0x70,0x74,0x69,0x6f
	.byte 0x6e,0x2f,0x63,0x61,0x6e,0x63,0x65,0x6c,0x66,0x66,0x69,0x65,0x6c,0x64,0x73,0xa1
	.byte 0x6f,0x73,0x75,0x62,0x73,0x63,0x72,0x69,0x70,0x74,0x69,0x6f,0x6e,0x5f,0x69,0x64
	.byte 0xa1,0x68,0x74,0x79,0x70,0x65,0x5f,0x72,0x65,0x66,0x70,0x70,0x72,0x69,0x6d,0x69
	.byte 0x74,0x69,0x76,0x65,0x2f,0x73,0x74,0x72,0x69,0x6e,0x67,0x64,0x74,0x79,0x70,0x65
	.byte 0x6b,0x73,0x79,0x73,0x74,0x65,0x6d,0x2f,0x74,0x79,0x70,0x65,0x6c,0x63,0x6f,0x6e
	.byte 0x74,0x65,0x6e,0x74,0x5f,0x68,0x61,0x73,0x68,0x58,0x21,0x00,0xf8,0xc0,0x96,0x3f
	.byte 0xf5,0xc4,0x28,0xf8,0x43,0x4c,0x0b,0x52,0x56,0x28,0x2d,0xc2,0xdb,0x7e,0x8f,0x90
	.byte 0x87,0x2d,0xbf,0x33,0xea,0x94,0x2c,0xed,0xc2,0x84,0x53,0xda
.Ltb159:
	.byte 0xa3,0x64,0x64,0x61,0x74,0x61,0xa2,0x64,0x6e,0x61,0x6d,0x65,0x78,0x1a,0x73,0x79
	.byte 0x73,0x74,0x65,0x6d,0x2f,0x73,0x75,0x62,0x73,0x63,0x72,0x69,0x70,0x74,0x69,0x6f
	.byte 0x6e,0x2f,0x6c,0x69,0x6d,0x69,0x74,0x73,0x66,0x66,0x69,0x65,0x6c,0x64,0x73,0xa4
	.byte 0x6a,0x6d,0x61,0x78,0x5f,0x65,0x76,0x65,0x6e,0x74,0x73,0xa2,0x68,0x6f,0x70,0x74
	.byte 0x69,0x6f,0x6e,0x61,0x6c,0xf5,0x68,0x74,0x79,0x70,0x65,0x5f,0x72,0x65,0x66,0x6e
	.byte 0x70,0x72,0x69,0x6d,0x69,0x74,0x69,0x76,0x65,0x2f,0x75,0x69,0x6e,0x74,0x6a,0x72
	.byte 0x61,0x74,0x65,0x5f,0x6c,0x69,0x6d,0x69,0x74,0xa2,0x68,0x6f,0x70,0x74,0x69,0x6f
	.byte 0x6e,0x61,0x6c,0xf5,0x68,0x74,0x79,0x70,0x65,0x5f,0x72,0x65,0x66,0x6e,0x70,0x72
	.byte 0x69,0x6d,0x69,0x74,0x69,0x76,0x65,0x2f,0x75,0x69,0x6e,0x74,0x6f,0x6d,0x61,0x78
	.byte 0x5f,0x64,0x75,0x72,0x61,0x74,0x69,0x6f,0x6e,0x5f,0x6d,0x73,0xa2,0x68,0x6f,0x70
	.byte 0x74,0x69,0x6f,0x6e,0x61,0x6c,0xf5,0x68,0x74,0x79,0x70,0x65,0x5f,0x72,0x65,0x66
	.byte 0x6e,0x70,0x72,0x69,0x6d,0x69,0x74,0x69,0x76,0x65,0x2f,0x75,0x69,0x6e,0x74,0x73
	.byte 0x6e,0x6f,0x74,0x69,0x66,0x69,0x63,0x61,0x74,0x69,0x6f,0x6e,0x5f,0x62,0x75,0x64
	.byte 0x67,0x65,0x74,0xa2,0x68,0x6f,0x70,0x74,0x69,0x6f,0x6e,0x61,0x6c,0xf5,0x68,0x74
	.byte 0x79,0x70,0x65,0x5f,0x72,0x65,0x66,0x6e,0x70,0x72,0x69,0x6d,0x69,0x74,0x69,0x76
	.byte 0x65,0x2f,0x75,0x69,0x6e,0x74,0x64,0x74,0x79,0x70,0x65,0x6b,0x73,0x79,0x73,0x74
	.byte 0x65,0x6d,0x2f,0x74,0x79,0x70,0x65,0x6c,0x63,0x6f,0x6e,0x74,0x65,0x6e,0x74,0x5f
	.byte 0x68,0x61,0x73,0x68,0x58,0x21,0x00,0xad,0xa8,0x73,0xc5,0x3d,0x2b,0x57,0xb3,0x3e
	.byte 0xbc,0x89,0x24,0x69,0xeb,0xd3,0x51,0x8c,0x4a,0xcc,0x73,0x1f,0x4b,0x82,0xdc,0x8c
	.byte 0x56,0x49,0xd3,0x6d,0xba,0x48,0xb7
.Ltb160:
	.byte 0xa3,0x64,0x64,0x61,0x74,0x61,0xa2,0x64,0x6e,0x61,0x6d,0x65,0x78,0x1c,0x73,0x79
	.byte 0x73,0x74,0x65,0x6d,0x2f,0x73,0x75,0x62,0x73,0x63,0x72,0x69,0x70,0x74,0x69,0x6f
	.byte 0x6e,0x2f,0x72,0x65,0x64,0x69,0x72,0x65,0x63,0x74,0x66,0x66,0x69,0x65,0x6c,0x64
	.byte 0x73,0xa4,0x66,0x70,0x72,0x65,0x66,0x69,0x78,0xa1,0x68,0x74,0x79,0x70,0x65,0x5f
	.byte 0x72,0x65,0x66,0x70,0x73,0x79,0x73,0x74,0x65,0x6d,0x2f,0x74,0x72,0x65,0x65,0x2f
	.byte 0x70,0x61,0x74,0x68,0x66,0x72,0x65,0x61,0x73,0x6f,0x6e,0xa1,0x68,0x74,0x79,0x70
	.byte 0x65,0x5f,0x72,0x65,0x66,0x70,0x70,0x72,0x69,0x6d,0x69,0x74,0x69,0x76,0x65,0x2f
	.byte 0x73,0x74,0x72,0x69,0x6e,0x67,0x68,0x63,0x61,0x70,0x61,0x63,0x69,0x74,0x79,0xa2
	.byte 0x68,0x6f,0x70,0x74,0x69,0x6f,0x6e,0x61,0x6c,0xf5,0x68,0x74,0x79,0x70,0x65,0x5f
	.byte 0x72,0x65,0x66,0x6e,0x70,0x72,0x69,0x6d,0x69,0x74,0x69,0x76,0x65,0x2f,0x75,0x69
	.byte 0x6e,0x74,0x6c,0x61,0x6c,0x74,0x65,0x72,0x6e,0x61,0x74,0x69,0x76,0x65,0x73,0xa2
	.byte 0x68,0x61,0x72,0x72,0x61,0x79,0x5f,0x6f,0x66,0xa1,0x68,0x74,0x79,0x70,0x65,0x5f
	.byte 0x72,0x65,0x66,0x6b,0x73,0x79,0x73,0x74,0x65,0x6d,0x2f,0x68,0x61,0x73,0x68,0x68
	.byte 0x6f,0x70,0x74,0x69,0x6f,0x6e,0x61,0x6c,0xf5,0x64,0x74,0x79,0x70,0x65,0x6b,0x73
	.byte 0x79,0x73,0x74,0x65,0x6d,0x2f,0x74,0x79,0x70,0x65,0x6c,0x63,0x6f,0x6e,0x74,0x65
	.byte 0x6e,0x74,0x5f,0x68,0x61,0x73,0x68,0x58,0x21,0x00,0xaa,0xce,0x26,0x7b,0xf1,0xf1
	.byte 0xff,0x06,0x34,0x2d,0x69,0xe2,0x08,0x34,0x18,0x3f,0x38,0xc7,0x26,0xf7,0x03,0xcf
	.byte 0xc7,0x5b,0xf1,0xe2,0xf6,0xd2,0x4a,0x7e,0xb1,0x8a
.Ltb161:
	.byte 0xa3,0x64,0x64,0x61,0x74,0x61,0xa2,0x64,0x6e,0x61,0x6d,0x65,0x78,0x1b,0x73,0x79
	.byte 0x73,0x74,0x65,0x6d,0x2f,0x73,0x75,0x62,0x73,0x63,0x72,0x69,0x70,0x74,0x69,0x6f
	.byte 0x6e,0x2f,0x72,0x65,0x71,0x75,0x65,0x73,0x74,0x66,0x66,0x69,0x65,0x6c,0x64,0x73
	.byte 0xa5,0x66,0x65,0x76,0x65,0x6e,0x74,0x73,0xa2,0x68,0x61,0x72,0x72,0x61,0x79,0x5f
	.byte 0x6f,0x66,0xa1,0x68,0x74,0x79,0x70,0x65,0x5f,0x72,0x65,0x66,0x70,0x70,0x72,0x69
	.byte 0x6d,0x69,0x74,0x69,0x76,0x65,0x2f,0x73,0x74,0x72,0x69,0x6e,0x67,0x68,0x6f,0x70
	.byte 0x74,0x69,0x6f,0x6e,0x61,0x6c,0xf5,0x66,0x6c,0x69,0x6d,0x69,0x74,0x73,0xa2,0x68
	.byte 0x6f,0x70,0x74,0x69,0x6f,0x6e,0x61,0x6c,0xf5,0x68,0x74,0x79,0x70,0x65,0x5f,0x72
	.byte 0x65,0x66,0x78,0x1a,0x73,0x79,0x73,0x74,0x65,0x6d,0x2f,0x73,0x75,0x62,0x73,0x63
	.byte 0x72,0x69,0x70,0x74,0x69,0x6f,0x6e,0x2f,0x6c,0x69,0x6d,0x69,0x74,0x73,0x6a,0x64
	.byte 0x65,0x6c,0x69,0x76,0x65,0x72,0x5f,0x74,0x6f,0xa1,0x68,0x74,0x79,0x70,0x65,0x5f
	.byte 0x72,0x65,0x66,0x74,0x73,0x79,0x73,0x74,0x65,0x6d,0x2f,0x64,0x65,0x6c,0x69,0x76
	.byte 0x65,0x72,0x79,0x2d,0x73,0x70,0x65,0x63,0x6d,0x64,0x65,0x6c,0x69,0x76,0x65,0x72
	.byte 0x5f,0x74,0x6f,0x6b,0x65,0x6e,0xa1,0x68,0x74,0x79,0x70,0x65,0x5f,0x72,0x65,0x66
	.byte 0x6b,0x73,0x79,0x73,0x74,0x65,0x6d,0x2f,0x68,0x61,0x73,0x68,0x6f,0x69,0x6e,0x63
	.byte 0x6c,0x75,0x64,0x65,0x5f,0x70,0x61,0x79,0x6c,0x6f,0x61,0x64,0xa2,0x68,0x6f,0x70
	.byte 0x74,0x69,0x6f,0x6e,0x61,0x6c,0xf5,0x68,0x74,0x79,0x70,0x65,0x5f,0x72,0x65,0x66
	.byte 0x6e,0x70,0x72,0x69,0x6d,0x69,0x74,0x69,0x76,0x65,0x2f,0x62,0x6f,0x6f,0x6c,0x64
	.byte 0x74,0x79,0x70,0x65,0x6b,0x73,0x79,0x73,0x74,0x65,0x6d,0x2f,0x74,0x79,0x70,0x65
	.byte 0x6c,0x63,0x6f,0x6e,0x74,0x65,0x6e,0x74,0x5f,0x68,0x61,0x73,0x68,0x58,0x21,0x00
	.byte 0x5e,0xe6,0x99,0xd2,0x04,0x73,0x5f,0xc2,0xa7,0x2f,0xf1,0xb9,0x83,0xc5,0xae,0x75
	.byte 0x04,0xb4,0xff,0x3f,0x44,0x63,0xac,0x21,0x21,0xbd,0x47,0x66,0xb9,0x29,0x64,0x50
.Ltb162:
	.byte 0xa3,0x64,0x64,0x61,0x74,0x61,0xa2,0x64,0x6e,0x61,0x6d,0x65,0x78,0x1a,0x73,0x79
	.byte 0x73,0x74,0x65,0x6d,0x2f,0x73,0x75,0x62,0x73,0x74,0x69,0x74,0x75,0x74,0x65,0x2f
	.byte 0x65,0x6e,0x64,0x70,0x6f,0x69,0x6e,0x74,0x66,0x66,0x69,0x65,0x6c,0x64,0x73,0xa6
	.byte 0x6e,0x63,0x6f,0x6e,0x74,0x65,0x6e,0x74,0x5f,0x6c,0x61,0x79,0x6f,0x75,0x74,0xa1
	.byte 0x68,0x74,0x79,0x70,0x65,0x5f,0x72,0x65,0x66,0x70,0x70,0x72,0x69,0x6d,0x69,0x74
	.byte 0x69,0x76,0x65,0x2f,0x73,0x74,0x72,0x69,0x6e,0x67,0x6f,0x74,0x72,0x65,0x65,0x5f
	.byte 0x75,0x72,0x6c,0x5f,0x70,0x72,0x65,0x66,0x69,0x78,0xa1,0x68,0x74,0x79,0x70,0x65
	.byte 0x5f,0x72,0x65,0x66,0x70,0x70,0x72,0x69,0x6d,0x69,0x74,0x69,0x76,0x65,0x2f,0x73
	.byte 0x74,0x72,0x69,0x6e,0x67,0x70,0x74,0x72,0x65,0x65,0x5f,0x6c,0x65,0x61,0x66,0x5f
	.byte 0x73,0x75,0x66,0x66,0x69,0x78,0xa2,0x68,0x6f,0x70,0x74,0x69,0x6f,0x6e,0x61,0x6c
	.byte 0xf5,0x68,0x74,0x79,0x70,0x65,0x5f,0x72,0x65,0x66,0x70,0x70,0x72,0x69,0x6d,0x69
	.byte 0x74,0x69,0x76,0x65,0x2f,0x73,0x74,0x72,0x69,0x6e,0x67,0x72,0x63,0x6f,0x6e,0x74
	.byte 0x65,0x6e,0x74,0x5f,0x75,0x72,0x6c,0x5f,0x70,0x72,0x65,0x66,0x69,0x78,0xa1,0x68
	.byte 0x74,0x79,0x70,0x65,0x5f,0x72,0x65,0x66,0x70,0x70,0x72,0x69,0x6d,0x69,0x74,0x69
	.byte 0x76,0x65,0x2f,0x73,0x74,0x72,0x69,0x6e,0x67,0x73,0x6d,0x61,0x6e,0x69,0x66,0x65
	.byte 0x73,0x74,0x5f,0x75,0x72,0x6c,0x5f,0x70,0x72,0x65,0x66,0x69,0x78,0xa2,0x68,0x6f
	.byte 0x70,0x74,0x69,0x6f,0x6e,0x61,0x6c,0xf5,0x68,0x74,0x79,0x70,0x65,0x5f,0x72,0x65
	.byte 0x66,0x70,0x70,0x72,0x69,0x6d,0x69,0x74,0x69,0x76,0x65,0x2f,0x73,0x74,0x72,0x69
	.byte 0x6e,0x67,0x73,0x74,0x72,0x65,0x65,0x5f,0x6c,0x69,0x73,0x74,0x69,0x6e,0x67,0x5f
	.byte 0x73,0x75,0x66,0x66,0x69,0x78,0xa2,0x68,0x6f,0x70,0x74,0x69,0x6f,0x6e,0x61,0x6c
	.byte 0xf5,0x68,0x74,0x79,0x70,0x65,0x5f,0x72,0x65,0x66,0x70,0x70,0x72,0x69,0x6d,0x69
	.byte 0x74,0x69,0x76,0x65,0x2f,0x73,0x74,0x72,0x69,0x6e,0x67,0x64,0x74,0x79,0x70,0x65
	.byte 0x6b,0x73,0x79,0x73,0x74,0x65,0x6d,0x2f,0x74,0x79,0x70,0x65,0x6c,0x63,0x6f,0x6e
	.byte 0x74,0x65,0x6e,0x74,0x5f,0x68,0x61,0x73,0x68,0x58,0x21,0x00,0xa0,0x51,0x94,0x17
	.byte 0x98,0x44,0x41,0x2b,0x5e,0x48,0x7d,0xbb,0xe3,0x6d,0x02,0xd4,0x9b,0x56,0xde,0x67
	.byte 0xba,0x0e,0x81,0xa8,0x22,0xea,0x6b,0xaf,0x36,0x85,0x8a,0x7d
.Ltb163:
	.byte 0xa3,0x64,0x64,0x61,0x74,0x61,0xa2,0x64,0x6e,0x61,0x6d,0x65,0x78,0x23,0x73,0x79
	.byte 0x73,0x74,0x65,0x6d,0x2f,0x73,0x75,0x62,0x73,0x74,0x69,0x74,0x75,0x74,0x65,0x2f
	.byte 0x73,0x6e,0x61,0x70,0x73,0x68,0x6f,0x74,0x2d,0x6d,0x61,0x6e,0x69,0x66,0x65,0x73
	.byte 0x74,0x66,0x66,0x69,0x65,0x6c,0x64,0x73,0xa8,0x63,0x73,0x65,0x71,0xa1,0x68,0x74
	.byte 0x79,0x70,0x65,0x5f,0x72,0x65,0x66,0x6e,0x70,0x72,0x69,0x6d,0x69,0x74,0x69,0x76
	.byte 0x65,0x2f,0x75,0x69,0x6e,0x74,0x68,0x65,0x6e,0x64,0x70,0x6f,0x69,0x6e,0x74,0xa1
	.byte 0x68,0x74,0x79,0x70,0x65,0x5f,0x72,0x65,0x66,0x78,0x1a,0x73,0x79,0x73,0x74,0x65
	.byte 0x6d,0x2f,0x73,0x75,0x62,0x73,0x74,0x69,0x74,0x75,0x74,0x65,0x2f,0x65,0x6e,0x64
	.byte 0x70,0x6f,0x69,0x6e,0x74,0x6a,0x70,0x61,0x74,0x68,0x5f,0x69,0x6e,0x64,0x65,0x78
	.byte 0xa1,0x66,0x6d,0x61,0x70,0x5f,0x6f,0x66,0xa1,0x68,0x74,0x79,0x70,0x65,0x5f,0x72
	.byte 0x65,0x66,0x6b,0x73,0x79,0x73,0x74,0x65,0x6d,0x2f,0x68,0x61,0x73,0x68,0x6b,0x70
	.byte 0x72,0x65,0x64,0x65,0x63,0x65,0x73,0x73,0x6f,0x72,0xa2,0x68,0x6f,0x70,0x74,0x69
	.byte 0x6f,0x6e,0x61,0x6c,0xf5,0x68,0x74,0x79,0x70,0x65,0x5f,0x72,0x65,0x66,0x6b,0x73
	.byte 0x79,0x73,0x74,0x65,0x6d,0x2f,0x68,0x61,0x73,0x68,0x6b,0x72,0x6f,0x6f,0x74,0x5f
	.byte 0x68,0x61,0x73,0x68,0x65,0x73,0xa1,0x68,0x61,0x72,0x72,0x61,0x79,0x5f,0x6f,0x66
	.byte 0xa1,0x68,0x74,0x79,0x70,0x65,0x5f,0x72,0x65,0x66,0x6b,0x73,0x79,0x73,0x74,0x65
	.byte 0x6d,0x2f,0x68,0x61,0x73,0x68,0x6b,0x73,0x6e,0x61,0x70,0x73,0x68,0x6f,0x74,0x5f
	.byte 0x61,0x74,0xa1,0x68,0x74,0x79,0x70,0x65,0x5f,0x72,0x65,0x66,0x6e,0x70,0x72,0x69
	.byte 0x6d,0x69,0x74,0x69,0x76,0x65,0x2f,0x75,0x69,0x6e,0x74,0x6d,0x63,0x6f,0x6e,0x74
	.byte 0x65,0x6e,0x74,0x5f,0x63,0x6f,0x75,0x6e,0x74,0xa1,0x68,0x74,0x79,0x70,0x65,0x5f
	.byte 0x72,0x65,0x66,0x6e,0x70,0x72,0x69,0x6d,0x69,0x74,0x69,0x76,0x65,0x2f,0x75,0x69
	.byte 0x6e,0x74,0x6e,0x73,0x6f,0x75,0x72,0x63,0x65,0x5f,0x70,0x65,0x65,0x72,0x5f,0x69
	.byte 0x64,0xa1,0x68,0x74,0x79,0x70,0x65,0x5f,0x72,0x65,0x66,0x6b,0x73,0x79,0x73,0x74
	.byte 0x65,0x6d,0x2f,0x68,0x61,0x73,0x68,0x64,0x74,0x79,0x70,0x65,0x6b,0x73,0x79,0x73
	.byte 0x74,0x65,0x6d,0x2f,0x74,0x79,0x70,0x65,0x6c,0x63,0x6f,0x6e,0x74,0x65,0x6e,0x74
	.byte 0x5f,0x68,0x61,0x73,0x68,0x58,0x21,0x00,0x59,0xd8,0x48,0xf3,0x2d,0xe0,0x8a,0x40
	.byte 0xc0,0xc5,0x58,0xe0,0xe7,0x5f,0x7b,0x83,0x42,0xdc,0xbb,0x82,0x38,0xe5,0x64,0x72
	.byte 0x0e,0xd5,0x28,0xa8,0x02,0xc1,0x06,0x16
.Ltb164:
	.byte 0xa3,0x64,0x64,0x61,0x74,0x61,0xa2,0x64,0x6e,0x61,0x6d,0x65,0x78,0x18,0x73,0x79
	.byte 0x73,0x74,0x65,0x6d,0x2f,0x73,0x75,0x62,0x73,0x74,0x69,0x74,0x75,0x74,0x65,0x2f
	.byte 0x73,0x6f,0x75,0x72,0x63,0x65,0x66,0x66,0x69,0x65,0x6c,0x64,0x73,0xa9,0x64,0x6e
	.byte 0x61,0x6d,0x65,0xa1,0x68,0x74,0x79,0x70,0x65,0x5f,0x72,0x65,0x66,0x70,0x70,0x72
	.byte 0x69,0x6d,0x69,0x74,0x69,0x76,0x65,0x2f,0x73,0x74,0x72,0x69,0x6e,0x67,0x67,0x65
	.byte 0x6e,0x61,0x62,0x6c,0x65,0x64,0xa1,0x68,0x74,0x79,0x70,0x65,0x5f,0x72,0x65,0x66
	.byte 0x6e,0x70,0x72,0x69,0x6d,0x69,0x74,0x69,0x76,0x65,0x2f,0x62,0x6f,0x6f,0x6c,0x68
	.byte 0x65,0x6e,0x64,0x70,0x6f,0x69,0x6e,0x74,0xa2,0x68,0x6f,0x70,0x74,0x69,0x6f,0x6e
	.byte 0x61,0x6c,0xf5,0x68,0x74,0x79,0x70,0x65,0x5f,0x72,0x65,0x66,0x6d,0x70,0x72,0x69
	.byte 0x6d,0x69,0x74,0x69,0x76,0x65,0x2f,0x61,0x6e,0x79,0x68,0x70,0x72,0x69,0x6f,0x72
	.byte 0x69,0x74,0x79,0xa1,0x68,0x74,0x79,0x70,0x65,0x5f,0x72,0x65,0x66,0x6d,0x70,0x72
	.byte 0x69,0x6d,0x69,0x74,0x69,0x76,0x65,0x2f,0x69,0x6e,0x74,0x6a,0x65,0x78,0x70,0x69
	.byte 0x72,0x65,0x73,0x5f,0x61,0x74,0xa2,0x68,0x6f,0x70,0x74,0x69,0x6f,0x6e,0x61,0x6c
	.byte 0xf5,0x68,0x74,0x79,0x70,0x65,0x5f,0x72,0x65,0x66,0x6e,0x70,0x72,0x69,0x6d,0x69
	.byte 0x74,0x69,0x76,0x65,0x2f,0x75,0x69,0x6e,0x74,0x6a,0x73,0x75,0x70,0x65,0x72,0x73
	.byte 0x65,0x64,0x65,0x73,0xa2,0x68,0x6f,0x70,0x74,0x69,0x6f,0x6e,0x61,0x6c,0xf5,0x68
	.byte 0x74,0x79,0x70,0x65,0x5f,0x72,0x65,0x66,0x6b,0x73,0x79,0x73,0x74,0x65,0x6d,0x2f
	.byte 0x68,0x61,0x73,0x68,0x6e,0x66,0x65,0x74,0x63,0x68,0x5f,0x74,0x65,0x6d,0x70,0x6c
	.byte 0x61,0x74,0x65,0xa2,0x68,0x6f,0x70,0x74,0x69,0x6f,0x6e,0x61,0x6c,0xf5,0x68,0x74
	.byte 0x79,0x70,0x65,0x5f,0x72,0x65,0x66,0x70,0x70,0x72,0x69,0x6d,0x69,0x74,0x69,0x76
	.byte 0x65,0x2f,0x73,0x74,0x72,0x69,0x6e,0x67,0x6e,0x73,0x6f,0x75,0x72,0x63,0x65,0x5f
	.byte 0x70,0x65,0x65,0x72,0x5f,0x69,0x64,0xa1,0x68,0x74,0x79,0x70,0x65,0x5f,0x72,0x65
	.byte 0x66,0x6b,0x73,0x79,0x73,0x74,0x65,0x6d,0x2f,0x68,0x61,0x73,0x68,0x6f,0x73,0x75
	.byte 0x62,0x73,0x74,0x69,0x74,0x75,0x74,0x65,0x5f,0x74,0x79,0x70,0x65,0xa1,0x68,0x74
	.byte 0x79,0x70,0x65,0x5f,0x72,0x65,0x66,0x70,0x70,0x72,0x69,0x6d,0x69,0x74,0x69,0x76
	.byte 0x65,0x2f,0x73,0x74,0x72,0x69,0x6e,0x67,0x64,0x74,0x79,0x70,0x65,0x6b,0x73,0x79
	.byte 0x73,0x74,0x65,0x6d,0x2f,0x74,0x79,0x70,0x65,0x6c,0x63,0x6f,0x6e,0x74,0x65,0x6e
	.byte 0x74,0x5f,0x68,0x61,0x73,0x68,0x58,0x21,0x00,0xa7,0x9b,0xa9,0x46,0x3c,0xd4,0x00
	.byte 0xeb,0x2b,0xe3,0x83,0xf3,0xe6,0x29,0x7f,0x03,0xed,0x59,0x92,0x61,0x11,0x31,0xa4
	.byte 0x5e,0xb1,0xa2,0x44,0x5c,0x9d,0x63,0xde,0x45
.Ltb165:
	.byte 0xa3,0x64,0x64,0x61,0x74,0x61,0xa2,0x64,0x6e,0x61,0x6d,0x65,0x78,0x1d,0x73,0x79
	.byte 0x73,0x74,0x65,0x6d,0x2f,0x73,0x75,0x62,0x73,0x74,0x69,0x74,0x75,0x74,0x65,0x2f
	.byte 0x74,0x72,0x79,0x2d,0x72,0x65,0x71,0x75,0x65,0x73,0x74,0x66,0x66,0x69,0x65,0x6c
	.byte 0x64,0x73,0xa2,0x64,0x68,0x61,0x73,0x68,0xa1,0x68,0x74,0x79,0x70,0x65,0x5f,0x72
	.byte 0x65,0x66,0x6b,0x73,0x79,0x73,0x74,0x65,0x6d,0x2f,0x68,0x61,0x73,0x68,0x65,0x65
	.byte 0x6e,0x74,0x72,0x79,0xa1,0x68,0x74,0x79,0x70,0x65,0x5f,0x72,0x65,0x66,0x78,0x18
	.byte 0x73,0x79,0x73,0x74,0x65,0x6d,0x2f,0x73,0x75,0x62,0x73,0x74,0x69,0x74,0x75,0x74
	.byte 0x65,0x2f,0x73,0x6f,0x75,0x72,0x63,0x65,0x64,0x74,0x79,0x70,0x65,0x6b,0x73,0x79
	.byte 0x73,0x74,0x65,0x6d,0x2f,0x74,0x79,0x70,0x65,0x6c,0x63,0x6f,0x6e,0x74,0x65,0x6e
	.byte 0x74,0x5f,0x68,0x61,0x73,0x68,0x58,0x21,0x00,0x97,0xb0,0x87,0xdf,0xb2,0x34,0x41
	.byte 0xa3,0xa5,0xeb,0x38,0x0a,0xf8,0xa8,0x20,0xae,0x1f,0x48,0x2b,0xbd,0x1c,0x07,0xaf
	.byte 0xc6,0xcf,0xcc,0x70,0xe9,0x16,0x8a,0x61,0xef
.Ltb166:
	.byte 0xa3,0x64,0x64,0x61,0x74,0x61,0xa2,0x64,0x6e,0x61,0x6d,0x65,0x77,0x73,0x79,0x73
	.byte 0x74,0x65,0x6d,0x2f,0x74,0x72,0x65,0x65,0x2f,0x67,0x65,0x74,0x2d,0x72,0x65,0x71
	.byte 0x75,0x65,0x73,0x74,0x66,0x66,0x69,0x65,0x6c,0x64,0x73,0xa4,0x64,0x6d,0x6f,0x64
	.byte 0x65,0xa2,0x68,0x6f,0x70,0x74,0x69,0x6f,0x6e,0x61,0x6c,0xf5,0x68,0x74,0x79,0x70
	.byte 0x65,0x5f,0x72,0x65,0x66,0x70,0x70,0x72,0x69,0x6d,0x69,0x74,0x69,0x76,0x65,0x2f
	.byte 0x73,0x74,0x72,0x69,0x6e,0x67,0x65,0x6c,0x69,0x6d,0x69,0x74,0xa2,0x68,0x6f,0x70
	.byte 0x74,0x69,0x6f,0x6e,0x61,0x6c,0xf5,0x68,0x74,0x79,0x70,0x65,0x5f,0x72,0x65,0x66
	.byte 0x6e,0x70,0x72,0x69,0x6d,0x69,0x74,0x69,0x76,0x65,0x2f,0x75,0x69,0x6e,0x74,0x66
	.byte 0x6f,0x66,0x66,0x73,0x65,0x74,0xa2,0x68,0x6f,0x70,0x74,0x69,0x6f,0x6e,0x61,0x6c
	.byte 0xf5,0x68,0x74,0x79,0x70,0x65,0x5f,0x72,0x65,0x66,0x6e,0x70,0x72,0x69,0x6d,0x69
	.byte 0x74,0x69,0x76,0x65,0x2f,0x75,0x69,0x6e,0x74,0x67,0x74,0x72,0x65,0x65,0x5f,0x69
	.byte 0x64,0xa2,0x68,0x6f,0x70,0x74,0x69,0x6f,0x6e,0x61,0x6c,0xf5,0x68,0x74,0x79,0x70
	.byte 0x65,0x5f,0x72,0x65,0x66,0x70,0x70,0x72,0x69,0x6d,0x69,0x74,0x69,0x76,0x65,0x2f
	.byte 0x73,0x74,0x72,0x69,0x6e,0x67,0x64,0x74,0x79,0x70,0x65,0x6b,0x73,0x79,0x73,0x74
	.byte 0x65,0x6d,0x2f,0x74,0x79,0x70,0x65,0x6c,0x63,0x6f,0x6e,0x74,0x65,0x6e,0x74,0x5f
	.byte 0x68,0x61,0x73,0x68,0x58,0x21,0x00,0xf3,0x86,0x87,0xad,0x52,0x9b,0x88,0x5e,0x02
	.byte 0xc0,0x9c,0xc9,0x0e,0x9a,0x79,0xf8,0x61,0x82,0x1b,0x6f,0xe2,0xe9,0xbc,0xd4,0xba
	.byte 0x98,0xde,0xc6,0x33,0x90,0x39,0xfb
.Ltb167:
	.byte 0xa3,0x64,0x64,0x61,0x74,0x61,0xa2,0x64,0x6e,0x61,0x6d,0x65,0x73,0x73,0x79,0x73
	.byte 0x74,0x65,0x6d,0x2f,0x74,0x72,0x65,0x65,0x2f,0x6c,0x69,0x73,0x74,0x69,0x6e,0x67
	.byte 0x66,0x66,0x69,0x65,0x6c,0x64,0x73,0xa5,0x64,0x70,0x61,0x74,0x68,0xa1,0x68,0x74
	.byte 0x79,0x70,0x65,0x5f,0x72,0x65,0x66,0x70,0x73,0x79,0x73,0x74,0x65,0x6d,0x2f,0x74
	.byte 0x72,0x65,0x65,0x2f,0x70,0x61,0x74,0x68,0x65,0x63,0x6f,0x75,0x6e,0x74,0xa1,0x68
	.byte 0x74,0x79,0x70,0x65,0x5f,0x72,0x65,0x66,0x6e,0x70,0x72,0x69,0x6d,0x69,0x74,0x69
	.byte 0x76,0x65,0x2f,0x75,0x69,0x6e,0x74,0x66,0x6f,0x66,0x66,0x73,0x65,0x74,0xa1,0x68
	.byte 0x74,0x79,0x70,0x65,0x5f,0x72,0x65,0x66,0x6e,0x70,0x72,0x69,0x6d,0x69,0x74,0x69
	.byte 0x76,0x65,0x2f,0x75,0x69,0x6e,0x74,0x67,0x65,0x6e,0x74,0x72,0x69,0x65,0x73,0xa1
	.byte 0x66,0x6d,0x61,0x70,0x5f,0x6f,0x66,0xa1,0x68,0x74,0x79,0x70,0x65,0x5f,0x72,0x65
	.byte 0x66,0x78,0x19,0x73,0x79,0x73,0x74,0x65,0x6d,0x2f,0x74,0x72,0x65,0x65,0x2f,0x6c
	.byte 0x69,0x73,0x74,0x69,0x6e,0x67,0x2d,0x65,0x6e,0x74,0x72,0x79,0x69,0x6e,0x65,0x78
	.byte 0x74,0x5f,0x70,0x61,0x67,0x65,0xa2,0x68,0x6f,0x70,0x74,0x69,0x6f,0x6e,0x61,0x6c
	.byte 0xf5,0x68,0x74,0x79,0x70,0x65,0x5f,0x72,0x65,0x66,0x6b,0x73,0x79,0x73,0x74,0x65
	.byte 0x6d,0x2f,0x68,0x61,0x73,0x68,0x64,0x74,0x79,0x70,0x65,0x6b,0x73,0x79,0x73,0x74
	.byte 0x65,0x6d,0x2f,0x74,0x79,0x70,0x65,0x6c,0x63,0x6f,0x6e,0x74,0x65,0x6e,0x74,0x5f
	.byte 0x68,0x61,0x73,0x68,0x58,0x21,0x00,0xc9,0x20,0xfb,0xa0,0x5d,0xbd,0xdf,0x8d,0xf9
	.byte 0x91,0x75,0x02,0x7d,0xd0,0x7b,0x1e,0xe4,0x78,0x79,0xb7,0x89,0x0f,0xfd,0x9a,0xdd
	.byte 0x37,0x56,0x9e,0xbe,0xd4,0x35,0xb1
.Ltb168:
	.byte 0xa3,0x64,0x64,0x61,0x74,0x61,0xa2,0x64,0x6e,0x61,0x6d,0x65,0x78,0x19,0x73,0x79
	.byte 0x73,0x74,0x65,0x6d,0x2f,0x74,0x72,0x65,0x65,0x2f,0x6c,0x69,0x73,0x74,0x69,0x6e
	.byte 0x67,0x2d,0x65,0x6e,0x74,0x72,0x79,0x66,0x66,0x69,0x65,0x6c,0x64,0x73,0xa2,0x64
	.byte 0x68,0x61,0x73,0x68,0xa2,0x68,0x6f,0x70,0x74,0x69,0x6f,0x6e,0x61,0x6c,0xf5,0x68
	.byte 0x74,0x79,0x70,0x65,0x5f,0x72,0x65,0x66,0x6b,0x73,0x79,0x73,0x74,0x65,0x6d,0x2f
	.byte 0x68,0x61,0x73,0x68,0x6c,0x68,0x61,0x73,0x5f,0x63,0x68,0x69,0x6c,0x64,0x72,0x65
	.byte 0x6e,0xa1,0x68,0x74,0x79,0x70,0x65,0x5f,0x72,0x65,0x66,0x6e,0x70,0x72,0x69,0x6d
	.byte 0x69,0x74,0x69,0x76,0x65,0x2f,0x62,0x6f,0x6f,0x6c,0x64,0x74,0x79,0x70,0x65,0x6b
	.byte 0x73,0x79,0x73,0x74,0x65,0x6d,0x2f,0x74,0x79,0x70,0x65,0x6c,0x63,0x6f,0x6e,0x74
	.byte 0x65,0x6e,0x74,0x5f,0x68,0x61,0x73,0x68,0x58,0x21,0x00,0x30,0x9b,0xef,0x6b,0x57
	.byte 0xc8,0xb3,0xc0,0xe7,0x0b,0x85,0xca,0x5d,0x17,0x73,0x64,0x63,0xa1,0xe6,0xf7,0xc0
	.byte 0x57,0xd7,0xd5,0xd8,0xe1,0xf5,0x3a,0xec,0x3c,0xa4,0x5f
.Ltb169:
	.byte 0xa3,0x64,0x64,0x61,0x74,0x61,0xa2,0x64,0x6e,0x61,0x6d,0x65,0x70,0x73,0x79,0x73
	.byte 0x74,0x65,0x6d,0x2f,0x74,0x72,0x65,0x65,0x2f,0x70,0x61,0x74,0x68,0x67,0x65,0x78
	.byte 0x74,0x65,0x6e,0x64,0x73,0x70,0x70,0x72,0x69,0x6d,0x69,0x74,0x69,0x76,0x65,0x2f
	.byte 0x73,0x74,0x72,0x69,0x6e,0x67,0x64,0x74,0x79,0x70,0x65,0x6b,0x73,0x79,0x73,0x74
	.byte 0x65,0x6d,0x2f,0x74,0x79,0x70,0x65,0x6c,0x63,0x6f,0x6e,0x74,0x65,0x6e,0x74,0x5f
	.byte 0x68,0x61,0x73,0x68,0x58,0x21,0x00,0x48,0xce,0xb8,0x54,0x57,0xe1,0x59,0xff,0xe9
	.byte 0xa0,0x4a,0xfe,0x3a,0xa4,0xd4,0x99,0xd1,0x34,0xa7,0xc2,0xb1,0x5f,0x24,0xbb,0x71
	.byte 0x7d,0x04,0x25,0xa2,0xf9,0x93,0x17
.Ltb170:
	.byte 0xa3,0x64,0x64,0x61,0x74,0x61,0xa2,0x64,0x6e,0x61,0x6d,0x65,0x77,0x73,0x79,0x73
	.byte 0x74,0x65,0x6d,0x2f,0x74,0x72,0x65,0x65,0x2f,0x70,0x75,0x74,0x2d,0x72,0x65,0x71
	.byte 0x75,0x65,0x73,0x74,0x66,0x66,0x69,0x65,0x6c,0x64,0x73,0xa3,0x66,0x65,0x6e,0x74
	.byte 0x69,0x74,0x79,0xa2,0x68,0x6f,0x70,0x74,0x69,0x6f,0x6e,0x61,0x6c,0xf5,0x68,0x74
	.byte 0x79,0x70,0x65,0x5f,0x72,0x65,0x66,0x6b,0x63,0x6f,0x72,0x65,0x2f,0x65,0x6e,0x74
	.byte 0x69,0x74,0x79,0x67,0x74,0x72,0x65,0x65,0x5f,0x69,0x64,0xa2,0x68,0x6f,0x70,0x74
	.byte 0x69,0x6f,0x6e,0x61,0x6c,0xf5,0x68,0x74,0x79,0x70,0x65,0x5f,0x72,0x65,0x66,0x70
	.byte 0x70,0x72,0x69,0x6d,0x69,0x74,0x69,0x76,0x65,0x2f,0x73,0x74,0x72,0x69,0x6e,0x67
	.byte 0x6d,0x65,0x78,0x70,0x65,0x63,0x74,0x65,0x64,0x5f,0x68,0x61,0x73,0x68,0xa2,0x68
	.byte 0x6f,0x70,0x74,0x69,0x6f,0x6e,0x61,0x6c,0xf5,0x68,0x74,0x79,0x70,0x65,0x5f,0x72
	.byte 0x65,0x66,0x6b,0x73,0x79,0x73,0x74,0x65,0x6d,0x2f,0x68,0x61,0x73,0x68,0x64,0x74
	.byte 0x79,0x70,0x65,0x6b,0x73,0x79,0x73,0x74,0x65,0x6d,0x2f,0x74,0x79,0x70,0x65,0x6c
	.byte 0x63,0x6f,0x6e,0x74,0x65,0x6e,0x74,0x5f,0x68,0x61,0x73,0x68,0x58,0x21,0x00,0x1e
	.byte 0xb6,0x50,0x14,0x4f,0x38,0xae,0x6d,0x47,0xc0,0x56,0x64,0xf4,0x23,0xed,0x81,0xd2
	.byte 0x37,0x73,0x6f,0x2b,0x27,0xc2,0x37,0x13,0x2a,0x1c,0x47,0x73,0xaf,0x06,0x34
.Ltb171:
	.byte 0xa3,0x64,0x64,0x61,0x74,0x61,0xa2,0x64,0x6e,0x61,0x6d,0x65,0x6b,0x73,0x79,0x73
	.byte 0x74,0x65,0x6d,0x2f,0x74,0x79,0x70,0x65,0x66,0x66,0x69,0x65,0x6c,0x64,0x73,0xa6
	.byte 0x64,0x6e,0x61,0x6d,0x65,0xa1,0x68,0x74,0x79,0x70,0x65,0x5f,0x72,0x65,0x66,0x70
	.byte 0x73,0x79,0x73,0x74,0x65,0x6d,0x2f,0x74,0x79,0x70,0x65,0x2f,0x6e,0x61,0x6d,0x65
	.byte 0x66,0x66,0x69,0x65,0x6c,0x64,0x73,0xa2,0x66,0x6d,0x61,0x70,0x5f,0x6f,0x66,0xa1
	.byte 0x68,0x74,0x79,0x70,0x65,0x5f,0x72,0x65,0x66,0x76,0x73,0x79,0x73,0x74,0x65,0x6d
	.byte 0x2f,0x74,0x79,0x70,0x65,0x2f,0x66,0x69,0x65,0x6c,0x64,0x2d,0x73,0x70,0x65,0x63
	.byte 0x68,0x6f,0x70,0x74,0x69,0x6f,0x6e,0x61,0x6c,0xf5,0x66,0x6c,0x61,0x79,0x6f,0x75
	.byte 0x74,0xa2,0x68,0x61,0x72,0x72,0x61,0x79,0x5f,0x6f,0x66,0xa1,0x68,0x74,0x79,0x70
	.byte 0x65,0x5f,0x72,0x65,0x66,0x70,0x70,0x72,0x69,0x6d,0x69,0x74,0x69,0x76,0x65,0x2f
	.byte 0x73,0x74,0x72,0x69,0x6e,0x67,0x68,0x6f,0x70,0x74,0x69,0x6f,0x6e,0x61,0x6c,0xf5
	.byte 0x67,0x65,0x78,0x74,0x65,0x6e,0x64,0x73,0xa2,0x68,0x6f,0x70,0x74,0x69,0x6f,0x6e
	.byte 0x61,0x6c,0xf5,0x68,0x74,0x79,0x70,0x65,0x5f,0x72,0x65,0x66,0x70,0x73,0x79,0x73
	.byte 0x74,0x65,0x6d,0x2f,0x74,0x79,0x70,0x65,0x2f,0x6e,0x61,0x6d,0x65,0x69,0x74,0x79
	.byte 0x70,0x65,0x5f,0x61,0x72,0x67,0x73,0xa2,0x66,0x6d,0x61,0x70,0x5f,0x6f,0x66,0xa1
	.byte 0x68,0x74,0x79,0x70,0x65,0x5f,0x72,0x65,0x66,0x70,0x73,0x79,0x73,0x74,0x65,0x6d
	.byte 0x2f,0x74,0x79,0x70,0x65,0x2f,0x6e,0x61,0x6d,0x65,0x68,0x6f,0x70,0x74,0x69,0x6f
	.byte 0x6e,0x61,0x6c,0xf5,0x6b,0x74,0x79,0x70,0x65,0x5f,0x70,0x61,0x72,0x61,0x6d,0x73
	.byte 0xa2,0x68,0x61,0x72,0x72,0x61,0x79,0x5f,0x6f,0x66,0xa1,0x68,0x74,0x79,0x70,0x65
	.byte 0x5f,0x72,0x65,0x66,0x70,0x70,0x72,0x69,0x6d,0x69,0x74,0x69,0x76,0x65,0x2f,0x73
	.byte 0x74,0x72,0x69,0x6e,0x67,0x68,0x6f,0x70,0x74,0x69,0x6f,0x6e,0x61,0x6c,0xf5,0x64
	.byte 0x74,0x79,0x70,0x65,0x6b,0x73,0x79,0x73,0x74,0x65,0x6d,0x2f,0x74,0x79,0x70,0x65
	.byte 0x6c,0x63,0x6f,0x6e,0x74,0x65,0x6e,0x74,0x5f,0x68,0x61,0x73,0x68,0x58,0x21,0x00
	.byte 0x67,0x86,0x8a,0xb3,0x80,0xa2,0xc7,0x5b,0xce,0x6e,0x9b,0xbc,0x3c,0xd8,0x57,0x8c
	.byte 0x20,0x94,0x13,0x03,0x3f,0x4d,0x0f,0x6f,0x85,0xae,0xe6,0x60,0x7a,0x3d,0x79,0x1c
.Ltb172:
	.byte 0xa3,0x64,0x64,0x61,0x74,0x61,0xa2,0x64,0x6e,0x61,0x6d,0x65,0x78,0x19,0x73,0x79
	.byte 0x73,0x74,0x65,0x6d,0x2f,0x74,0x79,0x70,0x65,0x2f,0x61,0x64,0x6f,0x70,0x74,0x2d
	.byte 0x72,0x65,0x71,0x75,0x65,0x73,0x74,0x66,0x66,0x69,0x65,0x6c,0x64,0x73,0xa2,0x6a
	.byte 0x6c,0x6f,0x63,0x61,0x6c,0x5f,0x6e,0x61,0x6d,0x65,0xa2,0x68,0x6f,0x70,0x74,0x69
	.byte 0x6f,0x6e,0x61,0x6c,0xf5,0x68,0x74,0x79,0x70,0x65,0x5f,0x72,0x65,0x66,0x70,0x73
	.byte 0x79,0x73,0x74,0x65,0x6d,0x2f,0x74,0x79,0x70,0x65,0x2f,0x6e,0x61,0x6d,0x65,0x6b
	.byte 0x73,0x6f,0x75,0x72,0x63,0x65,0x5f,0x70,0x61,0x74,0x68,0xa1,0x68,0x74,0x79,0x70
	.byte 0x65,0x5f,0x72,0x65,0x66,0x70,0x73,0x79,0x73,0x74,0x65,0x6d,0x2f,0x74,0x72,0x65
	.byte 0x65,0x2f,0x70,0x61,0x74,0x68,0x64,0x74,0x79,0x70,0x65,0x6b,0x73,0x79,0x73,0x74
	.byte 0x65,0x6d,0x2f,0x74,0x79,0x70,0x65,0x6c,0x63,0x6f,0x6e,0x74,0x65,0x6e,0x74,0x5f
	.byte 0x68,0x61,0x73,0x68,0x58,0x21,0x00,0xed,0xe1,0x11,0x59,0x5c,0xa1,0xd6,0x70,0x38
	.byte 0xa8,0x9d,0x6e,0x7b,0xb5,0x0c,0x1d,0x6c,0xa2,0xd2,0xc4,0x8d,0xbc,0x7d,0xa6,0xd0
	.byte 0x0f,0x6e,0x76,0x69,0x8b,0x48,0xa0
.Ltb173:
	.byte 0xa3,0x64,0x64,0x61,0x74,0x61,0xa2,0x64,0x6e,0x61,0x6d,0x65,0x78,0x1b,0x73,0x79
	.byte 0x73,0x74,0x65,0x6d,0x2f,0x74,0x79,0x70,0x65,0x2f,0x63,0x6f,0x6d,0x70,0x61,0x72
	.byte 0x65,0x2d,0x72,0x65,0x71,0x75,0x65,0x73,0x74,0x66,0x66,0x69,0x65,0x6c,0x64,0x73
	.byte 0xa2,0x66,0x74,0x79,0x70,0x65,0x5f,0x61,0xa1,0x68,0x74,0x79,0x70,0x65,0x5f,0x72
	.byte 0x65,0x66,0x70,0x73,0x79,0x73,0x74,0x65,0x6d,0x2f,0x74,0x72,0x65,0x65,0x2f,0x70
	.byte 0x61,0x74,0x68,0x66,0x74,0x79,0x70,0x65,0x5f,0x62,0xa1,0x68,0x74,0x79,0x70,0x65
	.byte 0x5f,0x72,0x65,0x66,0x70,0x73,0x79,0x73,0x74,0x65,0x6d,0x2f,0x74,0x72,0x65,0x65
	.byte 0x2f,0x70,0x61,0x74,0x68,0x64,0x74,0x79,0x70,0x65,0x6b,0x73,0x79,0x73,0x74,0x65
	.byte 0x6d,0x2f,0x74,0x79,0x70,0x65,0x6c,0x63,0x6f,0x6e,0x74,0x65,0x6e,0x74,0x5f,0x68
	.byte 0x61,0x73,0x68,0x58,0x21,0x00,0xe9,0x09,0xb9,0xc7,0x55,0x5a,0x78,0x4f,0x86,0xc0
	.byte 0x40,0x42,0xd0,0x91,0xf3,0x30,0x78,0x83,0xfc,0x45,0xb3,0xc8,0x93,0x74,0x06,0x6b
	.byte 0x2a,0xe2,0xfc,0x9a,0xee,0x92
.Ltb174:
	.byte 0xa3,0x64,0x64,0x61,0x74,0x61,0xa2,0x64,0x6e,0x61,0x6d,0x65,0x78,0x1a,0x73,0x79
	.byte 0x73,0x74,0x65,0x6d,0x2f,0x74,0x79,0x70,0x65,0x2f,0x63,0x6f,0x6d,0x70,0x61,0x72
	.byte 0x65,0x2d,0x72,0x65,0x73,0x75,0x6c,0x74,0x66,0x66,0x69,0x65,0x6c,0x64,0x73,0xa6
	.byte 0x66,0x6f,0x6e,0x6c,0x79,0x5f,0x61,0xa1,0x68,0x61,0x72,0x72,0x61,0x79,0x5f,0x6f
	.byte 0x66,0xa1,0x68,0x74,0x79,0x70,0x65,0x5f,0x72,0x65,0x66,0x70,0x70,0x72,0x69,0x6d
	.byte 0x69,0x74,0x69,0x76,0x65,0x2f,0x73,0x74,0x72,0x69,0x6e,0x67,0x66,0x6f,0x6e,0x6c
	.byte 0x79,0x5f,0x62,0xa1,0x68,0x61,0x72,0x72,0x61,0x79,0x5f,0x6f,0x66,0xa1,0x68,0x74
	.byte 0x79,0x70,0x65,0x5f,0x72,0x65,0x66,0x70,0x70,0x72,0x69,0x6d,0x69,0x74,0x69,0x76
	.byte 0x65,0x2f,0x73,0x74,0x72,0x69,0x6e,0x67,0x66,0x73,0x68,0x61,0x72,0x65,0x64,0xa1
	.byte 0x66,0x6d,0x61,0x70,0x5f,0x6f,0x66,0xa1,0x68,0x74,0x79,0x70,0x65,0x5f,0x72,0x65
	.byte 0x66,0x78,0x1c,0x73,0x79,0x73,0x74,0x65,0x6d,0x2f,0x74,0x79,0x70,0x65,0x2f,0x66
	.byte 0x69,0x65,0x6c,0x64,0x2d,0x63,0x6f,0x6d,0x70,0x61,0x72,0x69,0x73,0x6f,0x6e,0x6b
	.byte 0x74,0x79,0x70,0x65,0x5f,0x61,0x5f,0x70,0x61,0x74,0x68,0xa1,0x68,0x74,0x79,0x70
	.byte 0x65,0x5f,0x72,0x65,0x66,0x70,0x73,0x79,0x73,0x74,0x65,0x6d,0x2f,0x74,0x72,0x65
	.byte 0x65,0x2f,0x70,0x61,0x74,0x68,0x6b,0x74,0x79,0x70,0x65,0x5f,0x62,0x5f,0x70,0x61
	.byte 0x74,0x68,0xa1,0x68,0x74,0x79,0x70,0x65,0x5f,0x72,0x65,0x66,0x70,0x73,0x79,0x73
	.byte 0x74,0x65,0x6d,0x2f,0x74,0x72,0x65,0x65,0x2f,0x70,0x61,0x74,0x68,0x6c,0x69,0x6e
	.byte 0x63,0x6f,0x6d,0x70,0x61,0x74,0x69,0x62,0x6c,0x65,0xa2,0x68,0x61,0x72,0x72,0x61
	.byte 0x79,0x5f,0x6f,0x66,0xa1,0x68,0x74,0x79,0x70,0x65,0x5f,0x72,0x65,0x66,0x78,0x21
	.byte 0x73,0x79,0x73,0x74,0x65,0x6d,0x2f,0x74,0x79,0x70,0x65,0x2f,0x66,0x69,0x65,0x6c
	.byte 0x64,0x2d,0x69,0x6e,0x63,0x6f,0x6d,0x70,0x61,0x74,0x69,0x62,0x69,0x6c,0x69,0x74
	.byte 0x79,0x68,0x6f,0x70,0x74,0x69,0x6f,0x6e,0x61,0x6c,0xf5,0x64,0x74,0x79,0x70,0x65
	.byte 0x6b,0x73,0x79,0x73,0x74,0x65,0x6d,0x2f,0x74,0x79,0x70,0x65,0x6c,0x63,0x6f,0x6e
	.byte 0x74,0x65,0x6e,0x74,0x5f,0x68,0x61,0x73,0x68,0x58,0x21,0x00,0xf3,0x08,0x4b,0xef
	.byte 0xc8,0x0a,0x32,0xe5,0xe5,0xc7,0x8c,0x0b,0xb4,0xbc,0x42,0xd9,0x8a,0xbf,0xf7,0xe5
	.byte 0x6a,0xfe,0xe8,0x84,0xe7,0x0a,0x7f,0x98,0x76,0xae,0x1d,0x6a
.Ltb175:
	.byte 0xa3,0x64,0x64,0x61,0x74,0x61,0xa2,0x64,0x6e,0x61,0x6d,0x65,0x78,0x20,0x73,0x79
	.byte 0x73,0x74,0x65,0x6d,0x2f,0x74,0x79,0x70,0x65,0x2f,0x63,0x6f,0x6d,0x70,0x61,0x74
	.byte 0x69,0x62,0x69,0x6c,0x69,0x74,0x79,0x2d,0x72,0x65,0x70,0x6f,0x72,0x74,0x66,0x66
	.byte 0x69,0x65,0x6c,0x64,0x73,0xa8,0x65,0x6c,0x65,0x76,0x65,0x6c,0xa2,0x68,0x74,0x79
	.byte 0x70,0x65,0x5f,0x72,0x65,0x66,0x70,0x70,0x72,0x69,0x6d,0x69,0x74,0x69,0x76,0x65
	.byte 0x2f,0x73,0x74,0x72,0x69,0x6e,0x67,0x6b,0x63,0x6f,0x6e,0x73,0x74,0x72,0x61,0x69
	.byte 0x6e,0x74,0x73,0x81,0xa3,0x64,0x64,0x61,0x74,0x61,0xa1,0x66,0x76,0x61,0x6c,0x75
	.byte 0x65,0x73,0x85,0x70,0x66,0x75,0x6c,0x6c,0x79,0x5f,0x63,0x6f,0x6d,0x70,0x61,0x74
	.byte 0x69,0x62,0x6c,0x65,0x6c,0x66,0x6f,0x72,0x77,0x61,0x72,0x64,0x5f,0x6f,0x6e,0x6c
	.byte 0x79,0x6d,0x62,0x61,0x63,0x6b,0x77,0x61,0x72,0x64,0x5f,0x6f,0x6e,0x6c,0x79,0x74
	.byte 0x70,0x61,0x72,0x74,0x69,0x61,0x6c,0x6c,0x79,0x5f,0x63,0x6f,0x6d,0x70,0x61,0x74
	.byte 0x69,0x62,0x6c,0x65,0x6c,0x69,0x6e,0x63,0x6f,0x6d,0x70,0x61,0x74,0x69,0x62,0x6c
	.byte 0x65,0x64,0x74,0x79,0x70,0x65,0x78,0x1d,0x73,0x79,0x73,0x74,0x65,0x6d,0x2f,0x74
	.byte 0x79,0x70,0x65,0x2f,0x63,0x6f,0x6e,0x73,0x74,0x72,0x61,0x69,0x6e,0x74,0x2f,0x6f
	.byte 0x6e,0x65,0x2d,0x6f,0x66,0x6c,0x63,0x6f,0x6e,0x74,0x65,0x6e,0x74,0x5f,0x68,0x61
	.byte 0x73,0x68,0x58,0x21,0x00,0xfd,0x01,0x95,0x93,0x67,0xd9,0xe6,0xb4,0xe5,0xa1,0x12
	.byte 0x7a,0xdc,0x44,0x63,0x25,0x0a,0xf8,0x0b,0xde,0xb9,0xc9,0x9b,0xc0,0xd7,0xf2,0xee
	.byte 0x51,0x87,0xfb,0xbd,0x51,0x69,0x64,0x69,0x72,0x65,0x63,0x74,0x69,0x6f,0x6e,0xa1
	.byte 0x68,0x74,0x79,0x70,0x65,0x5f,0x72,0x65,0x66,0x70,0x70,0x72,0x69,0x6d,0x69,0x74
	.byte 0x69,0x76,0x65,0x2f,0x73,0x74,0x72,0x69,0x6e,0x67,0x6b,0x74,0x79,0x70,0x65,0x5f
	.byte 0x61,0x5f,0x70,0x61,0x74,0x68,0xa1,0x68,0x74,0x79,0x70,0x65,0x5f,0x72,0x65,0x66
	.byte 0x70,0x73,0x79,0x73,0x74,0x65,0x6d,0x2f,0x74,0x72,0x65,0x65,0x2f,0x70,0x61,0x74
	.byte 0x68,0x6b,0x74,0x79,0x70,0x65,0x5f,0x62,0x5f,0x70,0x61,0x74,0x68,0xa1,0x68,0x74
	.byte 0x79,0x70,0x65,0x5f,0x72,0x65,0x66,0x70,0x73,0x79,0x73,0x74,0x65,0x6d,0x2f,0x74
	.byte 0x72,0x65,0x65,0x2f,0x70,0x61,0x74,0x68,0x6d,0x73,0x68,0x61,0x72,0x65,0x64,0x5f
	.byte 0x66,0x69,0x65,0x6c,0x64,0x73,0xa1,0x68,0x61,0x72,0x72,0x61,0x79,0x5f,0x6f,0x66
	.byte 0xa1,0x68,0x74,0x79,0x70,0x65,0x5f,0x72,0x65,0x66,0x70,0x70,0x72,0x69,0x6d,0x69
	.byte 0x74,0x69,0x76,0x65,0x2f,0x73,0x74,0x72,0x69,0x6e,0x67,0x72,0x6d,0x69,0x73,0x73
	.byte 0x69,0x6e,0x67,0x5f,0x72,0x65,0x71,0x75,0x69,0x72,0x65,0x64,0x5f,0x61,0xa2,0x68
	.byte 0x61,0x72,0x72,0x61,0x79,0x5f,0x6f,0x66,0xa1,0x68,0x74,0x79,0x70,0x65,0x5f,0x72
	.byte 0x65,0x66,0x70,0x70,0x72,0x69,0x6d,0x69,0x74,0x69,0x76,0x65,0x2f,0x73,0x74,0x72
	.byte 0x69,0x6e,0x67,0x68,0x6f,0x70,0x74,0x69,0x6f,0x6e,0x61,0x6c,0xf5,0x72,0x6d,0x69
	.byte 0x73,0x73,0x69,0x6e,0x67,0x5f,0x72,0x65,0x71,0x75,0x69,0x72,0x65,0x64,0x5f,0x62
	.byte 0xa2,0x68,0x61,0x72,0x72,0x61,0x79,0x5f,0x6f,0x66,0xa1,0x68,0x74,0x79,0x70,0x65
	.byte 0x5f,0x72,0x65,0x66,0x70,0x70,0x72,0x69,0x6d,0x69,0x74,0x69,0x76,0x65,0x2f,0x73
	.byte 0x74,0x72,0x69,0x6e,0x67,0x68,0x6f,0x70,0x74,0x69,0x6f,0x6e,0x61,0x6c,0xf5,0x73
	.byte 0x69,0x6e,0x63,0x6f,0x6d,0x70,0x61,0x74,0x69,0x62,0x6c,0x65,0x5f,0x66,0x69,0x65
	.byte 0x6c,0x64,0x73,0xa2,0x68,0x61,0x72,0x72,0x61,0x79,0x5f,0x6f,0x66,0xa1,0x68,0x74
	.byte 0x79,0x70,0x65,0x5f,0x72,0x65,0x66,0x78,0x21,0x73,0x79,0x73,0x74,0x65,0x6d,0x2f
	.byte 0x74,0x79,0x70,0x65,0x2f,0x66,0x69,0x65,0x6c,0x64,0x2d,0x69,0x6e,0x63,0x6f,0x6d
	.byte 0x70,0x61,0x74,0x69,0x62,0x69,0x6c,0x69,0x74,0x79,0x68,0x6f,0x70,0x74,0x69,0x6f
	.byte 0x6e,0x61,0x6c,0xf5,0x64,0x74,0x79,0x70,0x65,0x6b,0x73,0x79,0x73,0x74,0x65,0x6d
	.byte 0x2f,0x74,0x79,0x70,0x65,0x6c,0x63,0x6f,0x6e,0x74,0x65,0x6e,0x74,0x5f,0x68,0x61
	.byte 0x73,0x68,0x58,0x21,0x00,0x78,0x84,0x2a,0x82,0xd9,0xbf,0x57,0xc6,0x71,0x0e,0x8a
	.byte 0xc7,0xe5,0x32,0x3e,0x54,0xf3,0x03,0x33,0x7c,0xd8,0x32,0x05,0x9d,0x2d,0xd6,0x95
	.byte 0x2d,0xc5,0x0b,0xdf,0x65
.Ltb176:
	.byte 0xa3,0x64,0x64,0x61,0x74,0x61,0xa2,0x64,0x6e,0x61,0x6d,0x65,0x78,0x1e,0x73,0x79
	.byte 0x73,0x74,0x65,0x6d,0x2f,0x74,0x79,0x70,0x65,0x2f,0x63,0x6f,0x6d,0x70,0x61,0x74
	.byte 0x69,0x62,0x6c,0x65,0x2d,0x72,0x65,0x71,0x75,0x65,0x73,0x74,0x66,0x66,0x69,0x65
	.byte 0x6c,0x64,0x73,0xa3,0x66,0x74,0x79,0x70,0x65,0x5f,0x61,0xa1,0x68,0x74,0x79,0x70
	.byte 0x65,0x5f,0x72,0x65,0x66,0x70,0x73,0x79,0x73,0x74,0x65,0x6d,0x2f,0x74,0x72,0x65
	.byte 0x65,0x2f,0x70,0x61,0x74,0x68,0x66,0x74,0x79,0x70,0x65,0x5f,0x62,0xa1,0x68,0x74
	.byte 0x79,0x70,0x65,0x5f,0x72,0x65,0x66,0x70,0x73,0x79,0x73,0x74,0x65,0x6d,0x2f,0x74
	.byte 0x72,0x65,0x65,0x2f,0x70,0x61,0x74,0x68,0x69,0x64,0x69,0x72,0x65,0x63,0x74,0x69
	.byte 0x6f,0x6e,0xa2,0x68,0x74,0x79,0x70,0x65,0x5f,0x72,0x65,0x66,0x70,0x70,0x72,0x69
	.byte 0x6d,0x69,0x74,0x69,0x76,0x65,0x2f,0x73,0x74,0x72,0x69,0x6e,0x67,0x6b,0x63,0x6f
	.byte 0x6e,0x73,0x74,0x72,0x61,0x69,0x6e,0x74,0x73,0x81,0xa3,0x64,0x64,0x61,0x74,0x61
	.byte 0xa1,0x66,0x76,0x61,0x6c,0x75,0x65,0x73,0x83,0x67,0x66,0x6f,0x72,0x77,0x61,0x72
	.byte 0x64,0x68,0x62,0x61,0x63,0x6b,0x77,0x61,0x72,0x64,0x6d,0x62,0x69,0x64,0x69,0x72
	.byte 0x65,0x63,0x74,0x69,0x6f,0x6e,0x61,0x6c,0x64,0x74,0x79,0x70,0x65,0x78,0x1d,0x73
	.byte 0x79,0x73,0x74,0x65,0x6d,0x2f,0x74,0x79,0x70,0x65,0x2f,0x63,0x6f,0x6e,0x73,0x74
	.byte 0x72,0x61,0x69,0x6e,0x74,0x2f,0x6f,0x6e,0x65,0x2d,0x6f,0x66,0x6c,0x63,0x6f,0x6e
	.byte 0x74,0x65,0x6e,0x74,0x5f,0x68,0x61,0x73,0x68,0x58,0x21,0x00,0x76,0x3b,0x94,0xbf
	.byte 0x4e,0xab,0xea,0xbe,0xb2,0xc6,0x67,0x25,0xe6,0x16,0xc1,0x53,0xb6,0x37,0x50,0xbb
	.byte 0xe1,0xa4,0x3f,0x91,0x20,0x97,0x91,0xb6,0xe6,0x21,0x44,0xb5,0x64,0x74,0x79,0x70
	.byte 0x65,0x6b,0x73,0x79,0x73,0x74,0x65,0x6d,0x2f,0x74,0x79,0x70,0x65,0x6c,0x63,0x6f
	.byte 0x6e,0x74,0x65,0x6e,0x74,0x5f,0x68,0x61,0x73,0x68,0x58,0x21,0x00,0xef,0x5d,0x44
	.byte 0xf8,0x67,0xde,0x5f,0x3b,0x0a,0x91,0xc6,0x38,0xdc,0xe0,0xfe,0x4d,0x7b,0x4c,0x2f
	.byte 0x4d,0xf5,0xe4,0x13,0x43,0x33,0xf8,0xa8,0xe3,0x1a,0x67,0xf0,0x86
.Ltb177:
	.byte 0xa3,0x64,0x64,0x61,0x74,0x61,0xa2,0x64,0x6e,0x61,0x6d,0x65,0x78,0x1d,0x73,0x79
	.byte 0x73,0x74,0x65,0x6d,0x2f,0x74,0x79,0x70,0x65,0x2f,0x63,0x6f,0x6e,0x73,0x74,0x72
	.byte 0x61,0x69,0x6e,0x74,0x2f,0x66,0x6f,0x72,0x6d,0x61,0x74,0x66,0x66,0x69,0x65,0x6c
	.byte 0x64,0x73,0xa1,0x66,0x66,0x6f,0x72,0x6d,0x61,0x74,0xa1,0x68,0x74,0x79,0x70,0x65
	.byte 0x5f,0x72,0x65,0x66,0x70,0x70,0x72,0x69,0x6d,0x69,0x74,0x69,0x76,0x65,0x2f,0x73
	.byte 0x74,0x72,0x69,0x6e,0x67,0x64,0x74,0x79,0x70,0x65,0x6b,0x73,0x79,0x73,0x74,0x65
	.byte 0x6d,0x2f,0x74,0x79,0x70,0x65,0x6c,0x63,0x6f,0x6e,0x74,0x65,0x6e,0x74,0x5f,0x68
	.byte 0x61,0x73,0x68,0x58,0x21,0x00,0x5e,0x45,0xd8,0x2b,0x50,0x76,0xbb,0x12,0x58,0xf5
	.byte 0xc8,0x5f,0xdc,0x97,0x3e,0x99,0xa9,0x64,0x78,0x11,0x9d,0x6d,0x0c,0xe3,0x24,0xc1
	.byte 0xf8,0xfb,0x76,0xeb,0xd5,0x7e
.Ltb178:
	.byte 0xa3,0x64,0x64,0x61,0x74,0x61,0xa2,0x64,0x6e,0x61,0x6d,0x65,0x78,0x1a,0x73,0x79
	.byte 0x73,0x74,0x65,0x6d,0x2f,0x74,0x79,0x70,0x65,0x2f,0x63,0x6f,0x6e,0x73,0x74,0x72
	.byte 0x61,0x69,0x6e,0x74,0x2f,0x6d,0x61,0x78,0x66,0x66,0x69,0x65,0x6c,0x64,0x73,0xa1
	.byte 0x63,0x6d,0x61,0x78,0xa1,0x68,0x74,0x79,0x70,0x65,0x5f,0x72,0x65,0x66,0x6f,0x70
	.byte 0x72,0x69,0x6d,0x69,0x74,0x69,0x76,0x65,0x2f,0x66,0x6c,0x6f,0x61,0x74,0x64,0x74
	.byte 0x79,0x70,0x65,0x6b,0x73,0x79,0x73,0x74,0x65,0x6d,0x2f,0x74,0x79,0x70,0x65,0x6c
	.byte 0x63,0x6f,0x6e,0x74,0x65,0x6e,0x74,0x5f,0x68,0x61,0x73,0x68,0x58,0x21,0x00,0xc3
	.byte 0xa0,0x01,0x0e,0x6d,0xc0,0x43,0xd9,0x98,0x65,0xbd,0x2e,0xaa,0x12,0x23,0x84,0x10
	.byte 0x50,0xb6,0x3e,0xf7,0x6e,0xd9,0x92,0xb9,0xdb,0x3e,0xf5,0x5f,0x45,0x2b,0x96
.Ltb179:
	.byte 0xa3,0x64,0x64,0x61,0x74,0x61,0xa2,0x64,0x6e,0x61,0x6d,0x65,0x78,0x20,0x73,0x79
	.byte 0x73,0x74,0x65,0x6d,0x2f,0x74,0x79,0x70,0x65,0x2f,0x63,0x6f,0x6e,0x73,0x74,0x72
	.byte 0x61,0x69,0x6e,0x74,0x2f,0x6d,0x61,0x78,0x2d,0x63,0x6f,0x75,0x6e,0x74,0x66,0x66
	.byte 0x69,0x65,0x6c,0x64,0x73,0xa1,0x69,0x6d,0x61,0x78,0x5f,0x63,0x6f,0x75,0x6e,0x74
	.byte 0xa1,0x68,0x74,0x79,0x70,0x65,0x5f,0x72,0x65,0x66,0x6e,0x70,0x72,0x69,0x6d,0x69
	.byte 0x74,0x69,0x76,0x65,0x2f,0x75,0x69,0x6e,0x74,0x64,0x74,0x79,0x70,0x65,0x6b,0x73
	.byte 0x79,0x73,0x74,0x65,0x6d,0x2f,0x74,0x79,0x70,0x65,0x6c,0x63,0x6f,0x6e,0x74,0x65
	.byte 0x6e,0x74,0x5f,0x68,0x61,0x73,0x68,0x58,0x21,0x00,0x8b,0x07,0xbe,0xdc,0x15,0xcc
	.byte 0x38,0x8e,0x30,0x7b,0xe2,0xe7,0x05,0x1c,0x09,0xf9,0xe9,0x7e,0x0a,0x50,0xb4,0xe4
	.byte 0x16,0x74,0xc1,0xd6,0xeb,0xdf,0xcf,0xbc,0xea,0xb7
.Ltb180:
	.byte 0xa3,0x64,0x64,0x61,0x74,0x61,0xa2,0x64,0x6e,0x61,0x6d,0x65,0x78,0x21,0x73,0x79
	.byte 0x73,0x74,0x65,0x6d,0x2f,0x74,0x79,0x70,0x65,0x2f,0x63,0x6f,0x6e,0x73,0x74,0x72
	.byte 0x61,0x69,0x6e,0x74,0x2f,0x6d,0x61,0x78,0x2d,0x6c,0x65,0x6e,0x67,0x74,0x68,0x66
	.byte 0x66,0x69,0x65,0x6c,0x64,0x73,0xa1,0x6a,0x6d,0x61,0x78,0x5f,0x6c,0x65,0x6e,0x67
	.byte 0x74,0x68,0xa1,0x68,0x74,0x79,0x70,0x65,0x5f,0x72,0x65,0x66,0x6e,0x70,0x72,0x69
	.byte 0x6d,0x69,0x74,0x69,0x76,0x65,0x2f,0x75,0x69,0x6e,0x74,0x64,0x74,0x79,0x70,0x65
	.byte 0x6b,0x73,0x79,0x73,0x74,0x65,0x6d,0x2f,0x74,0x79,0x70,0x65,0x6c,0x63,0x6f,0x6e
	.byte 0x74,0x65,0x6e,0x74,0x5f,0x68,0x61,0x73,0x68,0x58,0x21,0x00,0xf9,0xdf,0x73,0x54
	.byte 0xc0,0xaf,0xbc,0x9b,0x06,0xcb,0x7d,0xd6,0x6b,0x50,0x76,0xa0,0x1f,0x71,0x54,0x62
	.byte 0xea,0xca,0x57,0xe0,0xfb,0x35,0xc1,0xa0,0x81,0xea,0xcb,0x13
.Ltb181:
	.byte 0xa3,0x64,0x64,0x61,0x74,0x61,0xa2,0x64,0x6e,0x61,0x6d,0x65,0x78,0x1a,0x73,0x79
	.byte 0x73,0x74,0x65,0x6d,0x2f,0x74,0x79,0x70,0x65,0x2f,0x63,0x6f,0x6e,0x73,0x74,0x72
	.byte 0x61,0x69,0x6e,0x74,0x2f,0x6d,0x69,0x6e,0x66,0x66,0x69,0x65,0x6c,0x64,0x73,0xa1
	.byte 0x63,0x6d,0x69,0x6e,0xa1,0x68,0x74,0x79,0x70,0x65,0x5f,0x72,0x65,0x66,0x6f,0x70
	.byte 0x72,0x69,0x6d,0x69,0x74,0x69,0x76,0x65,0x2f,0x66,0x6c,0x6f,0x61,0x74,0x64,0x74
	.byte 0x79,0x70,0x65,0x6b,0x73,0x79,0x73,0x74,0x65,0x6d,0x2f,0x74,0x79,0x70,0x65,0x6c
	.byte 0x63,0x6f,0x6e,0x74,0x65,0x6e,0x74,0x5f,0x68,0x61,0x73,0x68,0x58,0x21,0x00,0x4d
	.byte 0x61,0x53,0xa0,0xfc,0x68,0xcd,0x7e,0xa2,0x3a,0xd1,0xff,0x8e,0x67,0x84,0x23,0xbf
	.byte 0x85,0xfe,0x60,0x79,0x39,0xb7,0x5f,0x4f,0x16,0xe9,0x68,0x11,0x57,0x4f,0xf7
.Ltb182:
	.byte 0xa3,0x64,0x64,0x61,0x74,0x61,0xa2,0x64,0x6e,0x61,0x6d,0x65,0x78,0x20,0x73,0x79
	.byte 0x73,0x74,0x65,0x6d,0x2f,0x74,0x79,0x70,0x65,0x2f,0x63,0x6f,0x6e,0x73,0x74,0x72
	.byte 0x61,0x69,0x6e,0x74,0x2f,0x6d,0x69,0x6e,0x2d,0x63,0x6f,0x75,0x6e,0x74,0x66,0x66
	.byte 0x69,0x65,0x6c,0x64,0x73,0xa1,0x69,0x6d,0x69,0x6e,0x5f,0x63,0x6f,0x75,0x6e,0x74
	.byte 0xa1,0x68,0x74,0x79,0x70,0x65,0x5f,0x72,0x65,0x66,0x6e,0x70,0x72,0x69,0x6d,0x69
	.byte 0x74,0x69,0x76,0x65,0x2f,0x75,0x69,0x6e,0x74,0x64,0x74,0x79,0x70,0x65,0x6b,0x73
	.byte 0x79,0x73,0x74,0x65,0x6d,0x2f,0x74,0x79,0x70,0x65,0x6c,0x63,0x6f,0x6e,0x74,0x65
	.byte 0x6e,0x74,0x5f,0x68,0x61,0x73,0x68,0x58,0x21,0x00,0xd5,0x96,0x15,0x57,0x61,0xf2
	.byte 0x4f,0x26,0xad,0x35,0x7c,0x2c,0xd7,0xd3,0xed,0x7b,0xe5,0xc3,0xa0,0x8c,0x39,0x88
	.byte 0x0b,0x9f,0xbc,0x42,0xbc,0x85,0x57,0xd8,0x27,0x66
.Ltb183:
	.byte 0xa3,0x64,0x64,0x61,0x74,0x61,0xa2,0x64,0x6e,0x61,0x6d,0x65,0x78,0x21,0x73,0x79
	.byte 0x73,0x74,0x65,0x6d,0x2f,0x74,0x79,0x70,0x65,0x2f,0x63,0x6f,0x6e,0x73,0x74,0x72
	.byte 0x61,0x69,0x6e,0x74,0x2f,0x6d,0x69,0x6e,0x2d,0x6c,0x65,0x6e,0x67,0x74,0x68,0x66
	.byte 0x66,0x69,0x65,0x6c,0x64,0x73,0xa1,0x6a,0x6d,0x69,0x6e,0x5f,0x6c,0x65,0x6e,0x67
	.byte 0x74,0x68,0xa1,0x68,0x74,0x79,0x70,0x65,0x5f,0x72,0x65,0x66,0x6e,0x70,0x72,0x69
	.byte 0x6d,0x69,0x74,0x69,0x76,0x65,0x2f,0x75,0x69,0x6e,0x74,0x64,0x74,0x79,0x70,0x65
	.byte 0x6b,0x73,0x79,0x73,0x74,0x65,0x6d,0x2f,0x74,0x79,0x70,0x65,0x6c,0x63,0x6f,0x6e
	.byte 0x74,0x65,0x6e,0x74,0x5f,0x68,0x61,0x73,0x68,0x58,0x21,0x00,0x2d,0x54,0xbc,0x94
	.byte 0xf7,0xcb,0xad,0xe7,0xdd,0x53,0x83,0x1c,0x94,0x4b,0x5b,0xc8,0xe2,0x84,0xad,0x32
	.byte 0x69,0x5e,0x84,0x8b,0xc1,0xa5,0x46,0x02,0x1f,0xaf,0xae,0x8a
.Ltb184:
	.byte 0xa3,0x64,0x64,0x61,0x74,0x61,0xa2,0x64,0x6e,0x61,0x6d,0x65,0x78,0x21,0x73,0x79
	.byte 0x73,0x74,0x65,0x6d,0x2f,0x74,0x79,0x70,0x65,0x2f,0x63,0x6f,0x6e,0x73,0x74,0x72
	.byte 0x61,0x69,0x6e,0x74,0x2f,0x6e,0x6f,0x74,0x2d,0x6f,0x6e,0x65,0x2d,0x6f,0x66,0x66
	.byte 0x66,0x69,0x65,0x6c,0x64,0x73,0xa1,0x66,0x76,0x61,0x6c,0x75,0x65,0x73,0xa1,0x68
	.byte 0x61,0x72,0x72,0x61,0x79,0x5f,0x6f,0x66,0xa1,0x68,0x74,0x79,0x70,0x65,0x5f,0x72
	.byte 0x65,0x66,0x6d,0x70,0x72,0x69,0x6d,0x69,0x74,0x69,0x76,0x65,0x2f,0x61,0x6e,0x79
	.byte 0x64,0x74,0x79,0x70,0x65,0x6b,0x73,0x79,0x73,0x74,0x65,0x6d,0x2f,0x74,0x79,0x70
	.byte 0x65,0x6c,0x63,0x6f,0x6e,0x74,0x65,0x6e,0x74,0x5f,0x68,0x61,0x73,0x68,0x58,0x21
	.byte 0x00,0xd9,0xe0,0xa1,0x1d,0x74,0x02,0xa6,0x91,0x04,0xad,0x0f,0x6d,0xa5,0xef,0xd8
	.byte 0x8a,0x47,0xc6,0xc7,0xd5,0xd6,0x7e,0x33,0x1c,0xab,0x2d,0x5c,0x86,0x59,0x7d,0xe6
	.byte 0x1b
.Ltb185:
	.byte 0xa3,0x64,0x64,0x61,0x74,0x61,0xa2,0x64,0x6e,0x61,0x6d,0x65,0x78,0x1d,0x73,0x79
	.byte 0x73,0x74,0x65,0x6d,0x2f,0x74,0x79,0x70,0x65,0x2f,0x63,0x6f,0x6e,0x73,0x74,0x72
	.byte 0x61,0x69,0x6e,0x74,0x2f,0x6f,0x6e,0x65,0x2d,0x6f,0x66,0x66,0x66,0x69,0x65,0x6c
	.byte 0x64,0x73,0xa1,0x66,0x76,0x61,0x6c,0x75,0x65,0x73,0xa1,0x68,0x61,0x72,0x72,0x61
	.byte 0x79,0x5f,0x6f,0x66,0xa1,0x68,0x74,0x79,0x70,0x65,0x5f,0x72,0x65,0x66,0x6d,0x70
	.byte 0x72,0x69,0x6d,0x69,0x74,0x69,0x76,0x65,0x2f,0x61,0x6e,0x79,0x64,0x74,0x79,0x70
	.byte 0x65,0x6b,0x73,0x79,0x73,0x74,0x65,0x6d,0x2f,0x74,0x79,0x70,0x65,0x6c,0x63,0x6f
	.byte 0x6e,0x74,0x65,0x6e,0x74,0x5f,0x68,0x61,0x73,0x68,0x58,0x21,0x00,0x6d,0x04,0xd7
	.byte 0x62,0xc7,0xf2,0x53,0x83,0x59,0x3a,0x8b,0xc3,0xda,0x3a,0xe6,0x89,0x82,0x4e,0x68
	.byte 0xb0,0x2e,0x6f,0xb7,0xf3,0x12,0x2e,0x97,0xb1,0x01,0x28,0x8d,0x9d
.Ltb186:
	.byte 0xa3,0x64,0x64,0x61,0x74,0x61,0xa2,0x64,0x6e,0x61,0x6d,0x65,0x78,0x1e,0x73,0x79
	.byte 0x73,0x74,0x65,0x6d,0x2f,0x74,0x79,0x70,0x65,0x2f,0x63,0x6f,0x6e,0x73,0x74,0x72
	.byte 0x61,0x69,0x6e,0x74,0x2f,0x70,0x61,0x74,0x74,0x65,0x72,0x6e,0x66,0x66,0x69,0x65
	.byte 0x6c,0x64,0x73,0xa1,0x67,0x70,0x61,0x74,0x74,0x65,0x72,0x6e,0xa1,0x68,0x74,0x79
	.byte 0x70,0x65,0x5f,0x72,0x65,0x66,0x70,0x70,0x72,0x69,0x6d,0x69,0x74,0x69,0x76,0x65
	.byte 0x2f,0x73,0x74,0x72,0x69,0x6e,0x67,0x64,0x74,0x79,0x70,0x65,0x6b,0x73,0x79,0x73
	.byte 0x74,0x65,0x6d,0x2f,0x74,0x79,0x70,0x65,0x6c,0x63,0x6f,0x6e,0x74,0x65,0x6e,0x74
	.byte 0x5f,0x68,0x61,0x73,0x68,0x58,0x21,0x00,0x76,0x95,0x2c,0x34,0x25,0x86,0x09,0x1a
	.byte 0x37,0x25,0xc4,0xbb,0x0b,0x6c,0xf7,0x3e,0x03,0xba,0xae,0x7c,0x13,0xe8,0x6b,0x27
	.byte 0x2b,0x9e,0x58,0x99,0x91,0x0a,0x24,0x6e
.Ltb187:
	.byte 0xa3,0x64,0x64,0x61,0x74,0x61,0xa2,0x64,0x6e,0x61,0x6d,0x65,0x78,0x23,0x73,0x79
	.byte 0x73,0x74,0x65,0x6d,0x2f,0x74,0x79,0x70,0x65,0x2f,0x63,0x6f,0x6e,0x73,0x74,0x72
	.byte 0x61,0x69,0x6e,0x74,0x2f,0x74,0x79,0x70,0x65,0x2d,0x70,0x61,0x74,0x74,0x65,0x72
	.byte 0x6e,0x66,0x66,0x69,0x65,0x6c,0x64,0x73,0xa1,0x67,0x70,0x61,0x74,0x74,0x65,0x72
	.byte 0x6e,0xa1,0x68,0x74,0x79,0x70,0x65,0x5f,0x72,0x65,0x66,0x70,0x70,0x72,0x69,0x6d
	.byte 0x69,0x74,0x69,0x76,0x65,0x2f,0x73,0x74,0x72,0x69,0x6e,0x67,0x64,0x74,0x79,0x70
	.byte 0x65,0x6b,0x73,0x79,0x73,0x74,0x65,0x6d,0x2f,0x74,0x79,0x70,0x65,0x6c,0x63,0x6f
	.byte 0x6e,0x74,0x65,0x6e,0x74,0x5f,0x68,0x61,0x73,0x68,0x58,0x21,0x00,0x86,0x97,0xa9
	.byte 0x3b,0x1e,0xff,0x2f,0xfb,0xe5,0xa6,0xb8,0x30,0x95,0x72,0xc2,0xad,0x21,0x65,0x86
	.byte 0x47,0x11,0x26,0xf6,0x6a,0xd4,0x90,0x84,0x07,0xb2,0x5b,0xa1,0x7e
.Ltb188:
	.byte 0xa3,0x64,0x64,0x61,0x74,0x61,0xa2,0x64,0x6e,0x61,0x6d,0x65,0x78,0x27,0x73,0x79
	.byte 0x73,0x74,0x65,0x6d,0x2f,0x74,0x79,0x70,0x65,0x2f,0x63,0x6f,0x6e,0x73,0x74,0x72
	.byte 0x61,0x69,0x6e,0x74,0x2f,0x76,0x61,0x6c,0x69,0x64,0x61,0x74,0x65,0x2d,0x72,0x65
	.byte 0x71,0x75,0x65,0x73,0x74,0x66,0x66,0x69,0x65,0x6c,0x64,0x73,0xa3,0x65,0x76,0x61
	.byte 0x6c,0x75,0x65,0xa1,0x68,0x74,0x79,0x70,0x65,0x5f,0x72,0x65,0x66,0x6d,0x70,0x72
	.byte 0x69,0x6d,0x69,0x74,0x69,0x76,0x65,0x2f,0x61,0x6e,0x79,0x6f,0x63,0x6f,0x6e,0x73
	.byte 0x74,0x72,0x61,0x69,0x6e,0x74,0x5f,0x64,0x61,0x74,0x61,0xa1,0x68,0x74,0x79,0x70
	.byte 0x65,0x5f,0x72,0x65,0x66,0x6d,0x70,0x72,0x69,0x6d,0x69,0x74,0x69,0x76,0x65,0x2f
	.byte 0x61,0x6e,0x79,0x6f,0x63,0x6f,0x6e,0x73,0x74,0x72,0x61,0x69,0x6e,0x74,0x5f,0x74
	.byte 0x79,0x70,0x65,0xa1,0x68,0x74,0x79,0x70,0x65,0x5f,0x72,0x65,0x66,0x70,0x73,0x79
	.byte 0x73,0x74,0x65,0x6d,0x2f,0x74,0x79,0x70,0x65,0x2f,0x6e,0x61,0x6d,0x65,0x64,0x74
	.byte 0x79,0x70,0x65,0x6b,0x73,0x79,0x73,0x74,0x65,0x6d,0x2f,0x74,0x79,0x70,0x65,0x6c
	.byte 0x63,0x6f,0x6e,0x74,0x65,0x6e,0x74,0x5f,0x68,0x61,0x73,0x68,0x58,0x21,0x00,0x13
	.byte 0xce,0xf6,0x7d,0xe8,0x6b,0x73,0x79,0x0b,0x2a,0x9e,0x47,0x00,0x35,0x58,0xf7,0x22
	.byte 0xce,0xc6,0x21,0x69,0x88,0xec,0x49,0x39,0x3d,0x56,0xc7,0xcb,0xf0,0x36,0x96
.Ltb189:
	.byte 0xa3,0x64,0x64,0x61,0x74,0x61,0xa2,0x64,0x6e,0x61,0x6d,0x65,0x78,0x26,0x73,0x79
	.byte 0x73,0x74,0x65,0x6d,0x2f,0x74,0x79,0x70,0x65,0x2f,0x63,0x6f,0x6e,0x73,0x74,0x72
	.byte 0x61,0x69,0x6e,0x74,0x2f,0x76,0x61,0x6c,0x69,0x64,0x61,0x74,0x65,0x2d,0x72,0x65
	.byte 0x73,0x75,0x6c,0x74,0x66,0x66,0x69,0x65,0x6c,0x64,0x73,0xa2,0x65,0x76,0x61,0x6c
	.byte 0x69,0x64,0xa1,0x68,0x74,0x79,0x70,0x65,0x5f,0x72,0x65,0x66,0x6e,0x70,0x72,0x69
	.byte 0x6d,0x69,0x74,0x69,0x76,0x65,0x2f,0x62,0x6f,0x6f,0x6c,0x66,0x72,0x65,0x61,0x73
	.byte 0x6f,0x6e,0xa2,0x68,0x6f,0x70,0x74,0x69,0x6f,0x6e,0x61,0x6c,0xf5,0x68,0x74,0x79
	.byte 0x70,0x65,0x5f,0x72,0x65,0x66,0x70,0x70,0x72,0x69,0x6d,0x69,0x74,0x69,0x76,0x65
	.byte 0x2f,0x73,0x74,0x72,0x69,0x6e,0x67,0x64,0x74,0x79,0x70,0x65,0x6b,0x73,0x79,0x73
	.byte 0x74,0x65,0x6d,0x2f,0x74,0x79,0x70,0x65,0x6c,0x63,0x6f,0x6e,0x74,0x65,0x6e,0x74
	.byte 0x5f,0x68,0x61,0x73,0x68,0x58,0x21,0x00,0x9c,0x1d,0x51,0x69,0x84,0x87,0x9c,0xa7
	.byte 0x1b,0x4f,0xe5,0x12,0xfa,0xad,0x1e,0xd5,0xf4,0xf0,0x3f,0x64,0x5a,0x64,0x6a,0xf3
	.byte 0xc1,0x91,0xb4,0x61,0x53,0xac,0xad,0xc6
.Ltb190:
	.byte 0xa3,0x64,0x64,0x61,0x74,0x61,0xa2,0x64,0x6e,0x61,0x6d,0x65,0x78,0x1c,0x73,0x79
	.byte 0x73,0x74,0x65,0x6d,0x2f,0x74,0x79,0x70,0x65,0x2f,0x63,0x6f,0x6e,0x76,0x65,0x72
	.byte 0x67,0x65,0x2d,0x72,0x65,0x71,0x75,0x65,0x73,0x74,0x66,0x66,0x69,0x65,0x6c,0x64
	.byte 0x73,0xa1,0x6a,0x74,0x79,0x70,0x65,0x5f,0x70,0x61,0x74,0x68,0x73,0xa1,0x68,0x61
	.byte 0x72,0x72,0x61,0x79,0x5f,0x6f,0x66,0xa1,0x68,0x74,0x79,0x70,0x65,0x5f,0x72,0x65
	.byte 0x66,0x70,0x73,0x79,0x73,0x74,0x65,0x6d,0x2f,0x74,0x72,0x65,0x65,0x2f,0x70,0x61
	.byte 0x74,0x68,0x64,0x74,0x79,0x70,0x65,0x6b,0x73,0x79,0x73,0x74,0x65,0x6d,0x2f,0x74
	.byte 0x79,0x70,0x65,0x6c,0x63,0x6f,0x6e,0x74,0x65,0x6e,0x74,0x5f,0x68,0x61,0x73,0x68
	.byte 0x58,0x21,0x00,0x7c,0xe2,0x79,0xb3,0xd1,0xb4,0xdd,0xc3,0x92,0x12,0x47,0x15,0xe5
	.byte 0xc1,0x9c,0xc4,0xe1,0xfe,0xa7,0x1a,0x8c,0xc5,0x76,0xcc,0xfc,0x8f,0x6d,0xef,0x04
	.byte 0x1a,0xf9,0x8e
.Ltb191:
	.byte 0xa3,0x64,0x64,0x61,0x74,0x61,0xa2,0x64,0x6e,0x61,0x6d,0x65,0x78,0x1c,0x73,0x79
	.byte 0x73,0x74,0x65,0x6d,0x2f,0x74,0x79,0x70,0x65,0x2f,0x66,0x69,0x65,0x6c,0x64,0x2d
	.byte 0x63,0x6f,0x6d,0x70,0x61,0x72,0x69,0x73,0x6f,0x6e,0x66,0x66,0x69,0x65,0x6c,0x64
	.byte 0x73,0xa5,0x66,0x64,0x65,0x74,0x61,0x69,0x6c,0xa2,0x68,0x6f,0x70,0x74,0x69,0x6f
	.byte 0x6e,0x61,0x6c,0xf5,0x68,0x74,0x79,0x70,0x65,0x5f,0x72,0x65,0x66,0x70,0x70,0x72
	.byte 0x69,0x6d,0x69,0x74,0x69,0x76,0x65,0x2f,0x73,0x74,0x72,0x69,0x6e,0x67,0x6a,0x61
	.byte 0x5f,0x6f,0x70,0x74,0x69,0x6f,0x6e,0x61,0x6c,0xa1,0x68,0x74,0x79,0x70,0x65,0x5f
	.byte 0x72,0x65,0x66,0x6e,0x70,0x72,0x69,0x6d,0x69,0x74,0x69,0x76,0x65,0x2f,0x62,0x6f
	.byte 0x6f,0x6c,0x6a,0x62,0x5f,0x6f,0x70,0x74,0x69,0x6f,0x6e,0x61,0x6c,0xa1,0x68,0x74
	.byte 0x79,0x70,0x65,0x5f,0x72,0x65,0x66,0x6e,0x70,0x72,0x69,0x6d,0x69,0x74,0x69,0x76
	.byte 0x65,0x2f,0x62,0x6f,0x6f,0x6c,0x6a,0x74,0x79,0x70,0x65,0x5f,0x6d,0x61,0x74,0x63
	.byte 0x68,0xa1,0x68,0x74,0x79,0x70,0x65,0x5f,0x72,0x65,0x66,0x6e,0x70,0x72,0x69,0x6d
	.byte 0x69,0x74,0x69,0x76,0x65,0x2f,0x62,0x6f,0x6f,0x6c,0x70,0x63,0x6f,0x6e,0x73,0x74
	.byte 0x72,0x61,0x69,0x6e,0x74,0x5f,0x6d,0x61,0x74,0x63,0x68,0xa1,0x68,0x74,0x79,0x70
	.byte 0x65,0x5f,0x72,0x65,0x66,0x6e,0x70,0x72,0x69,0x6d,0x69,0x74,0x69,0x76,0x65,0x2f
	.byte 0x62,0x6f,0x6f,0x6c,0x64,0x74,0x79,0x70,0x65,0x6b,0x73,0x79,0x73,0x74,0x65,0x6d
	.byte 0x2f,0x74,0x79,0x70,0x65,0x6c,0x63,0x6f,0x6e,0x74,0x65,0x6e,0x74,0x5f,0x68,0x61
	.byte 0x73,0x68,0x58,0x21,0x00,0xc5,0x70,0x0d,0x53,0xf3,0xc7,0xba,0x91,0x24,0x76,0x69
	.byte 0x6d,0x62,0x6a,0xb3,0x36,0x56,0x2f,0x81,0xef,0x65,0x9b,0x37,0x84,0xdd,0x7d,0x71
	.byte 0xea,0x4a,0x19,0xed,0xf5
.Ltb192:
	.byte 0xa3,0x64,0x64,0x61,0x74,0x61,0xa2,0x64,0x6e,0x61,0x6d,0x65,0x78,0x21,0x73,0x79
	.byte 0x73,0x74,0x65,0x6d,0x2f,0x74,0x79,0x70,0x65,0x2f,0x66,0x69,0x65,0x6c,0x64,0x2d
	.byte 0x69,0x6e,0x63,0x6f,0x6d,0x70,0x61,0x74,0x69,0x62,0x69,0x6c,0x69,0x74,0x79,0x66
	.byte 0x66,0x69,0x65,0x6c,0x64,0x73,0xa4,0x66,0x61,0x5f,0x74,0x79,0x70,0x65,0xa1,0x68
	.byte 0x74,0x79,0x70,0x65,0x5f,0x72,0x65,0x66,0x70,0x73,0x79,0x73,0x74,0x65,0x6d,0x2f
	.byte 0x74,0x79,0x70,0x65,0x2f,0x6e,0x61,0x6d,0x65,0x66,0x62,0x5f,0x74,0x79,0x70,0x65
	.byte 0xa1,0x68,0x74,0x79,0x70,0x65,0x5f,0x72,0x65,0x66,0x70,0x73,0x79,0x73,0x74,0x65
	.byte 0x6d,0x2f,0x74,0x79,0x70,0x65,0x2f,0x6e,0x61,0x6d,0x65,0x66,0x72,0x65,0x61,0x73
	.byte 0x6f,0x6e,0xa1,0x68,0x74,0x79,0x70,0x65,0x5f,0x72,0x65,0x66,0x70,0x70,0x72,0x69
	.byte 0x6d,0x69,0x74,0x69,0x76,0x65,0x2f,0x73,0x74,0x72,0x69,0x6e,0x67,0x6a,0x66,0x69
	.byte 0x65,0x6c,0x64,0x5f,0x6e,0x61,0x6d,0x65,0xa1,0x68,0x74,0x79,0x70,0x65,0x5f,0x72
	.byte 0x65,0x66,0x70,0x70,0x72,0x69,0x6d,0x69,0x74,0x69,0x76,0x65,0x2f,0x73,0x74,0x72
	.byte 0x69,0x6e,0x67,0x64,0x74,0x79,0x70,0x65,0x6b,0x73,0x79,0x73,0x74,0x65,0x6d,0x2f
	.byte 0x74,0x79,0x70,0x65,0x6c,0x63,0x6f,0x6e,0x74,0x65,0x6e,0x74,0x5f,0x68,0x61,0x73
	.byte 0x68,0x58,0x21,0x00,0x69,0x90,0xd4,0xc8,0x33,0xf6,0x53,0x8e,0x3e,0x1f,0x6b,0x05
	.byte 0x38,0x06,0x3a,0x89,0x05,0x20,0x6e,0xe3,0x99,0xfe,0xb7,0x1e,0x29,0xcc,0x48,0x94
	.byte 0x87,0x59,0x8c,0x1b
.Ltb193:
	.byte 0xa3,0x64,0x64,0x61,0x74,0x61,0xa2,0x64,0x6e,0x61,0x6d,0x65,0x76,0x73,0x79,0x73
	.byte 0x74,0x65,0x6d,0x2f,0x74,0x79,0x70,0x65,0x2f,0x66,0x69,0x65,0x6c,0x64,0x2d,0x73
	.byte 0x70,0x65,0x63,0x66,0x66,0x69,0x65,0x6c,0x64,0x73,0xab,0x66,0x6d,0x61,0x70,0x5f
	.byte 0x6f,0x66,0xa2,0x68,0x6f,0x70,0x74,0x69,0x6f,0x6e,0x61,0x6c,0xf5,0x68,0x74,0x79
	.byte 0x70,0x65,0x5f,0x72,0x65,0x66,0x76,0x73,0x79,0x73,0x74,0x65,0x6d,0x2f,0x74,0x79
	.byte 0x70,0x65,0x2f,0x66,0x69,0x65,0x6c,0x64,0x2d,0x73,0x70,0x65,0x63,0x67,0x64,0x65
	.byte 0x66,0x61,0x75,0x6c,0x74,0xa2,0x68,0x6f,0x70,0x74,0x69,0x6f,0x6e,0x61,0x6c,0xf5
	.byte 0x68,0x74,0x79,0x70,0x65,0x5f,0x72,0x65,0x66,0x6d,0x70,0x72,0x69,0x6d,0x69,0x74
	.byte 0x69,0x76,0x65,0x2f,0x61,0x6e,0x79,0x68,0x61,0x72,0x72,0x61,0x79,0x5f,0x6f,0x66
	.byte 0xa2,0x68,0x6f,0x70,0x74,0x69,0x6f,0x6e,0x61,0x6c,0xf5,0x68,0x74,0x79,0x70,0x65
	.byte 0x5f,0x72,0x65,0x66,0x76,0x73,0x79,0x73,0x74,0x65,0x6d,0x2f,0x74,0x79,0x70,0x65
	.byte 0x2f,0x66,0x69,0x65,0x6c,0x64,0x2d,0x73,0x70,0x65,0x63,0x68,0x6b,0x65,0x79,0x5f
	.byte 0x74,0x79,0x70,0x65,0xa2,0x68,0x6f,0x70,0x74,0x69,0x6f,0x6e,0x61,0x6c,0xf5,0x68
	.byte 0x74,0x79,0x70,0x65,0x5f,0x72,0x65,0x66,0x70,0x73,0x79,0x73,0x74,0x65,0x6d,0x2f
	.byte 0x74,0x79,0x70,0x65,0x2f,0x6e,0x61,0x6d,0x65,0x68,0x6f,0x70,0x74,0x69,0x6f,0x6e
	.byte 0x61,0x6c,0xa2,0x68,0x6f,0x70,0x74,0x69,0x6f,0x6e,0x61,0x6c,0xf5,0x68,0x74,0x79
	.byte 0x70,0x65,0x5f,0x72,0x65,0x66,0x6e,0x70,0x72,0x69,0x6d,0x69,0x74,0x69,0x76,0x65
	.byte 0x2f,0x62,0x6f,0x6f,0x6c,0x68,0x74,0x79,0x70,0x65,0x5f,0x72,0x65,0x66,0xa2,0x68
	.byte 0x6f,0x70,0x74,0x69,0x6f,0x6e,0x61,0x6c,0xf5,0x68,0x74,0x79,0x70,0x65,0x5f,0x72
	.byte 0x65,0x66,0x70,0x73,0x79,0x73,0x74,0x65,0x6d,0x2f,0x74,0x79,0x70,0x65,0x2f,0x6e
	.byte 0x61,0x6d,0x65,0x68,0x75,0x6e,0x69,0x6f,0x6e,0x5f,0x6f,0x66,0xa2,0x68,0x61,0x72
	.byte 0x72,0x61,0x79,0x5f,0x6f,0x66,0xa1,0x68,0x74,0x79,0x70,0x65,0x5f,0x72,0x65,0x66
	.byte 0x76,0x73,0x79,0x73,0x74,0x65,0x6d,0x2f,0x74,0x79,0x70,0x65,0x2f,0x66,0x69,0x65
	.byte 0x6c,0x64,0x2d,0x73,0x70,0x65,0x63,0x68,0x6f,0x70,0x74,0x69,0x6f,0x6e,0x61,0x6c
	.byte 0xf5,0x69,0x62,0x79,0x74,0x65,0x5f,0x73,0x69,0x7a,0x65,0xa2,0x68,0x6f,0x70,0x74
	.byte 0x69,0x6f,0x6e,0x61,0x6c,0xf5,0x68,0x74,0x79,0x70,0x65,0x5f,0x72,0x65,0x66,0x6e
	.byte 0x70,0x72,0x69,0x6d,0x69,0x74,0x69,0x76,0x65,0x2f,0x75,0x69,0x6e,0x74,0x69,0x74
	.byte 0x79,0x70,0x65,0x5f,0x61,0x72,0x67,0x73,0xa2,0x66,0x6d,0x61,0x70,0x5f,0x6f,0x66
	.byte 0xa1,0x68,0x74,0x79,0x70,0x65,0x5f,0x72,0x65,0x66,0x70,0x73,0x79,0x73,0x74,0x65
	.byte 0x6d,0x2f,0x74,0x79,0x70,0x65,0x2f,0x6e,0x61,0x6d,0x65,0x68,0x6f,0x70,0x74,0x69
	.byte 0x6f,0x6e,0x61,0x6c,0xf5,0x6a,0x74,0x79,0x70,0x65,0x5f,0x70,0x61,0x72,0x61,0x6d
	.byte 0xa2,0x68,0x6f,0x70,0x74,0x69,0x6f,0x6e,0x61,0x6c,0xf5,0x68,0x74,0x79,0x70,0x65
	.byte 0x5f,0x72,0x65,0x66,0x70,0x70,0x72,0x69,0x6d,0x69,0x74,0x69,0x76,0x65,0x2f,0x73
	.byte 0x74,0x72,0x69,0x6e,0x67,0x6b,0x63,0x6f,0x6e,0x73,0x74,0x72,0x61,0x69,0x6e,0x74
	.byte 0x73,0xa2,0x68,0x61,0x72,0x72,0x61,0x79,0x5f,0x6f,0x66,0xa1,0x68,0x74,0x79,0x70
	.byte 0x65,0x5f,0x72,0x65,0x66,0x6b,0x63,0x6f,0x72,0x65,0x2f,0x65,0x6e,0x74,0x69,0x74
	.byte 0x79,0x68,0x6f,0x70,0x74,0x69,0x6f,0x6e,0x61,0x6c,0xf5,0x64,0x74,0x79,0x70,0x65
	.byte 0x6b,0x73,0x79,0x73,0x74,0x65,0x6d,0x2f,0x74,0x79,0x70,0x65,0x6c,0x63,0x6f,0x6e
	.byte 0x74,0x65,0x6e,0x74,0x5f,0x68,0x61,0x73,0x68,0x58,0x21,0x00,0xe1,0xbc,0xd0,0x7a
	.byte 0xcb,0xa2,0x5f,0xd3,0x04,0xdf,0x06,0x38,0xb5,0xdd,0xb4,0x57,0x63,0x04,0xd2,0xa5
	.byte 0x0a,0x14,0xe7,0xd8,0x93,0x06,0x93,0xf5,0xc1,0xf2,0xa8,0xe6
.Ltb194:
	.byte 0xa3,0x64,0x64,0x61,0x74,0x61,0xa2,0x64,0x6e,0x61,0x6d,0x65,0x70,0x73,0x79,0x73
	.byte 0x74,0x65,0x6d,0x2f,0x74,0x79,0x70,0x65,0x2f,0x6e,0x61,0x6d,0x65,0x67,0x65,0x78
	.byte 0x74,0x65,0x6e,0x64,0x73,0x70,0x70,0x72,0x69,0x6d,0x69,0x74,0x69,0x76,0x65,0x2f
	.byte 0x73,0x74,0x72,0x69,0x6e,0x67,0x64,0x74,0x79,0x70,0x65,0x6b,0x73,0x79,0x73,0x74
	.byte 0x65,0x6d,0x2f,0x74,0x79,0x70,0x65,0x6c,0x63,0x6f,0x6e,0x74,0x65,0x6e,0x74,0x5f
	.byte 0x68,0x61,0x73,0x68,0x58,0x21,0x00,0x4b,0x09,0xba,0x68,0xd2,0x73,0x07,0xdb,0xc2
	.byte 0x8b,0xdb,0xf8,0x32,0xd7,0xb4,0xa1,0x32,0x0f,0xc5,0xf7,0xea,0xbd,0x60,0x7b,0x51
	.byte 0x5f,0x72,0xa7,0x2e,0x7a,0x08,0x62
.Ltb195:
	.byte 0xa3,0x64,0x64,0x61,0x74,0x61,0xa2,0x64,0x6e,0x61,0x6d,0x65,0x78,0x1d,0x73,0x79
	.byte 0x73,0x74,0x65,0x6d,0x2f,0x74,0x79,0x70,0x65,0x2f,0x72,0x65,0x63,0x6f,0x6e,0x63
	.byte 0x69,0x6c,0x65,0x2d,0x72,0x65,0x71,0x75,0x65,0x73,0x74,0x66,0x66,0x69,0x65,0x6c
	.byte 0x64,0x73,0xa2,0x68,0x73,0x74,0x72,0x61,0x74,0x65,0x67,0x79,0xa2,0x68,0x74,0x79
	.byte 0x70,0x65,0x5f,0x72,0x65,0x66,0x70,0x70,0x72,0x69,0x6d,0x69,0x74,0x69,0x76,0x65
	.byte 0x2f,0x73,0x74,0x72,0x69,0x6e,0x67,0x6b,0x63,0x6f,0x6e,0x73,0x74,0x72,0x61,0x69
	.byte 0x6e,0x74,0x73,0x81,0xa3,0x64,0x64,0x61,0x74,0x61,0xa1,0x66,0x76,0x61,0x6c,0x75
	.byte 0x65,0x73,0x83,0x69,0x69,0x6e,0x74,0x65,0x72,0x73,0x65,0x63,0x74,0x65,0x75,0x6e
	.byte 0x69,0x6f,0x6e,0x66,0x70,0x72,0x65,0x66,0x65,0x72,0x64,0x74,0x79,0x70,0x65,0x78
	.byte 0x1d,0x73,0x79,0x73,0x74,0x65,0x6d,0x2f,0x74,0x79,0x70,0x65,0x2f,0x63,0x6f,0x6e
	.byte 0x73,0x74,0x72,0x61,0x69,0x6e,0x74,0x2f,0x6f,0x6e,0x65,0x2d,0x6f,0x66,0x6c,0x63
	.byte 0x6f,0x6e,0x74,0x65,0x6e,0x74,0x5f,0x68,0x61,0x73,0x68,0x58,0x21,0x00,0xc4,0x67
	.byte 0xc7,0x7c,0xa7,0xae,0x1d,0x49,0xe9,0xf8,0x38,0x27,0xd3,0x51,0xf7,0x9d,0xc9,0xd4
	.byte 0xba,0x74,0x08,0xda,0xd7,0x45,0x34,0x66,0x38,0x31,0xc8,0x8d,0x1b,0xbd,0x6a,0x74
	.byte 0x79,0x70,0x65,0x5f,0x70,0x61,0x74,0x68,0x73,0xa1,0x68,0x61,0x72,0x72,0x61,0x79
	.byte 0x5f,0x6f,0x66,0xa1,0x68,0x74,0x79,0x70,0x65,0x5f,0x72,0x65,0x66,0x70,0x73,0x79
	.byte 0x73,0x74,0x65,0x6d,0x2f,0x74,0x72,0x65,0x65,0x2f,0x70,0x61,0x74,0x68,0x64,0x74
	.byte 0x79,0x70,0x65,0x6b,0x73,0x79,0x73,0x74,0x65,0x6d,0x2f,0x74,0x79,0x70,0x65,0x6c
	.byte 0x63,0x6f,0x6e,0x74,0x65,0x6e,0x74,0x5f,0x68,0x61,0x73,0x68,0x58,0x21,0x00,0x4d
	.byte 0xbb,0xb6,0xa1,0xe0,0xcb,0x55,0x37,0x66,0xc5,0x96,0x81,0xf8,0xf4,0x3f,0x86,0xc4
	.byte 0x91,0x89,0x3c,0xb6,0x72,0x15,0x29,0x77,0xaf,0xed,0x10,0xb7,0x89,0xd6,0xae
.Ltb196:
	.byte 0xa3,0x64,0x64,0x61,0x74,0x61,0xa2,0x64,0x6e,0x61,0x6d,0x65,0x78,0x1c,0x73,0x79
	.byte 0x73,0x74,0x65,0x6d,0x2f,0x74,0x79,0x70,0x65,0x2f,0x72,0x65,0x63,0x6f,0x6e,0x63
	.byte 0x69,0x6c,0x65,0x2d,0x72,0x65,0x73,0x75,0x6c,0x74,0x66,0x66,0x69,0x65,0x6c,0x64
	.byte 0x73,0xa6,0x67,0x73,0x6f,0x75,0x72,0x63,0x65,0x73,0xa1,0x68,0x61,0x72,0x72,0x61
	.byte 0x79,0x5f,0x6f,0x66,0xa1,0x68,0x74,0x79,0x70,0x65,0x5f,0x72,0x65,0x66,0x70,0x73
	.byte 0x79,0x73,0x74,0x65,0x6d,0x2f,0x74,0x72,0x65,0x65,0x2f,0x70,0x61,0x74,0x68,0x6d
	.byte 0x73,0x74,0x72,0x61,0x74,0x65,0x67,0x79,0x5f,0x75,0x73,0x65,0x64,0xa1,0x68,0x74
	.byte 0x79,0x70,0x65,0x5f,0x72,0x65,0x66,0x70,0x70,0x72,0x69,0x6d,0x69,0x74,0x69,0x76
	.byte 0x65,0x2f,0x73,0x74,0x72,0x69,0x6e,0x67,0x6e,0x66,0x69,0x65,0x6c,0x64,0x73,0x5f
	.byte 0x64,0x72,0x6f,0x70,0x70,0x65,0x64,0xa2,0x68,0x61,0x72,0x72,0x61,0x79,0x5f,0x6f
	.byte 0x66,0xa1,0x68,0x74,0x79,0x70,0x65,0x5f,0x72,0x65,0x66,0x70,0x70,0x72,0x69,0x6d
	.byte 0x69,0x74,0x69,0x76,0x65,0x2f,0x73,0x74,0x72,0x69,0x6e,0x67,0x68,0x6f,0x70,0x74
	.byte 0x69,0x6f,0x6e,0x61,0x6c,0xf5,0x6f,0x72,0x65,0x63,0x6f,0x6e,0x63,0x69,0x6c,0x65
	.byte 0x64,0x5f,0x74,0x79,0x70,0x65,0xa1,0x68,0x74,0x79,0x70,0x65,0x5f,0x72,0x65,0x66
	.byte 0x6b,0x63,0x6f,0x72,0x65,0x2f,0x65,0x6e,0x74,0x69,0x74,0x79,0x71,0x69,0x6e,0x63
	.byte 0x6f,0x6d,0x70,0x61,0x74,0x69,0x62,0x69,0x6c,0x69,0x74,0x69,0x65,0x73,0xa2,0x68
	.byte 0x61,0x72,0x72,0x61,0x79,0x5f,0x6f,0x66,0xa1,0x68,0x74,0x79,0x70,0x65,0x5f,0x72
	.byte 0x65,0x66,0x78,0x21,0x73,0x79,0x73,0x74,0x65,0x6d,0x2f,0x74,0x79,0x70,0x65,0x2f
	.byte 0x66,0x69,0x65,0x6c,0x64,0x2d,0x69,0x6e,0x63,0x6f,0x6d,0x70,0x61,0x74,0x69,0x62
	.byte 0x69,0x6c,0x69,0x74,0x79,0x68,0x6f,0x70,0x74,0x69,0x6f,0x6e,0x61,0x6c,0xf5,0x74
	.byte 0x66,0x69,0x65,0x6c,0x64,0x73,0x5f,0x6d,0x61,0x64,0x65,0x5f,0x6f,0x70,0x74,0x69
	.byte 0x6f,0x6e,0x61,0x6c,0xa2,0x68,0x61,0x72,0x72,0x61,0x79,0x5f,0x6f,0x66,0xa1,0x68
	.byte 0x74,0x79,0x70,0x65,0x5f,0x72,0x65,0x66,0x70,0x70,0x72,0x69,0x6d,0x69,0x74,0x69
	.byte 0x76,0x65,0x2f,0x73,0x74,0x72,0x69,0x6e,0x67,0x68,0x6f,0x70,0x74,0x69,0x6f,0x6e
	.byte 0x61,0x6c,0xf5,0x64,0x74,0x79,0x70,0x65,0x6b,0x73,0x79,0x73,0x74,0x65,0x6d,0x2f
	.byte 0x74,0x79,0x70,0x65,0x6c,0x63,0x6f,0x6e,0x74,0x65,0x6e,0x74,0x5f,0x68,0x61,0x73
	.byte 0x68,0x58,0x21,0x00,0xaa,0x05,0x8e,0xe6,0xec,0xe2,0x1c,0x31,0xbc,0x6f,0x94,0x30
	.byte 0x52,0xa4,0x14,0x01,0x73,0x25,0x54,0x1b,0xae,0x47,0xbd,0x11,0x32,0x00,0xfa,0x7c
	.byte 0x58,0xca,0x79,0x10
.Ltb197:
	.byte 0xa3,0x64,0x64,0x61,0x74,0x61,0xa2,0x64,0x6e,0x61,0x6d,0x65,0x78,0x1c,0x73,0x79
	.byte 0x73,0x74,0x65,0x6d,0x2f,0x74,0x79,0x70,0x65,0x2f,0x76,0x61,0x6c,0x69,0x64,0x61
	.byte 0x74,0x65,0x2d,0x72,0x65,0x71,0x75,0x65,0x73,0x74,0x66,0x66,0x69,0x65,0x6c,0x64
	.byte 0x73,0xa2,0x66,0x65,0x6e,0x74,0x69,0x74,0x79,0xa1,0x68,0x74,0x79,0x70,0x65,0x5f
	.byte 0x72,0x65,0x66,0x6b,0x63,0x6f,0x72,0x65,0x2f,0x65,0x6e,0x74,0x69,0x74,0x79,0x69
	.byte 0x74,0x79,0x70,0x65,0x5f,0x70,0x61,0x74,0x68,0xa2,0x68,0x6f,0x70,0x74,0x69,0x6f
	.byte 0x6e,0x61,0x6c,0xf5,0x68,0x74,0x79,0x70,0x65,0x5f,0x72,0x65,0x66,0x70,0x73,0x79
	.byte 0x73,0x74,0x65,0x6d,0x2f,0x74,0x79,0x70,0x65,0x2f,0x6e,0x61,0x6d,0x65,0x64,0x74
	.byte 0x79,0x70,0x65,0x6b,0x73,0x79,0x73,0x74,0x65,0x6d,0x2f,0x74,0x79,0x70,0x65,0x6c
	.byte 0x63,0x6f,0x6e,0x74,0x65,0x6e,0x74,0x5f,0x68,0x61,0x73,0x68,0x58,0x21,0x00,0xb5
	.byte 0x2b,0x1d,0xcc,0x43,0x22,0x9a,0x47,0x81,0x08,0x17,0x70,0xdf,0xa9,0x25,0x6a,0xb1
	.byte 0xdd,0x28,0x32,0x4f,0x13,0x20,0x56,0x15,0x11,0xe0,0x9c,0xcd,0x67,0xf4,0x44
.Ltb198:
	.byte 0xa3,0x64,0x64,0x61,0x74,0x61,0xa2,0x64,0x6e,0x61,0x6d,0x65,0x78,0x1b,0x73,0x79
	.byte 0x73,0x74,0x65,0x6d,0x2f,0x74,0x79,0x70,0x65,0x2f,0x76,0x61,0x6c,0x69,0x64,0x61
	.byte 0x74,0x65,0x2d,0x72,0x65,0x73,0x75,0x6c,0x74,0x66,0x66,0x69,0x65,0x6c,0x64,0x73
	.byte 0xa3,0x65,0x76,0x61,0x6c,0x69,0x64,0xa1,0x68,0x74,0x79,0x70,0x65,0x5f,0x72,0x65
	.byte 0x66,0x6e,0x70,0x72,0x69,0x6d,0x69,0x74,0x69,0x76,0x65,0x2f,0x62,0x6f,0x6f,0x6c
	.byte 0x6a,0x76,0x69,0x6f,0x6c,0x61,0x74,0x69,0x6f,0x6e,0x73,0xa2,0x68,0x61,0x72,0x72
	.byte 0x61,0x79,0x5f,0x6f,0x66,0xa1,0x68,0x74,0x79,0x70,0x65,0x5f,0x72,0x65,0x66,0x75
	.byte 0x73,0x79,0x73,0x74,0x65,0x6d,0x2f,0x74,0x79,0x70,0x65,0x2f,0x76,0x69,0x6f,0x6c
	.byte 0x61,0x74,0x69,0x6f,0x6e,0x68,0x6f,0x70,0x74,0x69,0x6f,0x6e,0x61,0x6c,0xf5,0x72
	.byte 0x75,0x6e,0x65,0x76,0x61,0x6c,0x75,0x61,0x74,0x65,0x64,0x5f,0x66,0x69,0x65,0x6c
	.byte 0x64,0x73,0xa2,0x68,0x61,0x72,0x72,0x61,0x79,0x5f,0x6f,0x66,0xa1,0x68,0x74,0x79
	.byte 0x70,0x65,0x5f,0x72,0x65,0x66,0x70,0x70,0x72,0x69,0x6d,0x69,0x74,0x69,0x76,0x65
	.byte 0x2f,0x73,0x74,0x72,0x69,0x6e,0x67,0x68,0x6f,0x70,0x74,0x69,0x6f,0x6e,0x61,0x6c
	.byte 0xf5,0x64,0x74,0x79,0x70,0x65,0x6b,0x73,0x79,0x73,0x74,0x65,0x6d,0x2f,0x74,0x79
	.byte 0x70,0x65,0x6c,0x63,0x6f,0x6e,0x74,0x65,0x6e,0x74,0x5f,0x68,0x61,0x73,0x68,0x58
	.byte 0x21,0x00,0x4c,0x31,0xf7,0xd7,0x62,0x2e,0xaa,0x2d,0xd9,0xa0,0x20,0xa1,0x5f,0x4e
	.byte 0xec,0x51,0xe2,0x33,0x41,0xfb,0x35,0xac,0xf7,0x7a,0xd5,0x67,0x60,0x15,0x04,0x82
	.byte 0x0c,0xd6
.Ltb199:
	.byte 0xa3,0x64,0x64,0x61,0x74,0x61,0xa2,0x64,0x6e,0x61,0x6d,0x65,0x75,0x73,0x79,0x73
	.byte 0x74,0x65,0x6d,0x2f,0x74,0x79,0x70,0x65,0x2f,0x76,0x69,0x6f,0x6c,0x61,0x74,0x69
	.byte 0x6f,0x6e,0x66,0x66,0x69,0x65,0x6c,0x64,0x73,0xa4,0x64,0x6b,0x69,0x6e,0x64,0xa2
	.byte 0x68,0x74,0x79,0x70,0x65,0x5f,0x72,0x65,0x66,0x70,0x70,0x72,0x69,0x6d,0x69,0x74
	.byte 0x69,0x76,0x65,0x2f,0x73,0x74,0x72,0x69,0x6e,0x67,0x6b,0x63,0x6f,0x6e,0x73,0x74
	.byte 0x72,0x61,0x69,0x6e,0x74,0x73,0x81,0xa3,0x64,0x64,0x61,0x74,0x61,0xa1,0x66,0x76
	.byte 0x61,0x6c,0x75,0x65,0x73,0x83,0x6a,0x73,0x74,0x72,0x75,0x63,0x74,0x75,0x72,0x61
	.byte 0x6c,0x6a,0x63,0x6f,0x6e,0x73,0x74,0x72,0x61,0x69,0x6e,0x74,0x72,0x75,0x6e,0x6b
	.byte 0x6e,0x6f,0x77,0x6e,0x5f,0x63,0x6f,0x6e,0x73,0x74,0x72,0x61,0x69,0x6e,0x74,0x64
	.byte 0x74,0x79,0x70,0x65,0x78,0x1d,0x73,0x79,0x73,0x74,0x65,0x6d,0x2f,0x74,0x79,0x70
	.byte 0x65,0x2f,0x63,0x6f,0x6e,0x73,0x74,0x72,0x61,0x69,0x6e,0x74,0x2f,0x6f,0x6e,0x65
	.byte 0x2d,0x6f,0x66,0x6c,0x63,0x6f,0x6e,0x74,0x65,0x6e,0x74,0x5f,0x68,0x61,0x73,0x68
	.byte 0x58,0x21,0x00,0x7b,0x69,0xa2,0x94,0xaa,0xa1,0x6e,0xf3,0xbd,0x25,0x0a,0xb3,0x1d
	.byte 0x7b,0x17,0xe2,0x85,0xc2,0x16,0x35,0x09,0x2d,0xc1,0x82,0xaf,0x59,0x1c,0x34,0xd7
	.byte 0x52,0xdd,0xd0,0x65,0x66,0x69,0x65,0x6c,0x64,0xa1,0x68,0x74,0x79,0x70,0x65,0x5f
	.byte 0x72,0x65,0x66,0x70,0x70,0x72,0x69,0x6d,0x69,0x74,0x69,0x76,0x65,0x2f,0x73,0x74
	.byte 0x72,0x69,0x6e,0x67,0x66,0x72,0x65,0x61,0x73,0x6f,0x6e,0xa1,0x68,0x74,0x79,0x70
	.byte 0x65,0x5f,0x72,0x65,0x66,0x70,0x70,0x72,0x69,0x6d,0x69,0x74,0x69,0x76,0x65,0x2f
	.byte 0x73,0x74,0x72,0x69,0x6e,0x67,0x6a,0x63,0x6f,0x6e,0x73,0x74,0x72,0x61,0x69,0x6e
	.byte 0x74,0xa2,0x68,0x6f,0x70,0x74,0x69,0x6f,0x6e,0x61,0x6c,0xf5,0x68,0x74,0x79,0x70
	.byte 0x65,0x5f,0x72,0x65,0x66,0x70,0x73,0x79,0x73,0x74,0x65,0x6d,0x2f,0x74,0x79,0x70
	.byte 0x65,0x2f,0x6e,0x61,0x6d,0x65,0x64,0x74,0x79,0x70,0x65,0x6b,0x73,0x79,0x73,0x74
	.byte 0x65,0x6d,0x2f,0x74,0x79,0x70,0x65,0x6c,0x63,0x6f,0x6e,0x74,0x65,0x6e,0x74,0x5f
	.byte 0x68,0x61,0x73,0x68,0x58,0x21,0x00,0x7a,0x15,0x34,0x53,0xb5,0x8f,0x7c,0xdb,0x37
	.byte 0xca,0x59,0x17,0x04,0x75,0x62,0x59,0x3e,0xd8,0x95,0x6c,0xf5,0x6a,0x10,0x31,0x89
	.byte 0x67,0x7a,0x00,0xd2,0x81,0xd4,0xe3
.Ltb200:
	.byte 0xa3,0x64,0x64,0x61,0x74,0x61,0xa4,0x64,0x70,0x61,0x74,0x68,0x6f,0x73,0x79,0x73
	.byte 0x74,0x65,0x6d,0x2f,0x68,0x61,0x6e,0x64,0x6c,0x65,0x72,0x2f,0x65,0x63,0x6f,0x75
	.byte 0x6e,0x74,0x02,0x66,0x6f,0x66,0x66,0x73,0x65,0x74,0x00,0x67,0x65,0x6e,0x74,0x72
	.byte 0x69,0x65,0x73,0xa2,0x65,0x6c,0x6f,0x63,0x61,0x6c,0xa2,0x64,0x68,0x61,0x73,0x68
	.byte 0xf6,0x6c,0x68,0x61,0x73,0x5f,0x63,0x68,0x69,0x6c,0x64,0x72,0x65,0x6e,0xf5,0x66
	.byte 0x73,0x79,0x73,0x74,0x65,0x6d,0xa2,0x64,0x68,0x61,0x73,0x68,0xf6,0x6c,0x68,0x61
	.byte 0x73,0x5f,0x63,0x68,0x69,0x6c,0x64,0x72,0x65,0x6e,0xf5,0x64,0x74,0x79,0x70,0x65
	.byte 0x73,0x73,0x79,0x73,0x74,0x65,0x6d,0x2f,0x74,0x72,0x65,0x65,0x2f,0x6c,0x69,0x73
	.byte 0x74,0x69,0x6e,0x67,0x6c,0x63,0x6f,0x6e,0x74,0x65,0x6e,0x74,0x5f,0x68,0x61,0x73
	.byte 0x68,0x58,0x21,0x00,0xcb,0xbf,0x46,0x9c,0x51,0x9c,0xad,0xac,0x24,0xc3,0xba,0x3b
	.byte 0x3b,0xd0,0xfa,0x0b,0x3f,0x64,0xdc,0x0d,0xef,0xc4,0x8a,0xa7,0x4e,0xa6,0x9f,0x0c
	.byte 0xef,0xe7,0x50,0x90
.Ltb201:
	.byte 0xa3,0x64,0x64,0x61,0x74,0x61,0xa3,0x64,0x6e,0x61,0x6d,0x65,0x67,0x63,0x6f,0x6e
	.byte 0x6e,0x65,0x63,0x74,0x67,0x70,0x61,0x74,0x74,0x65,0x72,0x6e,0x77,0x73,0x79,0x73
	.byte 0x74,0x65,0x6d,0x2f,0x70,0x72,0x6f,0x74,0x6f,0x63,0x6f,0x6c,0x2f,0x63,0x6f,0x6e
	.byte 0x6e,0x65,0x63,0x74,0x6a,0x6f,0x70,0x65,0x72,0x61,0x74,0x69,0x6f,0x6e,0x73,0xa2
	.byte 0x65,0x68,0x65,0x6c,0x6c,0x6f,0xa2,0x6a,0x69,0x6e,0x70,0x75,0x74,0x5f,0x74,0x79
	.byte 0x70,0x65,0x78,0x1d,0x73,0x79,0x73,0x74,0x65,0x6d,0x2f,0x70,0x72,0x6f,0x74,0x6f
	.byte 0x63,0x6f,0x6c,0x2f,0x63,0x6f,0x6e,0x6e,0x65,0x63,0x74,0x2f,0x68,0x65,0x6c,0x6c
	.byte 0x6f,0x6b,0x6f,0x75,0x74,0x70,0x75,0x74,0x5f,0x74,0x79,0x70,0x65,0x78,0x1d,0x73
	.byte 0x79,0x73,0x74,0x65,0x6d,0x2f,0x70,0x72,0x6f,0x74,0x6f,0x63,0x6f,0x6c,0x2f,0x63
	.byte 0x6f,0x6e,0x6e,0x65,0x63,0x74,0x2f,0x68,0x65,0x6c,0x6c,0x6f,0x6c,0x61,0x75,0x74
	.byte 0x68,0x65,0x6e,0x74,0x69,0x63,0x61,0x74,0x65,0xa2,0x6a,0x69,0x6e,0x70,0x75,0x74
	.byte 0x5f,0x74,0x79,0x70,0x65,0x78,0x24,0x73,0x79,0x73,0x74,0x65,0x6d,0x2f,0x70,0x72
	.byte 0x6f,0x74,0x6f,0x63,0x6f,0x6c,0x2f,0x63,0x6f,0x6e,0x6e,0x65,0x63,0x74,0x2f,0x61
	.byte 0x75,0x74,0x68,0x65,0x6e,0x74,0x69,0x63,0x61,0x74,0x65,0x6b,0x6f,0x75,0x74,0x70
	.byte 0x75,0x74,0x5f,0x74,0x79,0x70,0x65,0x77,0x73,0x79,0x73,0x74,0x65,0x6d,0x2f,0x63
	.byte 0x61,0x70,0x61,0x62,0x69,0x6c,0x69,0x74,0x79,0x2f,0x67,0x72,0x61,0x6e,0x74,0x64
	.byte 0x74,0x79,0x70,0x65,0x78,0x18,0x73,0x79,0x73,0x74,0x65,0x6d,0x2f,0x68,0x61,0x6e
	.byte 0x64,0x6c,0x65,0x72,0x2f,0x69,0x6e,0x74,0x65,0x72,0x66,0x61,0x63,0x65,0x6c,0x63
	.byte 0x6f,0x6e,0x74,0x65,0x6e,0x74,0x5f,0x68,0x61,0x73,0x68,0x58,0x21,0x00,0x79,0xcb
	.byte 0x48,0x48,0xa2,0x0a,0xf3,0xbb,0x7d,0x6a,0x7e,0x3e,0x53,0x0b,0x74,0xcd,0xbe,0x81
	.byte 0xd7,0x69,0x16,0xa3,0xa7,0xb1,0x91,0xd1,0x95,0x1b,0x16,0x54,0x4c,0xc6
.Ltb202:
	.byte 0xa3,0x64,0x64,0x61,0x74,0x61,0xa3,0x64,0x6e,0x61,0x6d,0x65,0x64,0x74,0x72,0x65
	.byte 0x65,0x67,0x70,0x61,0x74,0x74,0x65,0x72,0x6e,0x6b,0x73,0x79,0x73,0x74,0x65,0x6d
	.byte 0x2f,0x74,0x72,0x65,0x65,0x6a,0x6f,0x70,0x65,0x72,0x61,0x74,0x69,0x6f,0x6e,0x73
	.byte 0xa6,0x63,0x67,0x65,0x74,0xa1,0x6a,0x69,0x6e,0x70,0x75,0x74,0x5f,0x74,0x79,0x70
	.byte 0x65,0x77,0x73,0x79,0x73,0x74,0x65,0x6d,0x2f,0x74,0x72,0x65,0x65,0x2f,0x67,0x65
	.byte 0x74,0x2d,0x72,0x65,0x71,0x75,0x65,0x73,0x74,0x63,0x70,0x75,0x74,0xa1,0x6a,0x69
	.byte 0x6e,0x70,0x75,0x74,0x5f,0x74,0x79,0x70,0x65,0x77,0x73,0x79,0x73,0x74,0x65,0x6d
	.byte 0x2f,0x74,0x72,0x65,0x65,0x2f,0x70,0x75,0x74,0x2d,0x72,0x65,0x71,0x75,0x65,0x73
	.byte 0x74,0x64,0x64,0x69,0x66,0x66,0xa2,0x6a,0x69,0x6e,0x70,0x75,0x74,0x5f,0x74,0x79
	.byte 0x70,0x65,0x78,0x18,0x73,0x79,0x73,0x74,0x65,0x6d,0x2f,0x74,0x72,0x65,0x65,0x2f
	.byte 0x64,0x69,0x66,0x66,0x2d,0x72,0x65,0x71,0x75,0x65,0x73,0x74,0x6b,0x6f,0x75,0x74
	.byte 0x70,0x75,0x74,0x5f,0x74,0x79,0x70,0x65,0x70,0x73,0x79,0x73,0x74,0x65,0x6d,0x2f
	.byte 0x74,0x72,0x65,0x65,0x2f,0x64,0x69,0x66,0x66,0x65,0x6d,0x65,0x72,0x67,0x65,0xa2
	.byte 0x6a,0x69,0x6e,0x70,0x75,0x74,0x5f,0x74,0x79,0x70,0x65,0x78,0x19,0x73,0x79,0x73
	.byte 0x74,0x65,0x6d,0x2f,0x74,0x72,0x65,0x65,0x2f,0x6d,0x65,0x72,0x67,0x65,0x2d,0x72
	.byte 0x65,0x71,0x75,0x65,0x73,0x74,0x6b,0x6f,0x75,0x74,0x70,0x75,0x74,0x5f,0x74,0x79
	.byte 0x70,0x65,0x78,0x18,0x73,0x79,0x73,0x74,0x65,0x6d,0x2f,0x74,0x72,0x65,0x65,0x2f
	.byte 0x6d,0x65,0x72,0x67,0x65,0x2d,0x72,0x65,0x73,0x75,0x6c,0x74,0x67,0x65,0x78,0x74
	.byte 0x72,0x61,0x63,0x74,0xa2,0x6a,0x69,0x6e,0x70,0x75,0x74,0x5f,0x74,0x79,0x70,0x65
	.byte 0x78,0x1b,0x73,0x79,0x73,0x74,0x65,0x6d,0x2f,0x74,0x72,0x65,0x65,0x2f,0x65,0x78
	.byte 0x74,0x72,0x61,0x63,0x74,0x2d,0x72,0x65,0x71,0x75,0x65,0x73,0x74,0x6b,0x6f,0x75
	.byte 0x74,0x70,0x75,0x74,0x5f,0x74,0x79,0x70,0x65,0x6f,0x73,0x79,0x73,0x74,0x65,0x6d
	.byte 0x2f,0x65,0x6e,0x76,0x65,0x6c,0x6f,0x70,0x65,0x68,0x73,0x6e,0x61,0x70,0x73,0x68
	.byte 0x6f,0x74,0xa2,0x6a,0x69,0x6e,0x70,0x75,0x74,0x5f,0x74,0x79,0x70,0x65,0x78,0x1c
	.byte 0x73,0x79,0x73,0x74,0x65,0x6d,0x2f,0x74,0x72,0x65,0x65,0x2f,0x73,0x6e,0x61,0x70
	.byte 0x73,0x68,0x6f,0x74,0x2d,0x72,0x65,0x71,0x75,0x65,0x73,0x74,0x6b,0x6f,0x75,0x74
	.byte 0x70,0x75,0x74,0x5f,0x74,0x79,0x70,0x65,0x74,0x73,0x79,0x73,0x74,0x65,0x6d,0x2f
	.byte 0x74,0x72,0x65,0x65,0x2f,0x73,0x6e,0x61,0x70,0x73,0x68,0x6f,0x74,0x64,0x74,0x79
	.byte 0x70,0x65,0x78,0x18,0x73,0x79,0x73,0x74,0x65,0x6d,0x2f,0x68,0x61,0x6e,0x64,0x6c
	.byte 0x65,0x72,0x2f,0x69,0x6e,0x74,0x65,0x72,0x66,0x61,0x63,0x65,0x6c,0x63,0x6f,0x6e
	.byte 0x74,0x65,0x6e,0x74,0x5f,0x68,0x61,0x73,0x68,0x58,0x21,0x00,0xb6,0xb9,0xbe,0x3d
	.byte 0x30,0xb6,0xa9,0xb1,0xbb,0x12,0x33,0xde,0x9e,0x9d,0x72,0x79,0x55,0x66,0x22,0x68
	.byte 0xdb,0x26,0xd8,0xf3,0x6a,0x0b,0xf5,0xe6,0xc7,0x44,0x7c,0x08
.Ltb203:
	.byte 0xa3,0x64,0x64,0x61,0x74,0x61,0xa3,0x64,0x6e,0x61,0x6d,0x65,0x6a,0x63,0x61,0x70
	.byte 0x61,0x62,0x69,0x6c,0x69,0x74,0x79,0x67,0x70,0x61,0x74,0x74,0x65,0x72,0x6e,0x71
	.byte 0x73,0x79,0x73,0x74,0x65,0x6d,0x2f,0x63,0x61,0x70,0x61,0x62,0x69,0x6c,0x69,0x74
	.byte 0x79,0x6a,0x6f,0x70,0x65,0x72,0x61,0x74,0x69,0x6f,0x6e,0x73,0xa4,0x66,0x72,0x65
	.byte 0x76,0x6f,0x6b,0x65,0xa1,0x6a,0x69,0x6e,0x70,0x75,0x74,0x5f,0x74,0x79,0x70,0x65
	.byte 0x78,0x20,0x73,0x79,0x73,0x74,0x65,0x6d,0x2f,0x63,0x61,0x70,0x61,0x62,0x69,0x6c
	.byte 0x69,0x74,0x79,0x2f,0x72,0x65,0x76,0x6f,0x6b,0x65,0x2d,0x72,0x65,0x71,0x75,0x65
	.byte 0x73,0x74,0x67,0x72,0x65,0x71,0x75,0x65,0x73,0x74,0xa2,0x6a,0x69,0x6e,0x70,0x75
	.byte 0x74,0x5f,0x74,0x79,0x70,0x65,0x78,0x19,0x73,0x79,0x73,0x74,0x65,0x6d,0x2f,0x63
	.byte 0x61,0x70,0x61,0x62,0x69,0x6c,0x69,0x74,0x79,0x2f,0x72,0x65,0x71,0x75,0x65,0x73
	.byte 0x74,0x6b,0x6f,0x75,0x74,0x70,0x75,0x74,0x5f,0x74,0x79,0x70,0x65,0x77,0x73,0x79
	.byte 0x73,0x74,0x65,0x6d,0x2f,0x63,0x61,0x70,0x61,0x62,0x69,0x6c,0x69,0x74,0x79,0x2f
	.byte 0x67,0x72,0x61,0x6e,0x74,0x68,0x64,0x65,0x6c,0x65,0x67,0x61,0x74,0x65,0xa2,0x6a
	.byte 0x69,0x6e,0x70,0x75,0x74,0x5f,0x74,0x79,0x70,0x65,0x78,0x22,0x73,0x79,0x73,0x74
	.byte 0x65,0x6d,0x2f,0x63,0x61,0x70,0x61,0x62,0x69,0x6c,0x69,0x74,0x79,0x2f,0x64,0x65
	.byte 0x6c,0x65,0x67,0x61,0x74,0x65,0x2d,0x72,0x65,0x71,0x75,0x65,0x73,0x74,0x6b,0x6f
	.byte 0x75,0x74,0x70,0x75,0x74,0x5f,0x74,0x79,0x70,0x65,0x77,0x73,0x79,0x73,0x74,0x65
	.byte 0x6d,0x2f,0x63,0x61,0x70,0x61,0x62,0x69,0x6c,0x69,0x74,0x79,0x2f,0x67,0x72,0x61
	.byte 0x6e,0x74,0x69,0x63,0x6f,0x6e,0x66,0x69,0x67,0x75,0x72,0x65,0xa1,0x6a,0x69,0x6e
	.byte 0x70,0x75,0x74,0x5f,0x74,0x79,0x70,0x65,0x78,0x1e,0x73,0x79,0x73,0x74,0x65,0x6d
	.byte 0x2f,0x63,0x61,0x70,0x61,0x62,0x69,0x6c,0x69,0x74,0x79,0x2f,0x70,0x6f,0x6c,0x69
	.byte 0x63,0x79,0x2d,0x65,0x6e,0x74,0x72,0x79,0x64,0x74,0x79,0x70,0x65,0x78,0x18,0x73
	.byte 0x79,0x73,0x74,0x65,0x6d,0x2f,0x68,0x61,0x6e,0x64,0x6c,0x65,0x72,0x2f,0x69,0x6e
	.byte 0x74,0x65,0x72,0x66,0x61,0x63,0x65,0x6c,0x63,0x6f,0x6e,0x74,0x65,0x6e,0x74,0x5f
	.byte 0x68,0x61,0x73,0x68,0x58,0x21,0x00,0x24,0x8b,0xc1,0xed,0x02,0xe1,0x5e,0x39,0xd9
	.byte 0x70,0xb6,0x08,0x6a,0x27,0xb6,0x9c,0x43,0x69,0x1a,0xa6,0x43,0x04,0x44,0xd7,0x9e
	.byte 0x78,0x67,0xa5,0x01,0x94,0x67,0x86

	.balign 8
type_table:
	.quad .Ltp0, 12, .Ltb0, 391
	.quad .Ltp1, 25, .Ltb1, 352
	.quad .Ltp2, 30, .Ltb2, 189
	.quad .Ltp3, 27, .Ltb3, 208
	.quad .Ltp4, 27, .Ltb4, 186
	.quad .Ltp5, 29, .Ltb5, 179
	.quad .Ltp6, 25, .Ltb6, 249
	.quad .Ltp7, 25, .Ltb7, 160
	.quad .Ltp8, 22, .Ltb8, 192
	.quad .Ltp9, 25, .Ltb9, 155
	.quad .Ltp10, 26, .Ltb10, 171
	.quad .Ltp11, 26, .Ltb11, 128
	.quad .Ltp12, 23, .Ltb12, 167
	.quad .Ltp13, 27, .Ltb13, 131
	.quad .Ltp14, 25, .Ltb14, 194
	.quad .Ltp15, 31, .Ltb15, 218
	.quad .Ltp16, 32, .Ltb16, 138
	.quad .Ltp17, 31, .Ltb17, 181
	.quad .Ltp18, 32, .Ltb18, 169
	.quad .Ltp19, 26, .Ltb19, 163
	.quad .Ltp20, 25, .Ltb20, 156
	.quad .Ltp21, 23, .Ltb21, 193
	.quad .Ltp22, 25, .Ltb22, 196
	.quad .Ltp23, 18, .Ltb23, 153
	.quad .Ltp24, 25, .Ltb24, 91
	.quad .Ltp25, 26, .Ltb25, 92
	.quad .Ltp26, 27, .Ltb26, 93
	.quad .Ltp27, 27, .Ltb27, 93
	.quad .Ltp28, 25, .Ltb28, 91
	.quad .Ltp29, 26, .Ltb29, 92
	.quad .Ltp30, 28, .Ltb30, 94
	.quad .Ltp31, 26, .Ltb31, 92
	.quad .Ltp32, 25, .Ltb32, 383
	.quad .Ltp33, 46, .Ltb33, 250
	.quad .Ltp34, 48, .Ltb34, 282
	.quad .Ltp35, 35, .Ltb35, 137
	.quad .Ltp36, 41, .Ltb36, 425
	.quad .Ltp37, 38, .Ltb37, 213
	.quad .Ltp38, 43, .Ltb38, 193
	.quad .Ltp39, 40, .Ltb39, 215
	.quad .Ltp40, 42, .Ltb40, 300
	.quad .Ltp41, 37, .Ltb41, 212
	.quad .Ltp42, 40, .Ltb42, 223
	.quad .Ltp43, 44, .Ltb43, 191
	.quad .Ltp44, 35, .Ltb44, 584
	.quad .Ltp45, 39, .Ltb45, 166
	.quad .Ltp46, 39, .Ltb46, 147
	.quad .Ltp47, 31, .Ltb47, 232
	.quad .Ltp48, 28, .Ltb48, 196
	.quad .Ltp49, 32, .Ltb49, 139
	.quad .Ltp50, 30, .Ltb50, 326
	.quad .Ltp51, 29, .Ltb51, 172
	.quad .Ltp52, 34, .Ltb52, 136
	.quad .Ltp53, 31, .Ltb53, 146
	.quad .Ltp54, 38, .Ltb54, 171
	.quad .Ltp55, 36, .Ltb55, 199
	.quad .Ltp56, 42, .Ltb56, 166
	.quad .Ltp57, 41, .Ltb57, 238
	.quad .Ltp58, 35, .Ltb58, 167
	.quad .Ltp59, 40, .Ltb59, 231
	.quad .Ltp60, 37, .Ltb60, 172
	.quad .Ltp61, 35, .Ltb61, 409
	.quad .Ltp62, 31, .Ltb62, 250
	.quad .Ltp63, 32, .Ltb63, 140
	.quad .Ltp64, 37, .Ltb64, 316
	.quad .Ltp65, 31, .Ltb65, 655
	.quad .Ltp66, 47, .Ltb66, 114
	.quad .Ltp67, 47, .Ltb67, 205
	.quad .Ltp68, 46, .Ltb68, 153
	.quad .Ltp69, 36, .Ltb69, 642
	.quad .Ltp70, 46, .Ltb70, 259
	.quad .Ltp71, 41, .Ltb71, 436
	.quad .Ltp72, 41, .Ltb72, 452
	.quad .Ltp73, 44, .Ltb73, 543
	.quad .Ltp74, 34, .Ltb74, 100
	.quad .Ltp75, 32, .Ltb75, 174
	.quad .Ltp76, 45, .Ltb76, 194
	.quad .Ltp77, 50, .Ltb77, 199
	.quad .Ltp78, 38, .Ltb78, 365
	.quad .Ltp79, 37, .Ltb79, 253
	.quad .Ltp80, 43, .Ltb80, 264
	.quad .Ltp81, 41, .Ltb81, 200
	.quad .Ltp82, 40, .Ltb82, 235
	.quad .Ltp83, 43, .Ltb83, 211
	.quad .Ltp84, 37, .Ltb84, 190
	.quad .Ltp85, 36, .Ltb85, 369
	.quad .Ltp86, 28, .Ltb86, 626
	.quad .Ltp87, 36, .Ltb87, 369
	.quad .Ltp88, 37, .Ltb88, 217
	.quad .Ltp89, 40, .Ltb89, 300
	.quad .Ltp90, 40, .Ltb90, 309
	.quad .Ltp91, 40, .Ltb91, 222
	.quad .Ltp92, 41, .Ltb92, 310
	.quad .Ltp93, 27, .Ltb93, 115
	.quad .Ltp94, 26, .Ltb94, 337
	.quad .Ltp95, 36, .Ltb95, 238
	.quad .Ltp96, 35, .Ltb96, 470
	.quad .Ltp97, 41, .Ltb97, 213
	.quad .Ltp98, 43, .Ltb98, 284
	.quad .Ltp99, 42, .Ltb99, 192
	.quad .Ltp100, 23, .Ltb100, 229
	.quad .Ltp101, 23, .Ltb101, 162
	.quad .Ltp102, 23, .Ltb102, 203
	.quad .Ltp103, 26, .Ltb103, 117
	.quad .Ltp104, 35, .Ltb104, 213
	.quad .Ltp105, 41, .Ltb105, 218
	.quad .Ltp106, 38, .Ltb106, 289
	.quad .Ltp107, 43, .Ltb107, 621
	.quad .Ltp108, 48, .Ltb108, 261
	.quad .Ltp109, 41, .Ltb109, 497
	.quad .Ltp110, 36, .Ltb110, 125
	.quad .Ltp111, 33, .Ltb111, 232
	.quad .Ltp112, 35, .Ltb112, 593
	.quad .Ltp113, 44, .Ltb113, 275
	.quad .Ltp114, 42, .Ltb114, 225
	.quad .Ltp115, 46, .Ltb115, 311
	.quad .Ltp116, 43, .Ltb116, 218
	.quad .Ltp117, 35, .Ltb117, 152
	.quad .Ltp118, 36, .Ltb118, 217
	.quad .Ltp119, 35, .Ltb119, 602
	.quad .Ltp120, 40, .Ltb120, 224
	.quad .Ltp121, 37, .Ltb121, 193
	.quad .Ltp122, 30, .Ltb122, 205
	.quad .Ltp123, 31, .Ltb123, 261
	.quad .Ltp124, 35, .Ltb124, 485
	.quad .Ltp125, 42, .Ltb125, 203
	.quad .Ltp126, 52, .Ltb126, 169
	.quad .Ltp127, 41, .Ltb127, 304
	.quad .Ltp128, 45, .Ltb128, 247
	.quad .Ltp129, 51, .Ltb129, 294
	.quad .Ltp130, 50, .Ltb130, 160
	.quad .Ltp131, 49, .Ltb131, 298
	.quad .Ltp132, 51, .Ltb132, 175
	.quad .Ltp133, 50, .Ltb133, 192
	.quad .Ltp134, 53, .Ltb134, 160
	.quad .Ltp135, 64, .Ltb135, 214
	.quad .Ltp136, 40, .Ltb136, 231
	.quad .Ltp137, 44, .Ltb137, 360
	.quad .Ltp138, 41, .Ltb138, 277
	.quad .Ltp139, 42, .Ltb139, 439
	.quad .Ltp140, 45, .Ltb140, 525
	.quad .Ltp141, 43, .Ltb141, 198
	.quad .Ltp142, 48, .Ltb142, 353
	.quad .Ltp143, 43, .Ltb143, 459
	.quad .Ltp144, 38, .Ltb144, 223
	.quad .Ltp145, 42, .Ltb145, 196
	.quad .Ltp146, 34, .Ltb146, 340
	.quad .Ltp147, 41, .Ltb147, 276
	.quad .Ltp148, 40, .Ltb148, 320
	.quad .Ltp149, 39, .Ltb149, 239
	.quad .Ltp150, 37, .Ltb150, 230
	.quad .Ltp151, 36, .Ltb151, 216
	.quad .Ltp152, 35, .Ltb152, 259
	.quad .Ltp153, 36, .Ltb153, 263
	.quad .Ltp154, 34, .Ltb154, 251
	.quad .Ltp155, 24, .Ltb155, 292
	.quad .Ltp156, 28, .Ltb156, 233
	.quad .Ltp157, 31, .Ltb157, 531
	.quad .Ltp158, 38, .Ltb158, 156
	.quad .Ltp159, 38, .Ltb159, 311
	.quad .Ltp160, 40, .Ltb160, 282
	.quad .Ltp161, 39, .Ltb161, 352
	.quad .Ltp162, 38, .Ltb162, 412
	.quad .Ltp163, 47, .Ltb163, 440
	.quad .Ltp164, 36, .Ltb164, 473
	.quad .Ltp165, 41, .Ltb165, 185
	.quad .Ltp166, 35, .Ltb166, 279
	.quad .Ltp167, 31, .Ltb167, 295
	.quad .Ltp168, 37, .Ltb168, 187
	.quad .Ltp169, 28, .Ltb169, 119
	.quad .Ltp170, 35, .Ltb170, 239
	.quad .Ltp171, 23, .Ltb171, 400
	.quad .Ltp172, 37, .Ltb172, 199
	.quad .Ltp173, 39, .Ltb173, 182
	.quad .Ltp174, 38, .Ltb174, 412
	.quad .Ltp175, 44, .Ltb175, 725
	.quad .Ltp176, 42, .Ltb176, 365
	.quad .Ltp177, 41, .Ltb177, 150
	.quad .Ltp178, 38, .Ltb178, 143
	.quad .Ltp179, 44, .Ltb179, 154
	.quad .Ltp180, 45, .Ltb180, 156
	.quad .Ltp181, 38, .Ltb181, 143
	.quad .Ltp182, 44, .Ltb182, 154
	.quad .Ltp183, 45, .Ltb183, 156
	.quad .Ltp184, 45, .Ltb184, 161
	.quad .Ltp185, 41, .Ltb185, 157
	.quad .Ltp186, 42, .Ltb186, 152
	.quad .Ltp187, 47, .Ltb187, 157
	.quad .Ltp188, 51, .Ltb188, 239
	.quad .Ltp189, 50, .Ltb189, 200
	.quad .Ltp190, 40, .Ltb190, 163
	.quad .Ltp191, 40, .Ltb191, 309
	.quad .Ltp192, 45, .Ltb192, 260
	.quad .Ltp193, 34, .Ltb193, 652
	.quad .Ltp194, 28, .Ltb194, 119
	.quad .Ltp195, 41, .Ltb195, 335
	.quad .Ltp196, 40, .Ltb196, 452
	.quad .Ltp197, 40, .Ltb197, 191
	.quad .Ltp198, 39, .Ltb198, 274
	.quad .Ltp199, 33, .Ltb199, 407
	.quad .Ltp200, 15, .Ltb200, 180
	.quad .Ltp201, 38, .Ltb201, 334
	.quad .Ltp202, 26, .Ltb202, 524
	.quad .Ltp203, 32, .Ltb203, 423
type_table_count: .quad 204

	.section .note.GNU-stack,"",@progbits
